=== Input: INPUT/input_random_10^4.dat  (N=9999) ===

Vetor original:
4849
964
1869
980
2929
4357
9166
4595
530
8226
2149
3655
4416
7510
2081
7244
7545
3320
3824
2337
7547
7731
9628
3868
1954
4237
2739
8382
1361
3709
6233
4424
5497
6205
4978
4020
3162
82
8559
9693
7676
8378
3931
4748
5027
3768
7794
2185
4409
5203
7350
8683
9799
6769
96
4677
2273
2898
2160
8987
6444
6993
2442
7340
9858
1332
3681
1033
7795
7606
8808
8952
1388
3131
3856
138
4531
213
4819
7636
6337
5389
7520
8261
4200
288
1748
8735
2788
8315
9976
1532
2351
646
466
7563
9493
7349
2011
7896
780
5741
2763
6934
5209
4302
2641
645
4215
4249
4634
719
4583
705
2835
5574
5705
6104
7363
5145
1953
8621
3844
9037
633
9427
3482
2321
7321
5049
869
2317
6219
6849
2024
3730
3467
9419
5698
4524
8906
6211
9623
9597
7754
7899
9596
367
9555
8380
647
9486
9345
5151
3247
3941
9833
5096
3352
7392
8513
735
4727
9162
8896
5272
9442
4353
781
6946
4571
9322
7855
3087
8303
7811
3652
6269
1064
5688
3503
2153
969
626
7449
1044
9289
9057
7496
8954
750
8505
9789
3512
9100
6512
2687
4448
2755
6931
2598
8946
5419
9454
1762
4315
9102
2553
8610
6708
2608
9151
2694
5868
1390
3055
8407
4000
3993
8224
2421
8769
9746
895
5774
7879
7746
3456
6161
2368
5150
5630
4453
4801
3972
6870
5589
6964
5663
4469
8768
6897
3935
9461
2280
3600
9355
1337
700
1191
8167
1195
9510
2511
2087
9784
2621
1538
864
6251
7925
2919
2959
8756
5137
2586
433
7490
3602
4757
9233
957
410
2129
1685
7150
8114
4552
9240
5249
5064
2887
4566
439
4921
4261
8194
2230
9117
1763
3160
2658
3915
3030
4655
6987
1237
2670
384
9024
8294
4112
8639
1170
1817
7178
4086
3384
1766
6884
9036
9665
3005
7718
9302
9332
5184
8101
3649
1784
7524
9609
3228
3591
3472
7766
108
4724
1346
821
8019
2777
7539
1795
7566
6777
5905
4875
4528
973
4561
4892
7781
2534
7488
3832
7099
2916
9896
5408
5888
9034
8985
2630
8586
87
5882
455
9063
8654
9196
594
1905
1369
5673
1374
224
3900
3677
2298
5756
9542
9954
1392
2200
7451
3604
7030
7191
732
9047
8582
6724
258
6969
8915
1786
9947
5343
1371
4445
7850
8864
7714
3911
7594
4354
8102
6537
5925
1624
3827
1598
112
541
423
7875
473
5163
9641
5381
2402
5984
380
6068
1395
6874
7531
6611
1464
3929
951
3405
5593
2231
2982
9453
3318
7813
8997
6142
3486
5527
2999
5342
6757
3265
9990
6381
6526
3266
1813
1489
2792
2465
9465
8182
8103
434
6994
8552
1267
8715
3918
2850
6597
1100
6099
7941
1018
484
5721
49
9487
5487
1527
8278
8691
5117
8478
6538
1909
1214
5011
39
9372
7852
1872
3219
3399
2109
447
4503
2813
1805
3747
8583
2327
6520
6813
8126
986
6121
4266
3967
1646
3635
7018
2320
1572
9103
5962
7034
8125
7753
2805
636
287
3150
7318
6197
4811
6483
6590
1648
4366
1312
7400
3294
9677
630
4708
9806
5833
1203
9927
1073
6160
5167
7147
5795
6437
5864
2345
5648
4365
3698
9961
8950
4633
704
2552
4735
8951
9611
2605
4296
2529
5644
7185
2269
5306
6533
8377
2591
329
2487
7211
83
5635
103
316
5431
7236
8497
2706
3413
4348
4521
7108
2721
8055
938
849
3547
546
1011
9886
4404
2228
2585
6223
1852
4812
6847
22
1917
7980
4193
770
6471
4369
1171
4238
3229
452
9715
4186
9375
365
6247
4263
8163
4206
7568
2420
5148
7464
3355
292
3438
5812
9049
6844
5668
3142
6425
1290
8193
1128
4614
6543
6372
6620
945
5999
74
6215
2984
2049
5280
6087
4725
7565
8076
9579
4048
8518
2112
853
3942
3166
1993
6079
5643
4603
5946
3182
6663
2698
9324
4776
3812
1927
9805
9655
4027
48
6256
9398
2990
6184
3306
9080
1963
2009
3420
1058
8588
5481
230
5704
4515
8774
8410
9173
7016
9750
658
2728
5034
9531
2241
7253
1995
8337
7160
4485
5931
2843
5848
1040
8160
9870
5191
2649
7853
7943
1573
5622
1384
722
1513
6118
356
6878
4401
2600
3735
7728
111
4389
4829
9593
993
5821
2452
4333
7623
2376
6800
847
8737
229
4625
3335
4332
3118
2468
2292
6796
8733
8462
6828
5422
7351
440
5428
4604
5735
1391
2976
2677
8392
990
3755
4653
802
2888
3749
6654
4287
9687
6929
5752
5118
1341
1360
75
7235
7214
1449
2513
1639
9422
1034
9786
2384
4609
7300
9956
8912
3300
3344
9594
7134
8439
7194
5607
718
7369
467
5996
9394
6718
1961
61
623
9718
2233
9319
9903
5886
1728
4857
402
3611
4589
6918
7642
8560
3436
9889
1960
3717
8240
2816
6462
7284
9305
445
4743
8577
7379
6810
3968
3029
9099
3509
2251
6270
8374
8770
1265
9787
3200
5513
3571
3980
2906
4505
4119
2218
192
4882
5304
7305
7493
7219
3232
943
3067
8362
2963
6504
7592
6081
7329
1111
8914
8304
7674
6770
1212
5806
2624
8626
7628
4689
789
9570
8174
9110
6359
9549
9070
1105
2594
3447
1350
9726
7455
5896
477
4282
6473
5496
8423
4014
8694
4110
2103
539
8740
3149
4312
1547
3435
3683
6922
5734
2396
7779
1144
9624
3657
9627
3364
6818
7167
570
892
7665
7538
8002
2432
2933
9499
6125
769
5645
95
2462
3086
4132
9844
1768
5793
7681
6306
742
7654
2143
5915
8435
9048
4715
8301
5014
4054
7179
8696
9106
4084
7418
5321
7233
9216
7040
3751
5732
2431
2853
3190
5020
25
1919
2808
6893
8748
4481
7892
281
9936
1248
3650
4191
5275
8443
4429
1317
5651
7262
1253
8129
3170
4322
9725
7014
8944
596
260
6858
7511
8646
2059
579
3313
502
2715
6713
2518
2684
6443
785
343
2713
6997
7652
8650
876
2921
4906
1793
6495
8788
9005
8329
3049
387
204
748
9846
9534
4390
7217
8162
3944
1987
3369
1544
8320
3821
8484
9393
9997
7929
6459
953
4512
1241
6012
4117
6302
2063
2128
2144
1067
8932
8283
6324
2904
1672
8820
1272
1854
7747
3159
8787
2492
3731
9130
2229
1483
3360
7079
4864
8511
6060
5640
4093
9893
4329
4852
1824
2620
6910
8214
5980
5207
7064
5987
6985
9972
3209
5281
6961
8597
3011
2909
5918
7861
9318
383
3339
8522
5867
8461
8803
1366
7203
3963
319
1892
7831
7492
7020
8598
1499
2744
4912
5817
6719
431
2702
485
9437
2425
451
2245
6307
5847
4360
3302
688
4664
5416
6581
6043
5505
9407
8491
2974
5526
4874
6172
4933
7098
322
3181
4472
9492
6699
332
328
7094
6431
8360
201
2539
7308
5683
9768
2027
5986
7105
9248
1982
1320
2601
587
8168
6559
7377
6558
1529
7590
6010
5750
6382
5279
2587
5938
2822
9583
6518
5454
4549
9479
9280
8391
7739
9075
1091
1173
8487
2742
8314
656
4741
9367
9774
8576
3705
870
9153
5247
8910
6548
4374
2612
923
1450
8868
3950
195
4690
2115
6193
261
2057
8411
8956
3201
1734
6295
6930
9708
8779
2032
9619
8857
3387
1974
6739
10000
7302
8890
9342
2219
3523
8991
1487
1134
1376
6224
3599
5190
1827
6915
2524
5128
3428
9174
4630
1117
7238
4575
5181
6341
9235
6042
1433
6608
8799
3788
9092
7931
6665
6218
3557
6501
9338
9877
6935
1154
9089
7366
3810
9865
7890
1009
6036
9237
1935
4130
4216
3251
5160
3103
915
1984
5215
740
8089
9296
3986
5475
5007
5618
711
1900
7976
5967
5213
2
1979
5499
9346
6821
3904
9980
2031
6908
7767
720
4393
5482
9603
6912
9501
9669
5825
1621
8854
1298
8128
3501
9738
1309
1197
1446
5140
52
7164
9699
1149
8457
9962
5674
6513
1328
1717
3230
9471
7347
9051
9739
6026
8849
2723
1020
9231
6783
6308
4974
5066
2427
2700
9728
9744
7857
5030
6500
6871
1006
4304
7958
9658
8920
284
2695
5169
9964
8925
6304
114
2981
7133
1252
9571
9299
1052
6932
2625
9290
8935
9756
836
3443
6804
2786
6086
1355
6468
9524
4760
2776
1261
8655
3010
443
6467
6676
1915
8603
4966
2818
1263
4247
818
1051
8354
5638
7898
960
9988
4905
5842
8743
8020
9909
8373
690
7423
6593
1218
9382
3340
9779
5670
4688
9569
142
1474
9752
4229
6868
1846
1816
7635
3853
6594
4292
8742
9727
4279
3588
8648
8132
7949
5472
8145
6298
3907
2978
1992
7163
2781
7629
6155
4270
9740
9078
2579
873
6110
84
1888
6254
6580
5664
6222
5349
4376
1466
8110
420
7357
9181
5046
6573
1541
619
4437
7934
4607
9065
3530
3254
7323
8927
6398
4222
6920
7376
1013
9147
673
7911
677
3003
3838
7296
5387
40
9820
8679
1457
3078
1895
2857
3638
9543
7841
3480
8324
2457
9814
9119
453
2236
7110
1269
5831
3322
7181
2623
6188
9484
5914
7972
1823
1444
8962
5860
7124
6226
2283
2325
8592
7745
9068
9077
5937
641
1981
3693
5324
299
970
9581
5286
3197
1536
2056
6860
8923
6700
6793
5234
7264
3301
4212
6124
4942
4870
6400
5941
6820
8501
3156
2205
9112
4176
9701
1976
3558
1767
9642
6795
5417
2356
8804
7279
7497
8797
7930
1798
5844
3368
2882
9098
8066
5959
2526
8548
9734
2834
4676
3058
7222
9659
573
2889
4816
8719
9387
7298
3128
907
8346
3820
8686
5742
9790
7908
6752
222
50
5859
6653
5399
7141
9379
8166
8302
6841
7297
5561
4944
3466
5093
7024
803
8440
7978
7118
1889
8979
3794
921
1611
8186
1452
1278
6130
8203
6189
4351
3168
5866
7856
822
2551
9279
1210
2175
3773
7162
3966
1147
763
5225
6584
5754
7165
5802
6329
5580
175
7401
1553
406
6879
7821
5884
1590
6022
2508
2617
4361
2435
1471
8245
2852
1814
9491
5108
5551
9205
1695
3716
4883
3350
190
2757
9661
5814
4990
6103
5185
778
7385
90
741
2250
1125
203
1135
6965
4496
9462
6854
7173
8829
7888
9602
6673
8077
1101
5334
7258
3349
5519
7516
1670
7509
9306
6621
2041
8888
9234
2053
1225
5544
5541
4578
7106
7743
5727
1552
5801
7729
4088
128
2536
4052
1706
117
9649
4537
9839
4252
2752
2412
1126
6083
7780
2142
2140
5309
8747
9588
908
4155
8006
9625
9520
8018
6277
8891
5009
9457
9126
8982
4856
900
6906
8858
7
3481
6632
9244
3782
3243
6330
7961
859
6291
4922
5351
9887
7096
2762
8939
8766
8883
2719
2637
3659
3761
7058
5081
8449
5590
7215
2023
3995
9081
5312
6058
6771
4433
5211
8845
1676
1796
3132
303
6556
9298
4585
1545
9247
4719
1349
535
1714
3097
7142
4286
8578
4737
7046
4567
2870
8668
6405
9905
948
4276
9553
3425
4793
8701
1038
7032
6971
2607
2912
6650
7742
371
9141
996
5421
9221
5352
6845
5227
5658
158
624
9466
3661
5424
2344
1447
5525
2120
667
4439
290
8444
4685
7946
206
4722
6446
2240
3653
1970
5092
2235
8237
9729
7435
3314
7205
3660
3487
9232
9229
3541
5642
5652
6317
4343
5019
1903
7271
1708
5099
9509
1612
8596
1182
4264
2348
171
5327
2026
9607
8934
8567
4925
7608
9027
5156
3854
3511
7764
3814
4003
6637
1015
3237
8286
4573
6288
5804
4139
1517
2069
9261
3022
269
7599
4497
6128
5045
2897
2080
8404
4255
1991
5288
6280
6129
3787
2353
6942
1226
1377
2398
3707
37
809
8904
6567
2628
2986
1957
7042
1928
6869
1106
4115
5872
7292
6143
8433
8316
7008
326
7486
6339
5900
4937
6851
2733
910
5251
5265
4190
2399
6612
7986
9551
8185
7077
9150
1890
3316
5534
2692
716
2847
4311
6375
1001
9948
5467
2121
6812
560
7313
9712
7360
9933
9137
5699
7156
515
6976
5256
7952
7206
2445
8399
2831
6615
9076
775
9186
6587
8825
6596
721
513
1108
7478
8495
8993
5291
8477
1659
8288
8886
8405
6720
9676
8273
234
3047
600
6485
1289
8983
9
88
4682
7791
7409
8948
6489
4679
5853
1276
5564
3894
1357
7465
399
5851
1688
7208
1689
3947
762
3414
4959
6109
2268
4544
6604
9630
6887
799
1930
8634
2512
7886
8287
3081
1850
8529
1518
4330
6208
3276
1174
8537
2815
5575
9757
2430
7536
208
2297
4056
5598
6856
6016
8635
9246
8401
7621
2844
4997
9446
9654
7992
7428
3743
6802
3842
9022
7467
7970
496
5195
885
9845
3280
6465
6005
3938
4877
1282
8199
274
5239
2222
6207
8041
3283
35
5730
3736
8651
3807
982
2603
3932
139
1404
9575
9489
747
3643
3475
6928
5885
2014
5784
8922
6999
9266
6439
671
7083
8556
9389
4398
1952
5922
7948
3762
9139
1429
8050
2438
7052
2334
8698
4568
8038
4807
4419
7551
3983
388
8116
6606
7564
4861
7802
9504
6657
8898
4185
7417
3336
7049
6496
9812
7270
1493
6120
5861
5827
236
4195
6675
5218
7502
7314
9238
8298
5313
4985
2997
5985
6565
1778
3120
5021
6413
8809
9848
2223
5724
3059
4364
7810
7870
152
4683
9539
7666
9460
6712
5452
4797
2472
7881
5333
4046
6243
2597
3495
2747
9702
9910
2070
2470
3843
5710
5173
5693
7633
5604
4919
6519
1133
4891
2544
9121
6392
4091
6376
6826
9626
4260
9923
9836
8450
2437
9045
2237
3939
4522
6717
6409
3330
7387
4617
1653
8212
4602
4257
6927
4596
588
1663
2503
6553
3945
1751
7252
5739
133
9451
1666
7101
638
2848
9145
9591
4817
1629
1755
4989
9809
8473
9884
9615
1578
6919
2780
6430
1772
7248
7019
7827
5500
2125
6566
655
2934
5353
2971
2797
6080
7560
5836
6745
9236
4733
1420
4623
3769
3382
2212
4131
7103
7917
4451
9155
5365
1840
8967
3463
3006
2243
6624
6031
7807
8975
7658
4372
1089
347
8558
5065
5188
4156
6454
368
8158
7121
4395
8680
475
2958
3357
8385
4590
9983
5322
7830
4943
1733
2148
2440
1951
1235
7904
7082
3388
9288
2626
2500
3572
3323
4896
6618
1794
5865
5396
3574
8108
2704
2036
8275
4739
958
7533
8514
1681
3926
1835
9601
2767
6731
298
7556
8725
2646
6194
1818
6070
3187
5993
9698
5815
1623
6651
3962
6506
4950
4869
9992
1310
7700
2574
7580
3874
1484
734
4806
4234
6687
8640
5200
5378
2050
6896
5916
6601
4572
6236
8873
6534
1924
3017
5824
8587
9390
6885
1478
6721
774
820
9293
5094
661
4587
6076
3619
5840
1655
1045
5489
1657
959
6695
649
7469
2295
7688
2923
1848
2155
4145
7513
5214
1684
4316
7797
8143
392
3489
648
2829
4624
6271
8940
4710
7112
8669
1788
6840
2689
6753
5423
1975
3663
9432
6417
5585
8442
2801
3891
2126
7412
7675
9876
9621
5298
8325
5780
252
5147
5144
62
4431
136
2736
2208
3713
7422
7000
8164
8750
1438
2825
6493
4347
1697
1120
5956
6182
534
2720
5386
7553
381
593
4254
1600
5165
4669
4450
9245
3403
1750
797
3267
486
786
635
9154
3830
1441
4564
2783
4325
7918
715
3880
5041
99
709
404
3141
6090
637
8517
831
1570
5257
3324
1323
2267
6968
6768
942
6525
994
57
11
1019
3543
250
8494
2712
5036
5071
2884
2946
4854
4975
4902
550
8088
3521
8859
8786
9939
4187
4017
654
2731
5332
7772
4909
8071
8601
3389
9156
8098
7776
8971
69
6408
5311
940
9470
3391
7060
7002
3637
4291
5506
7090
3639
4659
7867
7153
6801
7648
7706
4258
2717
6358
1295
702
2505
2082
1912
9686
971
8388
6671
2680
6077
9682
507
3071
81
4574
779
3282
1110
2054
8584
4665
8984
6178
687
2506
2859
597
7491
3561
517
9584
924
1718
1561
6589
6981
7915
7774
67
2174
9329
5573
3974
2415
2525
6694
5869
4784
5682
5473
4438
6238
4158
901
5302
1985
8142
1102
8476
5250
4202
2645
3215
1638
6273
19
8833
745
1729
8746
1326
8069
2826
3908
7891
2917
8897
2556
8419
7074
9414
5031
6053
2493
5747
4143
278
5440
5129
7593
9794
3748
6881
4002
605
9421
3829
3108
5753
7138
9091
6347
310
9781
9202
5199
2547
7483
6861
4432
8697
461
2743
160
2972
4355
4527
837
8151
7176
9269
855
8285
3579
9973
7641
1092
2352
2827
8685
1773
1437
2650
7309
6338
4025
3332
1693
5243
5751
6096
3883
8270
7415
4556
7720
6998
9595
6141
1428
2572
9885
7116
7462
5876
7586
6421
6225
6117
3718
4509
7419
3775
509
3973
7526
3630
8372
7504
7161
313
7569
4251
1940
6750
4855
6966
7944
4761
3080
6696
4288
3101
2085
6221
7858
7808
1256
7554
6685
7012
9929
5176
527
7115
961
6445
1564
8955
1950
1185
1820
6834
2006
6179
4779
8968
8569
7902
3014
6670
4320
7177
5401
3857
9224
6131
2326
7887
3238
6404
8675
2606
70
8660
9566
6561
1358
311
8231
5170
5935
8268
2163
9169
6579
1287
5323
3502
8524
1165
4977
2346
7461
7582
38
6259
6100
449
3223
9689
4507
1615
378
3347
2611
7609
4908
5102
2478
2261
8716
3437
5403
2874
4661
3741
9424
7546
71
3416
5588
2124
7257
8801
6505
5485
7218
8485
4791
7815
3018
4897
9391
6839
8353
4245
7038
6911
2190
3535
9368
8175
1119
5765
8629
4488
7724
4597
409
460
683
9913
5077
828
6158
1654
4780
377
7758
8720
3198
9890
5054
3956
1601
5293
6617
7689
9926
6490
5829
663
5625
6842
2254
2957
2566
6888
1325
6002
6662
6529
7168
5202
4478
7737
6482
1359
838
5857
8672
1016
7293
2281
5329
8647
1061
3046
8035
4963
8357
710
2428
2613
3771
5391
1043
7631
7339
6639
7926
8645
6743
9516
2165
988
9084
6578
6542
1330
7512
441
8620
6127
3840
419
3746
4406
6293
5945
7973
3184
3524
6336
7570
4471
9275
4917
6266
6108
929
8082
9023
1807
3317
6923
3273
7066
3662
7129
8846
1491
5103
6787
454
1281
9254
9674
2275
5955
1329
4075
7135
5106
5259
3828
8358
2288
9222
9226
5111
8352
7290
468
2119
5080
9086
5098
3331
6352
9315
7172
1268
4932
9940
8692
6683
9483
6206
5995
8600
8031
3404
5379
6805
8008
6648
1567
5461
3984
2204
4658
6456
5666
1327
5517
9359
7286
2575
2293
4377
7265
2329
2833
9198
4620
7549
4031
3733
7517
7940
4981
4061
1619
27
8998
1958
1183
294
9771
8604
7506
8366
5449
7216
351
7136
9478
2047
6850
2998
4859
9857
293
3272
5547
4499
3295
8989
7848
2667
9612
7862
4546
7355
1394
501
3494
1749
9634
2979
4491
4756
6539
5975
1060
9204
6145
6353
7613
1790
9830
3826
1562
5543
2017
7267
3721
9096
8507
8664
6403
3375
9683
2349
4051
3953
2665
6051
4804
4467
4420
8200
6557
9849
4289
730
3685
5584
3287
8190
9503
9113
7792
4309
4040
1803
5121
3370
4177
699
4280
2331
2395
9276
5159
28
8189
4967
1335
9458
2316
2157
4194
862
9847
2812
1480
7287
5305
7169
7832
4248
2127
4041
7076
2660
2216
5136
8798
7562
9339
9866
1696
8177
9840
8042
59
2123
5294
4124
1999
6740
8508
4055
7202
4164
7247
4273
6950
8965
5778
7383
2565
5659
6705
4842
2766
616
9088
2260
4598
2824
26
503
4242
4782
6407
6476
7095
8260
7717
8201
3117
2476
843
6299
1381
9666
4121
7201
9026
8729
1556
9211
6943
9684
2774
7410
5696
2324
2569
6065
4170
9648
2064
7667
1588
7372
2323
4067
3225
708
2942
4399
9267
1997
3627
5113
5686
1435
4951
2434
7954
5898
9001
5182
3341
512
4483
878
12
9363
8154
5158
8623
3107
5056
2373
3893
3676
3039
7503
5459
5849
5078
9943
9473
8570
289
3136
2964
651
8666
1574
8503
4370
6384
8706
5013
415
6598
5194
2538
4763
3172
3426
3728
4914
5536
1838
4337
9960
3667
5132
4893
3459
6626
632
8753
3896
6984
6809
8893
9364
5377
5037
219
6045
6629
2270
7285
790
8892
7117
3754
2339
9283
5299
9149
7748
363
1844
7171
9157
8256
2361
2951
2872
3835
9732
5972
7254
6666
2111
2181
7033
2522
9265
5591
9385
7319
256
4988
9831
7059
3553
132
987
5950
7051
5629
2239
670
6778
984
6959
1522
1658
3158
3315
6011
478
8911
746
1254
8928
9695
1880
2948
4028
6814
2118
9868
5708
3753
9018
5447
1656
1977
3488
4888
4034
5355
6830
3679
1262
3249
1352
7485
5420
1239
2814
5562
7226
2315
3348
9094
1246
7166
1076
2159
336
3715
157
2678
5267
5632
6726
566
4918
4492
2849
6689
7127
6084
4013
5785
6995
2902
8931
2089
8220
7990
6477
3997
8554
1863
9278
4197
6677
1955
5055
9474
5289
6301
1479
2211
8262
2146
5763
324
2819
7514
5219
7816
9723
3970
334
5529
5451
6085
6819
9354
2178
3576
1121
7535
7829
5787
5809
8921
243
1200
6297
226
8492
2531
9449
3906
2010
86
1148
9349
1771
1678
3234
4879
8942
6789
8963
2299
8581
7193
3920
5997
3241
6003
9060
244
1878
1467
6469
8081
1775
8412
1062
8252
842
863
4182
7352
7920
4081
3034
9321
5237
4562
8097
3695
5196
5376
9241
4442
3976
1531
2429
9917
7759
4441
7765
8395
3806
5236
9798
3057
9412
1972
9754
6448
3506
8562
9523
791
5388
4326
9816
6786
3271
1482
7403
9914
5201
1421
5586
7344
4846
904
2669
6588
4456
5605
5000
9176
1136
7684
3221
100
6837
7009
5572
4785
755
1968
9663
1565
7466
5187
857
4800
6420
6607
1344
3613
8036
9004
1050
8637
5936
2691
7221
7733
4853
5609
8467
5746
7809
4844
5991
6507
3898
8933
2593
2686
5615
4674
2075
101
255
9977
4923
9038
231
4480
8531
1568
66
4830
5602
1602
1343
479
9167
2823
6082
3334
6321
3651
8456
472
5982
879
3329
7157
9808
1675
5858
5109
7981
6957
118
5953
2671
8181
5838
6474
5555
7889
6447
2914
5581
8643
123
2900
6978
4532
5662
456
7440
6746
2424
8027
2901
3007
3417
9285
7859
3434
8807
4233
5578
7910
9006
5576
3772
5476
7388
3998
8665
7997
9124
5978
9459
3013
8322
2108
6784
5468
2954
7778
1667
1049
2893
695
549
4530
529
8254
9371
2311
3207
8528
2486
3712
4502
7626
7437
7723
1894
7662
3671
3222
3137
7182
2809
7874
6867
3115
1530
728
6107
6652
3281
9832
8772
51
4751
8785
4755
8455
2846
1587
3948
8447
3532
8755
8822
3925
664
3214
9691
3079
9210
5760
4001
3275
91
9755
3958
5786
9115
5360
7114
7089
6034
1555
4103
8333
1264
5906
8441
4218
7996
3077
9532
8253
3691
4781
978
8123
2104
21
2546
1074
2656
7625
5504
6702
1402
3171
2718
1132
6150
6645
3476
9423
807
5406
4880
617
660
9310
6691
4768
5479
7442
9440
6315
4359
4098
5224
474
9775
120
4557
3410
2184
6980
2433
2187
4947
9395
5552
2638
5414
6852
9705
3448
2559
1217
2514
7174
7068
7500
8535
9273
3634
6785
3354
7865
1640
6599
8204
8119
2393
1159
3429
592
8496
9633
7140
3068
362
9185
1425
8652
2501
3072
4308
3710
273
6019
2817
7995
8575
4489
3819
9171
2732
6939
6684
2025
6759
7923
2463
7913
9850
4062
42
464
422
7154
3000
8563
6622
841
1311
1736
2799
1186
9932
8056
8138
8561
9494
5846
1554
283
5411
7501
7805
6616
6886
6000
6488
8173
5171
9526
8427
5177
3575
6432
6401
5245
7070
9292
2102
3061
8376
5621
8290
3946
4835
7768
693
9090
4434
2517
18
427
3176
918
7071
9497
9128
357
7838
8017
2110
3850
1939
1223
407
223
9136
6916
6944
3871
6755
8044
1221
7100
7649
425
8139
9639
9429
5310
5909
1166
1462
4613
94
7128
5385
8590
1406
5964
9384
5033
4834
1665
1168
1829
155
5790
7669
8745
4766
8396
8057
898
9020
4823
6572
2252
3714
8961
1109
3629
7255
3194
4100
3836
7245
2635
1576
7540
6461
3304
5494
8040
6722
3205
6168
5023
8046
4713
8338
6367
1877
9700
1386
9764
2171
2021
6300
5405
9703
8996
9242
1036
5981
7433
4157
783
9074
4116
8871
5450
9378
2883
1934
6709
7668
2092
9748
5400
8765
585
6154
712
8990
3473
2328
5571
1870
4941
6636
4636
1470
4169
6144
3890
2035
4726
1583
5115
3764
7650
4060
8831
7537
9158
5260
8271
5356
7799
7604
6873
6941
5223
3398
1783
9177
2061
8383
8361
5010
6710
4848
6389
1004
3518
7585
9468
1719
1641
2543
5180
2287
3076
7454
7814
2042
9819
6327
7682
9782
4493
3045
3519
9640
3478
7317
3513
8900
7045
729
7770
3708
4180
8964
9082
5875
3445
5553
5263
8827
5961
8349
7130
5627
2758
6038
7395
897
4096
9968
1443
9028
3670
1856
580
1586
6822
777
9970
9608
7471
2832
9217
8365
5783
8111
6136
3390
7557
2397
8530
7894
8848
5026
8573
6185
4644
7447
3479
5887
9901
7984
2865
3040
6078
5344
7398
1129
458
7322
6122
7346
1534
7484
2086
4506
7757
5434
7453
7056
8736
2454
246
7087
7457
944
6903
5017
8249
3645
7195
4792
5512
9388
9763
4148
9405
2751
309
2066
2610
2052
9500
6970
5456
9311
3468
6345
180
4643
9101
514
6059
665
997
2510
9776
5854
8544
8078
7473
1595
9578
8148
5511
4085
8096
7932
8872
7460
1340
9572
4594
5110
9837
561
9935
1187
3770
3776
1461
408
1473
9434
8047
1874
8207
8386
7408
2962
2385
4134
6349
2388
9127
4463
2915
5797
1007
3616
185
1145
9344
4837
8741
595
589
5881
6949
253
4303
1661
3642
9052
1809
7192
703
3897
7122
5568
6234
2520
8702
1411
5168
9664
6252
4259
7443
3934
2405
1610
5410
805
9567
3470
2944
7699
4969
2542
2459
5277
4161
1745
3863
9557
7605
3397
9765
2802
1423
4030
5359
5902
7057
2928
533
6642
2738
2207
4728
5069
8355
6001
2418
4184
3628
941
9123
2093
7053
552
8408
4526
8614
3424
5264
1503
6175
98
9780
1397
4
7725
2048
187
8752
3673
7598
5777
3723
2675
3328
6032
2578
8012
3153
5076
7137
8879
8936
6244
6098
4584
8865
1213
9010
810
1242
3119
7445
7482
8238
7251
5626
8659
4076
8568
7518
5084
8153
7712
9862
5138
1506
5835
9851
5647
8688
1321
8671
8225
4548
4097
9014
7481
360
9230
9737
7732
4920
6449
7544
9853
9498
5354
7229
8649
4285
7679
1083
3430
5623
9039
1098
1628
5521
538
9688
3366
7576
1539
2302
666
3019
8992
2417
2285
9690
6938
2855
6344
270
8074
2101
3837
5255
4440
966
3226
4342
875
1211
5097
8343
7299
5560
9297
5692
476
5531
1141
9009
4427
5567
3858
2474
1608
8140
6633
860
3143
8550
6862
4582
7823
1123
2488
2034
5524
7979
4815
6575
4639
6153
9408
1860
8555
9646
6776
6977
1948
7602
225
6907
7610
9944
1858
4011
7655
5523
9514
4168
2301
9383
4987
4461
3954
6609
4622
4487
1815
4069
8332
2499
6318
4698
2382
1512
5758
7011
6025
9733
1363
8869
5316
2419
9860
881
1873
9252
4621
4670
2312
5282
9817
2540
8124
9029
5803
9759
8739
4697
2167
1723
4858
1094
3510
8656
3596
8969
4484
9565
9735
2881
7452
9441
4213
1857
612
8013
6779
4745
1077
6028
5067
3075
9697
8065
6435
8073
7368
7660
3943
2117
4675
8293
2258
3379
761
6582
3568
5820
890
8400
679
7331
8104
7310
6438
6491
9645
8521
7432
518
7004
9568
3396
2996
9409
3865
7489
1673
8309
235
4704
7479
5892
9381
5415
3239
5035
8085
4477
7393
8170
7769
3912
2663
7281
1841
7373
2411
2253
3552
4616
8369
6521
3452
7328
163
2227
5301
5446
6279
2856
8687
4654
4619
4563
2840
241
4673
1644
8340
6123
1964
5968
1232
9880
826
2931
4211
794
7622
6494
2642
1563
7775
4695
5047
2343
7798
3560
4198
3196
1301
444
8828
6570
9637
1436
8479
5545
4668
8949
4907
8393
3408
6135
3720
214
933
6975
4867
2386
2246
4447
9183
851
7315
7280
9260
1053
1585
4773
119
6180
8430
168
1316
603
9838
8616
3738
7272
9059
9879
5661
1118
4465
9662
7983
4188
8762
3113
5363
8295
9513
9294
1206
3104
8602
5508
3451
9916
9561
9811
5221
216
844
2234
766
1113
9632
3394
6545
430
7993
9604
2272
1080
7812
9536
4523
1318
5597
4457
3333
8976
4021
1660
2662
2406
2955
5143
4927
8929
5463
3745
5569
3465
2202
4268
7306
7567
8682
9033
9307
6568
1632
4772
9443
6134
9573
8617
9528
4984
6397
1005
7396
7587
1523
3988
6872
1401
6723
7335
6661
9741
1983
6733
8958
2259
382
2965
9937
68
2467
9019
2995
8067
9199
1868
5436
4108
559
3792
9722
5870
4423
3484
8319
642
2481
5726
3675
1096
9515
8172
9138
669
9758
2416
9813
7735
182
4167
7332
5992
3056
2215
3504
4769
7063
6169
4740
521
7027
15
9377
9012
2573
7882
2394
2644
3083
1597
3469
6374
8700
5610
2360
9336
8564
2423
1012
796
4612
1906
8422
2362
3529
5124
3175
4318
4642
4094
4890
3050
2371
5740
9120
5695
8292
4934
7919
639
1594
9304
2166
7294
8263
3152
8208
856
3692
450
4307
4092
989
6614
5157
3930
6921
723
3365
6996
3833
2456
3449
8876
3290
2491
2631
5318
9978
4903
1163
3310
1559
1255
413
2074
165
7184
9589
697
1070
5515
4080
9792
7786
2213
8757
1949
6305
5441
6749
2830
5894
181
3551
5222
2151
2632
8146
3809
5537
2400
620
4175
9678
3044
4066
3286
7431
8414
3111
5940
429
17
3538
2350
5039
7123
500
9323
7189
2277
1495
7119
1348
9358
3093
753
1637
7719
2341
764
147
5068
6434
4930
8916
4753
221
1393
9013
2201
4979
4113
3531
6714
5594
7406
7010
8895
4358
8115
7901
3116
3342
4962
9435
2876
1682
9507
8010
401
9035
4516
6156
2193
8397
5939
5082
1500
9291
3694
6356
3289
6667
1497
3303
4547
9720
4362
3122
6229
8448
4344
6552
2335
7960
9472
8416
7380
8488
4411
7414
4430
2114
2953
657
109
7755
7927
5595
1558
7773
6146
6406
3259
508
6592
6371
8579
1931
369
1925
3508
8266
6547
6736
6326
8086
342
8094
3727
7871
8459
2265
9928
9122
1057
8855
2206
640
3024
3412
1902
8109
6186
2838
1507
1886
5770
4608
3433
739
3598
1375
5371
1347
4765
9168
758
341
1799
9815
1194
9760
7543
4269
967
3051
2688
3631
459
9257
9146
2634
8624
3927
9000
9777
9966
5889
4498
8760
7579
5270
1418
2643
1192
7695
6402
9670
1897
8710
9325
188
4380
7199
4986
1172
872
2391
3305
4294
7790
2019
4632
1789
3439
9360
6200
3084
8726
9730
45
5639
4759
2294
8068
4385
2065
2708
6619
3202
4707
5390
6511
6646
1712
4511
6282
3326
8257
8446
7989
5619
7702
8730
1537
8557
852
962
483
5949
6807
7801
102
7552
6515
3584
8727
547
4840
5483
8657
7522
2950
5826
6585
8351
5439
1322
6395
5530
115
1938
3386
5119
3052
6904
6388
6198
6116
3909
6199
4425
1244
6088
4127
3564
3846
610
5373
1486
6917
4495
2528
2659
977
1496
5273
1516
7726
8215
6644
5358
6901
7519
2304
8545
1442
8794
5122
3041
9287
9326
4479
1169
9030
498
1668
8793
7849
4605
5908
9924
7246
97
4994
1439
7709
2177
5789
9008
6335
3917
7950
8403
7391
9301
9495
1849
375
8777
4005
3393
9116
3582
1481
5348
5899
7364
6126
7078
5204
2748
7542
5611
5566
1937
5921
9152
7575
5040
2214
4876
2735
1305
8780
9328
4159
8095
4071
7600
8546
1456
8184
1776
6829
5948
4235
6876
9425
9598
9361
3889
6203
925
3260
2968
5744
8205
494
6914
5830
3442
4436
1024
2564
2793
7326
6555
3195
9331
3737
9635
4230
1233
7209
3203
9264
8566
3952
1490
920
315
7903
1687
8764
4244
8083
3253
4163
9881
9541
7645
8945
8847
6303
2370
6380
1797
6257
2977
6530
8165
8837
880
7231
7183
6762
7612
4403
5175
2441
909
6516
5210
5947
6682
5903
2577
4790
5528
2037
9095
5606
104
9668
1962
5464
5813
6061
3979
9600
7224
2765
8619
7394
896
1599
6487
9563
9469
7399
8520
7763
4953
4809
4640
905
824
6368
6678
3802
5120
1365
4283
8312
1155
1754
9058
1351
161
6393
4716
4073
1622
9032
1463
4814
1942
773
493
2067
4901
2475
4444
4731
325
8136
8470
6164
6692
6177
4968
9564
9629
1303
6523
4536
8947
8714
7736
1620
6686
6415
6974
4022
9652
4221
248
685
5719
6232
692
8242
8438
2869
1596
7269
2523
9083
8813
149
6260
8523
5954
7656
4651
6440
5933
9308
435
3185
6875
9272
4078
7148
9281
5112
2300
5029
5174
8001
446
3
7955
3758
9955
5748
3371
736
4136
7646
2099
9396
5104
9194
8999
1627
2464
9490
4350
3240
5413
6152
7061
4832
8681
8339
1926
150
1701
8674
6940
7703
9519
6370
7170
3381
8802
8512
7212
3121
5284
7804
5608
9188
5532
510
2871
3848
6095
2278
1504
906
2018
2966
4898
724
6157
2422
2097
2336
65
4284
4077
9040
3032
6350
4407
8169
3285
8711
1162
2378
2794
7324
1240
8305
2443
3146
5062
1540
5057
4886
8502
8773
3601
5347
7375
7833
6274
481
3961
9353
7283
3621
6294
9415
2570
271
629
8504
1943
531
4916
5725
4079
7427
1086
239
3981
4862
7261
5723
7472
3595
4179
4647
3527
6386
2908
1782
4694
162
9420
1774
4154
4868
8980
64
4339
5716
1297
2614
8107
1075
1234
2319
5965
1032
9463
2554
9161
823
4042
3213
8232
1188
7787
6007
3949
858
1826
2761
6047
3407
1967
9529
8658
2196
1810
9512
9402
9991
9861
2842
5162
3074
931
1306
5271
4065
1066
5672
8889
6962
129
7615
4599
9416
4146
5287
3573
3298
6894
3464
1207
2821
5714
6018
233
3786
5240
3886
6631
7275
9657
6992
1099
4140
8844
5465
2690
9002
9801
4964
3485
928
6020
7017
4044
5470
7441
3471
1966
1315
6074
8359
1630
7277
8834
8506
5101
361
3666
1198
4729
8120
7031
279
5172
1550
2318
4764
5229
2727
3614
1956
7295
1161
1426
5290
8344
1468
5044
995
2078
2619
7125
4514
200
5729
832
569
9143
1379
5807
1137
7664
4232
9938
6230
6925
9227
4924
8241
1756
6788
2060
9327
6148
5650
9201
4645
1591
3192
2836
8784
8823
2873
8960
7846
4147
4863
5669
1114
6902
2377
8902
9482
6314
4293
2588
5994
9540
1764
8334
8533
9616
6138
9716
9770
8053
2926
9496
1691
5736
706
6044
7571
7677
3106
1571
1502
1385
6102
9537
9869
8995
8707
2930
354
497
7977
8026
317
8684
3756
4691
2022
6436
1150
4466
2787
4560
9959
3444
7225
3242
6877
8347
1741
1364
1270
757
2993
717
8236
4219
9330
4884
1284
339
6853
6509
3845
9111
8712
1819
5220
5228
8007
3955
5911
3092
9671
8105
2703
4128
5276
2602
5781
6827
3797
8197
228
1238
4101
125
4787
9356
1405
6972
2461
974
6605
8553
426
6855
4826
2877
8297
7643
2806
1965
1202
3903
5749
5738
4111
8778
2466
32
5582
5005
5244
6909
8117
1291
5426
6803
6647
7088
2681
8093
7327
2449
7337
6361
2191
5731
9930
8738
3043
7561
6228
6707
6656
135
5676
428
3292
6139
1884
491
7529
8881
9433
4346
4256
3899
9638
2413
1403
3795
1380
2483
5969
4935
8805
604
6900
2263
6595
4936
1293
9582
4272
4542
5134
4529
6385
330
5090
574
3114
4490
3454
8195
372
7685
8625
1039
1342
7991
9373
7694
8003
6484
7693
2771
4135
8811
9979
927
7175
8763
8973
7028
2858
1635
9452
4821
7325
6056
682
6811
1606
4798
3991
965
4693
2355
8957
9706
6075
6383
6333
4517
7048
3462
7839
1324
1944
7854
5636
8112
3699
3356
8994
5490
4160
954
798
8536
6046
8058
8176
6732
9987
5943
7370
1959
3500
9559
5338
4012
7448
8574
6836
7907
6239
930
3919
9406
3423
257
4626
2276
2029
6790
3139
4375
6895
4535
6101
1370
8500
7001
5336
2490
8731
9874
759
1472
5800
9554
7620
5769
4980
333
9209
4412
7922
1400
8296
7456
8434
8722
5495
7863
9788
8638
3617
6791
3922
9745
470
2162
5963
9031
1853
5022
1448
8216
7734
5269
3859
2661
9631
1177
5146
6472
9825
6898
7436
2107
8133
4955
4039
6242
7029
4699
7638
9918
7180
5133
5337
2746
3873
9679
4426
4150
2389
6536
9015
2970
2154
1179
9538
7289
7820
7697
1791
240
625
4223
8483
8028
2604
1333
1694
8431
1069
6464
2775
6544
8510
8248
5361
4878
7200
2866
3070
7971
3155
3722
1677
7716
245
4192
8348
7647
5466
6889
7783
3255
3605
7274
1453
9195
6267
3556
2994
598
5733
1042
3895
4940
249
795
2016
8607
9650
4783
7527
8259
1184
6248
5326
9906
7965
3163
8618
4767
5776
1509
8235
3337
4687
1274
1273
9941
3989
1146
1047
153
2134
4749
3569
8180
2851
174
7847
9366
3767
4992
2714
6237
8080
7701
3319
5438
4738
6217
1127
5879
4099
4777
3522
1631
3361
1752
793
1770
787
1514
731
2249
4074
137
9042
6362
3719
4281
141
8776
3648
1737
9172
5002
5370
1891
4336
5856
5471
9769
6328
2340
4310
3252
8744
7037
8092
272
9855
7789
2030
2284
8144
1215
2907
8819
143
7825
581
2308
5474
1904
2878
2537
4151
8192
1055
4415
3124
2098
7686
4720
345
8229
2615
7111
4410
9016
3624
8943
7480
5951
353
6033
5442
232
58
6250
5646
2013
5852
2106
819
1259
5788
3608
8233
3525
3996
3869
7842
2507
9617
7036
1702
8458
5367
9418
3885
359
8732
8255
9863
2161
1362
7876
7951
8228
5799
8884
4701
8039
4328
9164
106
9810
9170
854
5235
6137
4368
5596
1247
7672
9485
4504
1204
9829
2366
6703
1387
8113
5369
6390
6463
9284
1715
4220
9822
4956
6737
7878
8724
1157
4253
6499
2682
9821
2005
6452
9803
6760
9182
2980
6451
7091
7673
523
282
209
8211
9207
1994
5653
2156
8183
6024
7263
3325
6988
6272
542
424
8824
5339
9397
2274
5179
4948
7397
7784
4367
6290
7707
3383
4543
9590
9900
8054
5252
6466
8217
3517
9271
2885
2091
5926
2770
8875
5208
306
8206
6054
170
9163
1415
4865
9213
7250
6627
2527
9835
5374
6744
2961
7356
9511
1097
7935
5767
2910
5970
4838
5971
7301
2580
9073
5085
1913
9109
1230
6933
1000
8122
8628
9189
3012
3392
397
5087
7835
7603
2374
4703
4820
3615
7204
9192
8814
1176
3585
1025
6391
4126
8699
2164
7659
1124
8090
5488
1440
9362
1690
2084
8817
618
691
5432
4518
1046
6735
6848
4576
5314
364
8043
8612
3453
1901
8155
395
6560
8451
3154
9952
3025
9854
7304
1354
436
9105
2795
2892
2387
1851
5139
7312
3431
5161
1378
4958
3140
7721
5131
2071
1082
4641
6281
7966
4138
7968
4559
80
8591
6550
825
2369
4831
4417
8547
5164
8420
3191
5105
8250
3618
886
8759
1859
808
999
1010
8795
5372
9995
6394
992
9721
2596
7880
6480
7444
3971
7007
7912
8662
4802
5834
3936
6859
4142
3027
3183
5509
5895
8429
4579
7426
373
4686
7837
577
5877
2469
6015
532
9984
4828
3309
985
9599
3515
8084
220
1643
4241
1730
3008
4845
3700
4649
1524
9477
5425
2696
7627
4032
4122
7928
3089
6276
5811
5557
6377
3703
8371
8415
4173
417
6625
2392
6765
7634
6799
9334
9475
4818
8631
7475
9079
8689
6497
8926
1988
3545
8178
2903
5798
5038
7550
1971
4297
8363
5677
1683
285
7065
3037
3994
6201
1041
5123
432
3088
9386
4050
8300
6035
352
601
172
1131
1908
5599
1738
3284
7384
1804
36
3706
5603
9552
2221
8860
6524
7819
6249
4705
2724
505
197
3358
6013
6690
3680
480
6951
9888
469
1866
2654
8641
3533
2136
6209
344
151
3800
8525
3233
3862
7595
5328
1929
6411
7404
3632
6159
7338
1633
3672
1614
5083
4239
8159
6953
9996
5660
6212
3110
1026
3766
2094
3036
3218
894
5407
2209
8350
7884
177
947
9974
4850
9263
4591
3526
1017
4692
1634
4189
4872
9132
8134
5600
5268
3870
6283
9692
9743
7022
7499
5507
866
9969
3112
1879
140
3813
6864
308
400
5549
1875
4895
9160
8398
7126
1356
6574
8323
7987
7822
47
3536
813
7260
265
2038
7132
9258
2899
1731
6701
9214
5072
9350
8571
9072
4464
7751
2195
7523
3064
9505
9348
7023
2414
1911
5974
4388
5212
2841
1893
1245
7905
3138
1505
3258
5818
8463
3020
3492
2482
4449
2756
6754
6630
2862
9300
7358
4939
7828
2879
8070
1227
9178
7895
4910
4109
3385
5418
2562
7530
193
122
8670
7343
5091
105
6173
6948
7957
4486
4721
4500
1048
3082
9925
6704
1923
1882
9365
320
9585
9898
2264
5690
7463
2225
3816
9951
8198
7883
7291
1700
6171
4246
6311
8593
5538
2051
5262
7354
950
8307
3401
6680
6373
5315
650
1085
5086
5641
1431
934
2158
2992
5060
6284
3546
8424
3696
8
4435
4335
7945
7421
1560
9175
9772
8060
358
865
2651
4946
1434
4123
7239
4545
7075
7055
1138
8482
3169
6954
7242
5533
5006
5398
2640
1216
867
6773
4775
2130
8421
7241
7872
8432
8024
5460
3752
9878
1907
1986
2186
2088
7618
675
2768
5631
2137
2582
263
4610
1257
5070
3789
2648
4271
2043
9558
5079
8265
6535
2740
8336
9309
8589
1519
1383
1220
1373
2401
8642
7936
784
1669
1372
672
4550
6412
276
2000
5395
8941
7223
8986
8549
9411
9208
2007
2922
4408
5973
9667
5620
5655
8227
4711
8840
6470
817
6191
4540
7687
3702
8585
1181
1164
3123
3206
1488
3161
4267
5345
955
3872
4207
146
7282
8901
2367
1520
2116
6866
2446
5048
6825
3849
7756
4015
2451
7207
7003
5764
2306
2729
5542
2232
1422
2314
60
9061
9506
8542
3236
7186
2182
7382
199
3726
3839
3458
2332
8908
946
1494
5920
545
5238
3261
4083
614
1314
8717
3402
8452
5839
1367
5453
1140
2045
8075
8636
211
9255
6071
3610
5297
1180
9197
3881
3537
6340
337
8291
4019
4120
4851
1649
2409
8345
3825
156
811
5762
1072
8247
6508
2697
2949
1288
9517
1645
6176
9066
6296
9761
1557
9159
5998
3457
1918
9823
7573
3461
23
2983
8468
3563
4519
9859
4973
8244
4671
6725
5883
9392
4133
8877
9673
4706
5685
8469
2967
4172
8015
2436
5330
9053
7906
1721
2560
5444
183
1458
7572
7705
9021
6926
1021
2782
4106
8202
4144
5855
1720
554
488
4736
5397
6263
9104
5183
9533
4494
3668
7555
5366
6166
1617
7525
8835
247
7597
194
202
6410
8633
2179
4718
7336
4396
871
6751
6641
6241
6268
4205
4539
6275
6289
8310
5152
6846
3992
4095
9904
8878
9093
7611
7381
8723
9253
6190
164
2290
3641
519
674
2291
4960
167
9915
2307
9867
9998
7438
8191
29
9613
3246
7152
8223
3592
8222
6591
8282
7942
6174
6549
2798
516
9685
1508
5862
2784
321
9824
8284
7715
3126
1095
296
727
8783
6355
2548
5697
79
301
5703
277
3015
3421
5261
6774
5700
6253
6758
7407
9062
5116
8718
6693
591
5357
5634
1787
4945
8179
2176
1417
2956
7617
8606
8826
3734
169
487
771
3609
806
1408
1582
3781
2453
5923
9931
346
3567
8866
1199
2895
5601
3490
9277
7956
3264
8913
3147
3167
8436
1780
3892
8394
3928
4118
5932
8437
3801
6167
776
280
5394
8981
9793
6214
4637
5745
2122
8613
8048
5816
6715
2357
8905
8406
8137
7365
4982
6688
2073
5457
331
9797
6610
2796
6292
9872
1477
4210
4847
9303
3063
9444
1222
7817
396
237
2180
414
3916
3901
4277
7268
4114
6794
6502
2521
8541
2238
5153
812
2313
4209
3291
5088
89
6246
9965
2730
7259
2444
8882
1525
8526
2863
2791
5448
1704
8708
1740
1037
768
3038
835
9842
6441
4839
6312
6583
6457
5317
8703
2105
5628
1800
4166
7680
7425
7651
4334
7041
737
8966
116
8790
2138
9400
3640
6664
4723
1973
8417
3626
8690
9187
5796
5944
2497
8782
4577
2894
2800
6643
3199
6094
5554
2096
5226
5059
8306
6586
4660
2532
5612
1533
7420
6030
6681
3623
7866
8004
4993
1821
7276
2347
5843
8627
6865
2079
2139
3804
2141
4926
268
6414
3822
5350
2090
511
5053
4454
6067
4615
7390
4554
9795
8781
7591
7334
6093
6009
1584
1142
1251
8806
9249
9184
6348
839
2722
2188
3499
5934
9530
9340
3216
6806
889
6832
5016
7678
9050
8023
2745
3606
3964
2198
634
1476
9404
179
4900
3362
411
7429
571
9426
9357
9413
1190
6747
3130
5514
9724
1313
1296
8959
6319
8767
2676
5928
6835
2925
608
1430
4586
4384
1605
6396
8498
1592
7228
5216
3217
3189
207
792
2192
5773
6287
5680
7962
266
9986
1607
3505
8903
4758
6097
5917
1662
1812
5592
2760
3148
3288
5075
877
7708
9894
6366
5015
8465
8234
9804
4508
9087
7320
7782
7413
3879
6072
8572
1969
4746
1710
7624
4379
4961
2015
1847
7924
1765
9922
6742
53
914
5845
3686
1451
3377
998
782
5498
6323
952
5074
145
374
4696
312
5687
8907
8515
9316
4129
4570
2891
4428
2576
3204
379
5759
1978
3924
8695
9856
888
10
1160
8538
6669
8486
1035
4538
5737
6149
2282
3711
1299
6982
4057
55
9456
4730
131
4796
8678
394
9719
1059
2286
7909
9481
5613
9912
9313
7713
9911
1031
8000
4105
653
767
7374
9753
2807
9025
7521
5258
3977
8771
4035
4414
9447
6111
3125
9800
3065
1090
7210
7741
307
2380
1285
4053
2952
1839
743
5979
1692
726
4446
4418
9317
6967
8187
9694
568
9544
3432
2789
7402
2342
2973
937
1802
1250
7072
4684
1030
5043
3665
1862
2937
9450
304
6775
3248
3098
3646
7266
6905
6522
9436
4938
3220
9982
3054
3446
8594
4029
1469
1910
2039
7149
4971
5295
8267
6264
1236
8661
9251
3066
7744
565
7788
3094
3577
3244
8918
9953
8595
1709
1339
5518
6816
6640
93
318
8059
8832
3625
8839
1526
416
2033
725
7834
24
8230
2940
6486
6890
9256
1413
4520
9908
3798
8277
286
5025
4957
2932
932
2004
2679
9352
1686
4588
7800
2785
1081
3178
7806
46
77
2710
3099
8375
9576
4458
72
6062
5891
5757
9374
5430
4744
2495
7653
6163
6055
3817
9455
6006
3799
5755
4841
2741
4638
2629
2530
3009
1808
1175
8453
1205
5135
1566
1300
4183
3441
1219
4141
9064
8327
2040
4752
4824
2247
5702
2653
3327
7785
6113
8630
6741
7044
5761
9108
1107
6716
8978
5231
9883
8121
2938
6569
9921
8754
7698
5694
6672
9521
1419
3496
2936
9742
5649
5897
6399
3033
1883
5558
4016
6023
1002
2210
9337
3227
8061
7243
4657
2618
4618
3654
7102
5656
1027
8917
4178
2683
2256
6245
13
6322
3069
5392
1707
3100
385
5192
4072
562
3091
8466
8251
2012
9107
3450
9295
7749
3278
3165
744
9401
5942
8734
8821
6655
8653
7359
7062
5583
6357
8749
8022
7411
3815
8219
8862
7430
6320
7234
754
6936
2028
8311
5232
6563
1625
2447
3151
1079
7249
5587
3415
134
2803
8474
9550
2330
2716
599
3678
2960
525
1266
8341
3612
3750
2555
5189
829
76
3296
751
1068
2458
2896
3636
6492
2242
6913
1613
6069
1757
5206
3062
2309
6808
2943
2262
2924
2707
7818
5901
567
9274
840
6706
8280
7362
5929
8812
2845
3073
4317
6478
1828
3460
3528
8276
9796
1521
5051
5873
4064
8425
5142
2583
5484
9403
6577
5341
3376
4474
9828
3109
3851
6571
5383
4475
5095
4593
9239
4313
7836
3765
3250
3345
8246
5042
2169
8713
7220
8519
4413
5540
4049
4331
3400
1071
8509
9622
16
2622
2860
2590
73
6029
5368
9140
1832
3689
4929
2354
1921
2404
7316
2226
5927
4102
4006
6162
5346
2709
6369
4082
7085
7845
2333
1542
5874
5233
2407
7434
6213
3633
4305
8540
7639
3145
6660
1834
9653
9044
264
6057
913
5657
7494
3188
9882
8196
2375
7341
3096
6503
9203
963
6955
7727
7187
553
2668
6728
335
1941
3555
218
3134
4227
564
9696
8387
7900
7607
868
893
1864
7278
6899
8141
3269
1896
5493
7777
5930
6316
9950
2504
7596
2426
3212
1319
2168
2408
7084
833
9614
3687
3544
254
6258
465
801
4476
144
2535
7155
1916
582
9133
8370
590
1947
2584
54
2220
5308
8379
956
628
2773
9351
7256
391
6170
4635
5018
7416
4023
3778
680
1885
5469
939
2701
5254
4833
9333
4999
9191
463
606
9713
1243
4321
1577
9895
1112
3790
176
5149
4786
7937
9046
2737
7959
3791
7197
8796
6698
63
5325
4208
3353
2750
327
6880
3587
1651
7893
6429
8609
6831
2811
3690
8364
1396
643
788
8118
7424
7683
1209
4648
7093
7081
6089
4762
3796
2484
3307
1920
5890
4402
6037
6049
6419
5577
5717
5718
1414
1331
3620
8663
5766
3021
5283
8045
1156
9525
7640
9282
4995
7188
2754
2839
8599
8243
2987
2183
9843
366
1277
9681
668
9942
5510
7583
7711
4580
6772
7933
2450
1713
7897
9919
3270
2693
4319
2581
9180
9618
4327
1609
6346
4928
1616
4018
6427
3876
340
1189
631
887
9675
3378
800
1528
8480
448
3852
615
8818
4712
8079
9380
8087
6365
8213
130
2772
9592
393
2595
2044
2685
681
6674
9587
2197
7113
2266
9783
8493
9341
9875
7080
4033
9148
7584
3669
3180
5709
6797
1143
4300
9448
6181
4555
4788
8810
8791
3279
707
3808
7637
1231
8856
5837
2322
8539
8516
5319
3597
2058
6119
1747
3940
9545
4885
6937
3860
3724
9556
7035
3590
9125
7050
3127
4702
4225
9518
6360
4341
7345
506
1758
5520
6697
1407
1003
1825
2379
9212
8728
6165
5910
2145
3193
8299
5637
8025
6498
4352
9647
8850
3910
6309
1831
2100
7616
6066
314
8209
7213
714
686
7054
3841
9807
9522
4949
5771
6310
2734
5988
7851
9399
4899
2664
5808
418
1029
7988
4996
1636
1023
5819
4666
7710
5393
1699
7722
4381
4243
6738
713
3263
2699
5003
5100
9220
6442
6990
2655
8938
2890
1936
1865
3210
5320
421
7534
6602
1353
7025
8269
1249
7588
8100
576
9439
1842
5989
7232
9971
1998
1664
3028
6729
7869
5248
2880
6991
4391
2455
7107
9476
5977
8899
2673
5285
4349
891
6892
8381
9250
4860
8800
6426
6600
9467
2365
3578
1769
9574
8308
2867
3985
3583
4470
2046
1801
5458
6286
8988
903
7273
583
3179
56
9871
3311
4460
689
4059
4038
4601
1579
9907
4199
563
9610
5412
6073
4915
8605
30
5535
4010
3367
7307
1777
1759
210
7696
7131
3268
9129
3374
3144
2627
5443
6379
2725
4646
526
8402
5681
1424
9055
7507
8775
7043
4789
5966
215
1781
2589
2828
9957
6460
4299
5775
124
4627
495
1196
7953
3559
2991
6963
5782
6528
2764
551
584
2820
8838
3975
9606
8418
9562
8472
92
5880
4324
9219
9963
5556
4024
4972
5073
1836
9043
9131
4214
3861
949
4181
8677
4421
7405
7730
760
5712
4700
9704
9710
6265
2008
3603
6843
4149
9985
8030
611
7459
5707
1806
3704
578
7348
9818
4007
9430
8704
8328
3372
3135
4650
1294
3729
5678
4262
297
9206
8389
6989
9864
9056
916
4894
6008
2494
3957
8836
2473
4803
9118
3427
8091
6334
572
3293
7921
9644
8367
4778
3684
845
1735
2077
3164
9651
7999
8152
5722
7477
7303
5952
5382
3921
8049
6196
1409
6343
935
975
5340
2920
8644
78
4931
6761
6973
3312
3516
7750
8188
6658
6453
6342
4808
1063
7026
7671
3644
6458
9785
3562
5720
9841
1551
816
1785
5563
2132
922
6202
6325
3026
678
5292
622
5198
4678
1260
8471
2480
4652
5331
2861
3793
1389
3969
4026
5155
1088
9268
9852
3959
8330
8274
1843
259
2194
166
6240
8972
3783
846
3048
557
2364
7458
3888
7361
2609
6603
8157
8318
4204
1725
7975
9190
5126
6766
4976
3004
575
2020
8721
5522
8490
4662
3406
3053
1727
462
7939
1492
5300
8331
3855
4295
8033
4422
9660
1511
3257
3913
1811
1980
8413
2854
1549
7006
6532
4565
9535
1711
6546
8317
5823
7577
3498
251
1465
5089
4356
1845
3877
5435
3760
34
899
4680
5032
749
4667
861
1280
4770
3363
4153
504
6891
912
302
936
7661
701
3455
1705
5127
676
8816
4236
7158
2055
6216
6564
8321
492
3174
1115
2636
5384
9071
4196
3395
2945
6192
738
6756
3779
6235
1152
8131
6261
6140
1459
2083
8063
4443
3725
3373
295
5671
2390
1652
8887
7803
7589
3593
8527
8842
7771
4742
9993
370
2599
6105
6823
4387
7974
4171
4525
6378
8977
6481
3409
7663
883
5665
607
6668
7196
1746
2939
6387
8011
7691
1416
5154
7468
7487
7670
8272
6748
7069
7109
2460
7151
4045
110
2509
558
6115
6262
2969
5429
1093
8313
6416
386
4043
7967
2652
8021
752
9577
3933
6824
9431
3987
3990
1229
3732
3923
6227
1336
9085
1201
8171
9369
398
4714
8953
4228
8676
1569
482
8919
159
7762
1224
9135
9165
5114
5125
991
7371
2133
5546
815
9762
4201
7614
4104
1898
2062
2985
7964
3173
1548
7796
7704
8792
2837
8894
1914
6014
2975
850
1881
1861
3380
5197
9975
5960
6628
5711
8852
1455
6048
6017
8428
6649
2271
9228
5912
3177
5924
4672
2541
9445
2095
7092
2549
3594
1304
217
652
6424
127
8037
8632
2477
5743
2779
2918
7998
4373
2279
8481
7985
9949
9999
2199
4533
2383
6863
7877
2172
9508
6983
490
5480
1338
3550
7139
3105
9643
4513
5957
4004
555
9989
31
1382
1368
4965
884
3133
2255
5841
9262
8532
1208
227
7738
2363
148
7740
2558
8150
2224
8867
4107
1153
438
1716
8106
9778
1650
6021
5516
9994
3739
6815
8062
5907
1724
5492
7947
3343
6551
7843
8445
5178
5689
4217
537
6147
7146
7873
4795
4629
3780
3664
5130
1460
8390
2152
9547
1933
300
556
6960
1792
7761
6133
8611
6562
1837
3834
8543
4397
2170
3411
1130
5296
1753
6092
8475
5565
7470
8974
267
1833
5654
5266
1990
9767
602
3887
5001
3514
9179
442
1501
3757
5242
6623
7619
7868
4954
4265
9347
1158
3186
5445
3208
5335
8534
6956
349
5437
5715
242
684
917
7144
178
2359
9343
8014
4162
8815
3235
5633
2633
8499
5217
4468
3477
6781
9464
7505
1054
6231
7860
437
1498
7353
8930
4314
3811
8127
9320
3418
2533
5486
9981
489
968
4813
376
1412
6354
8016
4482
4534
3548
2550
3002
3581
5024
5810
9007
5976
6422
9069
2244
8210
9259
3866
3001
6527
5913
9672
733
976
7982
4717
5794
1760
1996
5246
1871
874
4306
6767
7541
6195
8156
2674
6064
3497
9680
7288
8861
6183
1744
7601
7450
3960
350
7073
1116
4734
4628
7581
9711
6635
8264
4340
9736
8009
6763
8052
4825
8051
765
5832
1543
6106
4089
3539
5364
1876
2726
4125
1546
5728
6255
1867
2769
8072
609
2072
8608
6423
5791
9773
8853
3674
972
3440
4631
3016
3491
1671
262
9899
3031
2568
184
3085
6541
7644
7515
7630
9920
3763
6958
8751
4224
6041
2911
2068
8667
4137
5307
4866
8221
9749
9605
1308
8758
3023
4400
3607
212
8673
5433
6331
4290
1279
1292
2502
8032
9826
4656
3580
3308
6727
3274
6764
8870
6510
7086
5205
2303
1398
7311
8863
5863
7013
7528
4904
6514
5012
8464
4009
8843
6278
2471
7578
7994
9791
9054
4569
1065
8326
5107
6838
2545
8693
5990
8409
9707
6039
6351
9142
8551
3262
6210
4611
4991
33
8147
9747
1626
1535
6132
7067
1399
3742
9946
4231
3784
8289
548
2135
1228
8239
8970
9218
1104
8034
7938
5871
2257
8615
6363
8029
9891
2296
7885
6187
9560
2886
471
4551
107
1028
43
9480
3688
5380
7692
8426
6040
2571
979
7342
355
5409
5186
3570
6924
3419
4709
2666
9548
7657
644
2403
4383
1604
5503
2113
3647
3211
5477
6285
2410
3774
2711
4558
3422
3965
5050
2927
2989
1271
2338
772
9438
186
6817
5893
121
6833
4405
5402
4771
7532
6112
3586
4805
2913
1887
1410
3878
1726
7474
4298
4794
3937
6638
8909
403
3701
4553
6220
3554
3090
2173
1302
698
1122
5141
8356
8874
8841
1432
2868
113
5539
7333
7120
5691
275
4301
830
305
3549
5375
4226
522
6450
1286
5166
827
8335
499
4338
5478
4371
1151
2567
7793
2496
6004
694
2485
6364
3759
7558
848
5502
196
1084
4382
3321
5904
5230
4510
5958
1739
2759
3540
5063
5701
5491
9902
4275
6952
4090
2941
1454
2705
804
1178
2310
5028
8135
5983
1515
2372
9114
1014
9580
2448
5008
6945
189
3534
4843
2864
5462
1275
6947
5919
8099
4070
3338
2749
2778
8622
7632
911
1855
4345
1581
6730
7330
1830
919
3982
6679
1743
9527
9717
7198
7963
9502
154
1427
4754
390
7240
3682
6
7367
8885
2563
7159
3740
627
3978
6428
8880
1922
3520
5805
20
7039
4323
2131
7005
8489
6857
6313
8279
1334
7508
6634
5779
7969
1139
1485
2516
7844
6798
8342
6475
756
5455
524
4452
8258
3224
9945
5822
6332
2515
6052
9223
6531
7446
5253
3277
9225
2557
5303
1283
6979
7498
4747
323
6613
1989
3785
2003
1103
5550
4386
3818
2002
3884
5058
9376
457
2810
4063
9410
9335
4278
981
5061
7021
2616
6063
338
9003
7015
9144
1732
9546
4008
2381
4047
2804
1899
8761
3951
2672
1575
1167
4998
3474
1008
4581
9215
8709
5675
9428
6114
2498
7389
8005
2592
926
2076
405
1307
4887
5241
8460
4592
1680
4378
3035
3297
4250
4394
6517
9041
7047
8705
1258
4952
9709
3359
3999
3864
4750
4462
5579
8161
4681
6986
5792
3129
7690
6576
8281
9017
9714
536
7227
5616
7914
3157
1618
2001
9067
1580
6883
621
348
4501
173
1761
8789
9134
6027
1193
7378
5362
7097
4174
1932
1510
586
3622
983
1475
1679
1822
9834
6433
3867
3102
8384
9270
8149
3831
4203
9656
41
4363
5624
3542
7824
3847
2647
613
1674
2248
6780
1703
2561
3493
7916
9751
4036
9731
4165
6151
834
5878
9897
7439
6659
1779
3060
5570
1056
2905
9488
7145
3697
9312
6091
6050
9097
205
8937
6792
9766
4871
1022
6882
8064
2147
4606
4774
5004
528
7752
6782
9873
4058
4152
3589
3823
4913
7237
4541
5052
3095
7495
5274
4600
3346
7386
5684
9934
544
9586
9827
2947
85
5193
1698
3875
8565
7548
9314
7826
198
2519
543
7840
9370
3351
2439
5617
2217
9802
5772
3245
5706
4037
5713
8924
191
5828
4240
6455
1345
5278
2305
4068
4822
2489
3905
5404
7864
4873
412
7760
6711
3565
3256
1078
3882
291
3566
5427
8218
14
3805
3507
7190
6418
5850
7104
2988
814
2203
3299
8368
659
7143
696
3658
3777
7230
3483
1647
9636
4459
4911
4983
389
4827
3902
8580
882
9286
4836
520
8130
3744
9892
1445
1603
9967
4392
1642
1945
5667
4881
126
4970
4274
9193
1589
8454
1087
7476
4087
6734
4810
1
4455
2639
9417
3231
1742
5768
9200
6540
4663
2358
902
9958
540
2875
3042
2753
2289
2935
5
8851
662
5548
5679
2657
5501
5614
1593
44
3914
9243
2189
3803
2790
2479
4889
6554
6479
1946
1722
4473
238
8830
9011
7574
9620
5559
3656
2150
4799
6204
4732

Vetor ordenado com Shell Sort:
1
2
3
4
5
6
7
8
9
10
11
12
13
14
15
16
17
18
19
20
21
22
23
24
25
26
27
28
29
30
31
32
33
34
35
36
37
38
39
40
41
42
43
44
45
46
47
48
49
50
51
52
53
54
55
56
57
58
59
60
61
62
63
64
65
66
67
68
69
70
71
72
73
74
75
76
77
78
79
80
81
82
83
84
85
86
87
88
89
90
91
92
93
94
95
96
97
98
99
100
101
102
103
104
105
106
107
108
109
110
111
112
113
114
115
116
117
118
119
120
121
122
123
124
125
126
127
128
129
130
131
132
133
134
135
136
137
138
139
140
141
142
143
144
145
146
147
148
149
150
151
152
153
154
155
156
157
158
159
160
161
162
163
164
165
166
167
168
169
170
171
172
173
174
175
176
177
178
179
180
181
182
183
184
185
186
187
188
189
190
191
192
193
194
195
196
197
198
199
200
201
202
203
204
205
206
207
208
209
210
211
212
213
214
215
216
217
218
219
220
221
222
223
224
225
226
227
228
229
230
231
232
233
234
235
236
237
238
239
240
241
242
243
244
245
246
247
248
249
250
251
252
253
254
255
256
257
258
259
260
261
262
263
264
265
266
267
268
269
270
271
272
273
274
275
276
277
278
279
280
281
282
283
284
285
286
287
288
289
290
291
292
293
294
295
296
297
298
299
300
301
302
303
304
305
306
307
308
309
310
311
312
313
314
315
316
317
318
319
320
321
322
323
324
325
326
327
328
329
330
331
332
333
334
335
336
337
338
339
340
341
342
343
344
345
346
347
348
349
350
351
352
353
354
355
356
357
358
359
360
361
362
363
364
365
366
367
368
369
370
371
372
373
374
375
376
377
378
379
380
381
382
383
384
385
386
387
388
389
390
391
392
393
394
395
396
397
398
399
400
401
402
403
404
405
406
407
408
409
410
411
412
413
414
415
416
417
418
419
420
421
422
423
424
425
426
427
428
429
430
431
432
433
434
435
436
437
438
439
440
441
442
443
444
445
446
447
448
449
450
451
452
453
454
455
456
457
458
459
460
461
462
463
464
465
466
467
468
469
470
471
472
473
474
475
476
477
478
479
480
481
482
483
484
485
486
487
488
489
490
491
492
493
494
495
496
497
498
499
500
501
502
503
504
505
506
507
508
509
510
511
512
513
514
515
516
517
518
519
520
521
522
523
524
525
526
527
528
529
530
531
532
533
534
535
536
537
538
539
540
541
542
543
544
545
546
547
548
549
550
551
552
553
554
555
556
557
558
559
560
561
562
563
564
565
566
567
568
569
570
571
572
573
574
575
576
577
578
579
580
581
582
583
584
585
586
587
588
589
590
591
592
593
594
595
596
597
598
599
600
601
602
603
604
605
606
607
608
609
610
611
612
613
614
615
616
617
618
619
620
621
622
623
624
625
626
627
628
629
630
631
632
633
634
635
636
637
638
639
640
641
642
643
644
645
646
647
648
649
650
651
652
653
654
655
656
657
658
659
660
661
662
663
664
665
666
667
668
669
670
671
672
673
674
675
676
677
678
679
680
681
682
683
684
685
686
687
688
689
690
691
692
693
694
695
696
697
698
699
700
701
702
703
704
705
706
707
708
709
710
711
712
713
714
715
716
717
718
719
720
721
722
723
724
725
726
727
728
729
730
731
732
733
734
735
736
737
738
739
740
741
742
743
744
745
746
747
748
749
750
751
752
753
754
755
756
757
758
759
760
761
762
763
764
765
766
767
768
769
770
771
772
773
774
775
776
777
778
779
780
781
782
783
784
785
786
787
788
789
790
791
792
793
794
795
796
797
798
799
800
801
802
803
804
805
806
807
808
809
810
811
812
813
814
815
816
817
818
819
820
821
822
823
824
825
826
827
828
829
830
831
832
833
834
835
836
837
838
839
840
841
842
843
844
845
846
847
848
849
850
851
852
853
854
855
856
857
858
859
860
861
862
863
864
865
866
867
868
869
870
871
872
873
874
875
876
877
878
879
880
881
882
883
884
885
886
887
888
889
890
891
892
893
894
895
896
897
898
899
900
901
902
903
904
905
906
907
908
909
910
911
912
913
914
915
916
917
918
919
920
921
922
923
924
925
926
927
928
929
930
931
932
933
934
935
936
937
938
939
940
941
942
943
944
945
946
947
948
949
950
951
952
953
954
955
956
957
958
959
960
961
962
963
964
965
966
967
968
969
970
971
972
973
974
975
976
977
978
979
980
981
982
983
984
985
986
987
988
989
990
991
992
993
994
995
996
997
998
999
1000
1001
1002
1003
1004
1005
1006
1007
1008
1009
1010
1011
1012
1013
1014
1015
1016
1017
1018
1019
1020
1021
1022
1023
1024
1025
1026
1027
1028
1029
1030
1031
1032
1033
1034
1035
1036
1037
1038
1039
1040
1041
1042
1043
1044
1045
1046
1047
1048
1049
1050
1051
1052
1053
1054
1055
1056
1057
1058
1059
1060
1061
1062
1063
1064
1065
1066
1067
1068
1069
1070
1071
1072
1073
1074
1075
1076
1077
1078
1079
1080
1081
1082
1083
1084
1085
1086
1087
1088
1089
1090
1091
1092
1093
1094
1095
1096
1097
1098
1099
1100
1101
1102
1103
1104
1105
1106
1107
1108
1109
1110
1111
1112
1113
1114
1115
1116
1117
1118
1119
1120
1121
1122
1123
1124
1125
1126
1127
1128
1129
1130
1131
1132
1133
1134
1135
1136
1137
1138
1139
1140
1141
1142
1143
1144
1145
1146
1147
1148
1149
1150
1151
1152
1153
1154
1155
1156
1157
1158
1159
1160
1161
1162
1163
1164
1165
1166
1167
1168
1169
1170
1171
1172
1173
1174
1175
1176
1177
1178
1179
1180
1181
1182
1183
1184
1185
1186
1187
1188
1189
1190
1191
1192
1193
1194
1195
1196
1197
1198
1199
1200
1201
1202
1203
1204
1205
1206
1207
1208
1209
1210
1211
1212
1213
1214
1215
1216
1217
1218
1219
1220
1221
1222
1223
1224
1225
1226
1227
1228
1229
1230
1231
1232
1233
1234
1235
1236
1237
1238
1239
1240
1241
1242
1243
1244
1245
1246
1247
1248
1249
1250
1251
1252
1253
1254
1255
1256
1257
1258
1259
1260
1261
1262
1263
1264
1265
1266
1267
1268
1269
1270
1271
1272
1273
1274
1275
1276
1277
1278
1279
1280
1281
1282
1283
1284
1285
1286
1287
1288
1289
1290
1291
1292
1293
1294
1295
1296
1297
1298
1299
1300
1301
1302
1303
1304
1305
1306
1307
1308
1309
1310
1311
1312
1313
1314
1315
1316
1317
1318
1319
1320
1321
1322
1323
1324
1325
1326
1327
1328
1329
1330
1331
1332
1333
1334
1335
1336
1337
1338
1339
1340
1341
1342
1343
1344
1345
1346
1347
1348
1349
1350
1351
1352
1353
1354
1355
1356
1357
1358
1359
1360
1361
1362
1363
1364
1365
1366
1367
1368
1369
1370
1371
1372
1373
1374
1375
1376
1377
1378
1379
1380
1381
1382
1383
1384
1385
1386
1387
1388
1389
1390
1391
1392
1393
1394
1395
1396
1397
1398
1399
1400
1401
1402
1403
1404
1405
1406
1407
1408
1409
1410
1411
1412
1413
1414
1415
1416
1417
1418
1419
1420
1421
1422
1423
1424
1425
1426
1427
1428
1429
1430
1431
1432
1433
1434
1435
1436
1437
1438
1439
1440
1441
1442
1443
1444
1445
1446
1447
1448
1449
1450
1451
1452
1453
1454
1455
1456
1457
1458
1459
1460
1461
1462
1463
1464
1465
1466
1467
1468
1469
1470
1471
1472
1473
1474
1475
1476
1477
1478
1479
1480
1481
1482
1483
1484
1485
1486
1487
1488
1489
1490
1491
1492
1493
1494
1495
1496
1497
1498
1499
1500
1501
1502
1503
1504
1505
1506
1507
1508
1509
1510
1511
1512
1513
1514
1515
1516
1517
1518
1519
1520
1521
1522
1523
1524
1525
1526
1527
1528
1529
1530
1531
1532
1533
1534
1535
1536
1537
1538
1539
1540
1541
1542
1543
1544
1545
1546
1547
1548
1549
1550
1551
1552
1553
1554
1555
1556
1557
1558
1559
1560
1561
1562
1563
1564
1565
1566
1567
1568
1569
1570
1571
1572
1573
1574
1575
1576
1577
1578
1579
1580
1581
1582
1583
1584
1585
1586
1587
1588
1589
1590
1591
1592
1593
1594
1595
1596
1597
1598
1599
1600
1601
1602
1603
1604
1605
1606
1607
1608
1609
1610
1611
1612
1613
1614
1615
1616
1617
1618
1619
1620
1621
1622
1623
1624
1625
1626
1627
1628
1629
1630
1631
1632
1633
1634
1635
1636
1637
1638
1639
1640
1641
1642
1643
1644
1645
1646
1647
1648
1649
1650
1651
1652
1653
1654
1655
1656
1657
1658
1659
1660
1661
1662
1663
1664
1665
1666
1667
1668
1669
1670
1671
1672
1673
1674
1675
1676
1677
1678
1679
1680
1681
1682
1683
1684
1685
1686
1687
1688
1689
1690
1691
1692
1693
1694
1695
1696
1697
1698
1699
1700
1701
1702
1703
1704
1705
1706
1707
1708
1709
1710
1711
1712
1713
1714
1715
1716
1717
1718
1719
1720
1721
1722
1723
1724
1725
1726
1727
1728
1729
1730
1731
1732
1733
1734
1735
1736
1737
1738
1739
1740
1741
1742
1743
1744
1745
1746
1747
1748
1749
1750
1751
1752
1753
1754
1755
1756
1757
1758
1759
1760
1761
1762
1763
1764
1765
1766
1767
1768
1769
1770
1771
1772
1773
1774
1775
1776
1777
1778
1779
1780
1781
1782
1783
1784
1785
1786
1787
1788
1789
1790
1791
1792
1793
1794
1795
1796
1797
1798
1799
1800
1801
1802
1803
1804
1805
1806
1807
1808
1809
1810
1811
1812
1813
1814
1815
1816
1817
1818
1819
1820
1821
1822
1823
1824
1825
1826
1827
1828
1829
1830
1831
1832
1833
1834
1835
1836
1837
1838
1839
1840
1841
1842
1843
1844
1845
1846
1847
1848
1849
1850
1851
1852
1853
1854
1855
1856
1857
1858
1859
1860
1861
1862
1863
1864
1865
1866
1867
1868
1869
1870
1871
1872
1873
1874
1875
1876
1877
1878
1879
1880
1881
1882
1883
1884
1885
1886
1887
1888
1889
1890
1891
1892
1893
1894
1895
1896
1897
1898
1899
1900
1901
1902
1903
1904
1905
1906
1907
1908
1909
1910
1911
1912
1913
1914
1915
1916
1917
1918
1919
1920
1921
1922
1923
1924
1925
1926
1927
1928
1929
1930
1931
1932
1933
1934
1935
1936
1937
1938
1939
1940
1941
1942
1943
1944
1945
1946
1947
1948
1949
1950
1951
1952
1953
1954
1955
1956
1957
1958
1959
1960
1961
1962
1963
1964
1965
1966
1967
1968
1969
1970
1971
1972
1973
1974
1975
1976
1977
1978
1979
1980
1981
1982
1983
1984
1985
1986
1987
1988
1989
1990
1991
1992
1993
1994
1995
1996
1997
1998
1999
2000
2001
2002
2003
2004
2005
2006
2007
2008
2009
2010
2011
2012
2013
2014
2015
2016
2017
2018
2019
2020
2021
2022
2023
2024
2025
2026
2027
2028
2029
2030
2031
2032
2033
2034
2035
2036
2037
2038
2039
2040
2041
2042
2043
2044
2045
2046
2047
2048
2049
2050
2051
2052
2053
2054
2055
2056
2057
2058
2059
2060
2061
2062
2063
2064
2065
2066
2067
2068
2069
2070
2071
2072
2073
2074
2075
2076
2077
2078
2079
2080
2081
2082
2083
2084
2085
2086
2087
2088
2089
2090
2091
2092
2093
2094
2095
2096
2097
2098
2099
2100
2101
2102
2103
2104
2105
2106
2107
2108
2109
2110
2111
2112
2113
2114
2115
2116
2117
2118
2119
2120
2121
2122
2123
2124
2125
2126
2127
2128
2129
2130
2131
2132
2133
2134
2135
2136
2137
2138
2139
2140
2141
2142
2143
2144
2145
2146
2147
2148
2149
2150
2151
2152
2153
2154
2155
2156
2157
2158
2159
2160
2161
2162
2163
2164
2165
2166
2167
2168
2169
2170
2171
2172
2173
2174
2175
2176
2177
2178
2179
2180
2181
2182
2183
2184
2185
2186
2187
2188
2189
2190
2191
2192
2193
2194
2195
2196
2197
2198
2199
2200
2201
2202
2203
2204
2205
2206
2207
2208
2209
2210
2211
2212
2213
2214
2215
2216
2217
2218
2219
2220
2221
2222
2223
2224
2225
2226
2227
2228
2229
2230
2231
2232
2233
2234
2235
2236
2237
2238
2239
2240
2241
2242
2243
2244
2245
2246
2247
2248
2249
2250
2251
2252
2253
2254
2255
2256
2257
2258
2259
2260
2261
2262
2263
2264
2265
2266
2267
2268
2269
2270
2271
2272
2273
2274
2275
2276
2277
2278
2279
2280
2281
2282
2283
2284
2285
2286
2287
2288
2289
2290
2291
2292
2293
2294
2295
2296
2297
2298
2299
2300
2301
2302
2303
2304
2305
2306
2307
2308
2309
2310
2311
2312
2313
2314
2315
2316
2317
2318
2319
2320
2321
2322
2323
2324
2325
2326
2327
2328
2329
2330
2331
2332
2333
2334
2335
2336
2337
2338
2339
2340
2341
2342
2343
2344
2345
2346
2347
2348
2349
2350
2351
2352
2353
2354
2355
2356
2357
2358
2359
2360
2361
2362
2363
2364
2365
2366
2367
2368
2369
2370
2371
2372
2373
2374
2375
2376
2377
2378
2379
2380
2381
2382
2383
2384
2385
2386
2387
2388
2389
2390
2391
2392
2393
2394
2395
2396
2397
2398
2399
2400
2401
2402
2403
2404
2405
2406
2407
2408
2409
2410
2411
2412
2413
2414
2415
2416
2417
2418
2419
2420
2421
2422
2423
2424
2425
2426
2427
2428
2429
2430
2431
2432
2433
2434
2435
2436
2437
2438
2439
2440
2441
2442
2443
2444
2445
2446
2447
2448
2449
2450
2451
2452
2453
2454
2455
2456
2457
2458
2459
2460
2461
2462
2463
2464
2465
2466
2467
2468
2469
2470
2471
2472
2473
2474
2475
2476
2477
2478
2479
2480
2481
2482
2483
2484
2485
2486
2487
2488
2489
2490
2491
2492
2493
2494
2495
2496
2497
2498
2499
2500
2501
2502
2503
2504
2505
2506
2507
2508
2509
2510
2511
2512
2513
2514
2515
2516
2517
2518
2519
2520
2521
2522
2523
2524
2525
2526
2527
2528
2529
2530
2531
2532
2533
2534
2535
2536
2537
2538
2539
2540
2541
2542
2543
2544
2545
2546
2547
2548
2549
2550
2551
2552
2553
2554
2555
2556
2557
2558
2559
2560
2561
2562
2563
2564
2565
2566
2567
2568
2569
2570
2571
2572
2573
2574
2575
2576
2577
2578
2579
2580
2581
2582
2583
2584
2585
2586
2587
2588
2589
2590
2591
2592
2593
2594
2595
2596
2597
2598
2599
2600
2601
2602
2603
2604
2605
2606
2607
2608
2609
2610
2611
2612
2613
2614
2615
2616
2617
2618
2619
2620
2621
2622
2623
2624
2625
2626
2627
2628
2629
2630
2631
2632
2633
2634
2635
2636
2637
2638
2639
2640
2641
2642
2643
2644
2645
2646
2647
2648
2649
2650
2651
2652
2653
2654
2655
2656
2657
2658
2659
2660
2661
2662
2663
2664
2665
2666
2667
2668
2669
2670
2671
2672
2673
2674
2675
2676
2677
2678
2679
2680
2681
2682
2683
2684
2685
2686
2687
2688
2689
2690
2691
2692
2693
2694
2695
2696
2697
2698
2699
2700
2701
2702
2703
2704
2705
2706
2707
2708
2709
2710
2711
2712
2713
2714
2715
2716
2717
2718
2719
2720
2721
2722
2723
2724
2725
2726
2727
2728
2729
2730
2731
2732
2733
2734
2735
2736
2737
2738
2739
2740
2741
2742
2743
2744
2745
2746
2747
2748
2749
2750
2751
2752
2753
2754
2755
2756
2757
2758
2759
2760
2761
2762
2763
2764
2765
2766
2767
2768
2769
2770
2771
2772
2773
2774
2775
2776
2777
2778
2779
2780
2781
2782
2783
2784
2785
2786
2787
2788
2789
2790
2791
2792
2793
2794
2795
2796
2797
2798
2799
2800
2801
2802
2803
2804
2805
2806
2807
2808
2809
2810
2811
2812
2813
2814
2815
2816
2817
2818
2819
2820
2821
2822
2823
2824
2825
2826
2827
2828
2829
2830
2831
2832
2833
2834
2835
2836
2837
2838
2839
2840
2841
2842
2843
2844
2845
2846
2847
2848
2849
2850
2851
2852
2853
2854
2855
2856
2857
2858
2859
2860
2861
2862
2863
2864
2865
2866
2867
2868
2869
2870
2871
2872
2873
2874
2875
2876
2877
2878
2879
2880
2881
2882
2883
2884
2885
2886
2887
2888
2889
2890
2891
2892
2893
2894
2895
2896
2897
2898
2899
2900
2901
2902
2903
2904
2905
2906
2907
2908
2909
2910
2911
2912
2913
2914
2915
2916
2917
2918
2919
2920
2921
2922
2923
2924
2925
2926
2927
2928
2929
2930
2931
2932
2933
2934
2935
2936
2937
2938
2939
2940
2941
2942
2943
2944
2945
2946
2947
2948
2949
2950
2951
2952
2953
2954
2955
2956
2957
2958
2959
2960
2961
2962
2963
2964
2965
2966
2967
2968
2969
2970
2971
2972
2973
2974
2975
2976
2977
2978
2979
2980
2981
2982
2983
2984
2985
2986
2987
2988
2989
2990
2991
2992
2993
2994
2995
2996
2997
2998
2999
3000
3001
3002
3003
3004
3005
3006
3007
3008
3009
3010
3011
3012
3013
3014
3015
3016
3017
3018
3019
3020
3021
3022
3023
3024
3025
3026
3027
3028
3029
3030
3031
3032
3033
3034
3035
3036
3037
3038
3039
3040
3041
3042
3043
3044
3045
3046
3047
3048
3049
3050
3051
3052
3053
3054
3055
3056
3057
3058
3059
3060
3061
3062
3063
3064
3065
3066
3067
3068
3069
3070
3071
3072
3073
3074
3075
3076
3077
3078
3079
3080
3081
3082
3083
3084
3085
3086
3087
3088
3089
3090
3091
3092
3093
3094
3095
3096
3097
3098
3099
3100
3101
3102
3103
3104
3105
3106
3107
3108
3109
3110
3111
3112
3113
3114
3115
3116
3117
3118
3119
3120
3121
3122
3123
3124
3125
3126
3127
3128
3129
3130
3131
3132
3133
3134
3135
3136
3137
3138
3139
3140
3141
3142
3143
3144
3145
3146
3147
3148
3149
3150
3151
3152
3153
3154
3155
3156
3157
3158
3159
3160
3161
3162
3163
3164
3165
3166
3167
3168
3169
3170
3171
3172
3173
3174
3175
3176
3177
3178
3179
3180
3181
3182
3183
3184
3185
3186
3187
3188
3189
3190
3191
3192
3193
3194
3195
3196
3197
3198
3199
3200
3201
3202
3203
3204
3205
3206
3207
3208
3209
3210
3211
3212
3213
3214
3215
3216
3217
3218
3219
3220
3221
3222
3223
3224
3225
3226
3227
3228
3229
3230
3231
3232
3233
3234
3235
3236
3237
3238
3239
3240
3241
3242
3243
3244
3245
3246
3247
3248
3249
3250
3251
3252
3253
3254
3255
3256
3257
3258
3259
3260
3261
3262
3263
3264
3265
3266
3267
3268
3269
3270
3271
3272
3273
3274
3275
3276
3277
3278
3279
3280
3281
3282
3283
3284
3285
3286
3287
3288
3289
3290
3291
3292
3293
3294
3295
3296
3297
3298
3299
3300
3301
3302
3303
3304
3305
3306
3307
3308
3309
3310
3311
3312
3313
3314
3315
3316
3317
3318
3319
3320
3321
3322
3323
3324
3325
3326
3327
3328
3329
3330
3331
3332
3333
3334
3335
3336
3337
3338
3339
3340
3341
3342
3343
3344
3345
3346
3347
3348
3349
3350
3351
3352
3353
3354
3355
3356
3357
3358
3359
3360
3361
3362
3363
3364
3365
3366
3367
3368
3369
3370
3371
3372
3373
3374
3375
3376
3377
3378
3379
3380
3381
3382
3383
3384
3385
3386
3387
3388
3389
3390
3391
3392
3393
3394
3395
3396
3397
3398
3399
3400
3401
3402
3403
3404
3405
3406
3407
3408
3409
3410
3411
3412
3413
3414
3415
3416
3417
3418
3419
3420
3421
3422
3423
3424
3425
3426
3427
3428
3429
3430
3431
3432
3433
3434
3435
3436
3437
3438
3439
3440
3441
3442
3443
3444
3445
3446
3447
3448
3449
3450
3451
3452
3453
3454
3455
3456
3457
3458
3459
3460
3461
3462
3463
3464
3465
3466
3467
3468
3469
3470
3471
3472
3473
3474
3475
3476
3477
3478
3479
3480
3481
3482
3483
3484
3485
3486
3487
3488
3489
3490
3491
3492
3493
3494
3495
3496
3497
3498
3499
3500
3501
3502
3503
3504
3505
3506
3507
3508
3509
3510
3511
3512
3513
3514
3515
3516
3517
3518
3519
3520
3521
3522
3523
3524
3525
3526
3527
3528
3529
3530
3531
3532
3533
3534
3535
3536
3537
3538
3539
3540
3541
3542
3543
3544
3545
3546
3547
3548
3549
3550
3551
3552
3553
3554
3555
3556
3557
3558
3559
3560
3561
3562
3563
3564
3565
3566
3567
3568
3569
3570
3571
3572
3573
3574
3575
3576
3577
3578
3579
3580
3581
3582
3583
3584
3585
3586
3587
3588
3589
3590
3591
3592
3593
3594
3595
3596
3597
3598
3599
3600
3601
3602
3603
3604
3605
3606
3607
3608
3609
3610
3611
3612
3613
3614
3615
3616
3617
3618
3619
3620
3621
3622
3623
3624
3625
3626
3627
3628
3629
3630
3631
3632
3633
3634
3635
3636
3637
3638
3639
3640
3641
3642
3643
3644
3645
3646
3647
3648
3649
3650
3651
3652
3653
3654
3655
3656
3657
3658
3659
3660
3661
3662
3663
3664
3665
3666
3667
3668
3669
3670
3671
3672
3673
3674
3675
3676
3677
3678
3679
3680
3681
3682
3683
3684
3685
3686
3687
3688
3689
3690
3691
3692
3693
3694
3695
3696
3697
3698
3699
3700
3701
3702
3703
3704
3705
3706
3707
3708
3709
3710
3711
3712
3713
3714
3715
3716
3717
3718
3719
3720
3721
3722
3723
3724
3725
3726
3727
3728
3729
3730
3731
3732
3733
3734
3735
3736
3737
3738
3739
3740
3741
3742
3743
3744
3745
3746
3747
3748
3749
3750
3751
3752
3753
3754
3755
3756
3757
3758
3759
3760
3761
3762
3763
3764
3765
3766
3767
3768
3769
3770
3771
3772
3773
3774
3775
3776
3777
3778
3779
3780
3781
3782
3783
3784
3785
3786
3787
3788
3789
3790
3791
3792
3793
3794
3795
3796
3797
3798
3799
3800
3801
3802
3803
3804
3805
3806
3807
3808
3809
3810
3811
3812
3813
3814
3815
3816
3817
3818
3819
3820
3821
3822
3823
3824
3825
3826
3827
3828
3829
3830
3831
3832
3833
3834
3835
3836
3837
3838
3839
3840
3841
3842
3843
3844
3845
3846
3847
3848
3849
3850
3851
3852
3853
3854
3855
3856
3857
3858
3859
3860
3861
3862
3863
3864
3865
3866
3867
3868
3869
3870
3871
3872
3873
3874
3875
3876
3877
3878
3879
3880
3881
3882
3883
3884
3885
3886
3887
3888
3889
3890
3891
3892
3893
3894
3895
3896
3897
3898
3899
3900
3901
3902
3903
3904
3905
3906
3907
3908
3909
3910
3911
3912
3913
3914
3915
3916
3917
3918
3919
3920
3921
3922
3923
3924
3925
3926
3927
3928
3929
3930
3931
3932
3933
3934
3935
3936
3937
3938
3939
3940
3941
3942
3943
3944
3945
3946
3947
3948
3949
3950
3951
3952
3953
3954
3955
3956
3957
3958
3959
3960
3961
3962
3963
3964
3965
3966
3967
3968
3969
3970
3971
3972
3973
3974
3975
3976
3977
3978
3979
3980
3981
3982
3983
3984
3985
3986
3987
3988
3989
3990
3991
3992
3993
3994
3995
3996
3997
3998
3999
4000
4001
4002
4003
4004
4005
4006
4007
4008
4009
4010
4011
4012
4013
4014
4015
4016
4017
4018
4019
4020
4021
4022
4023
4024
4025
4026
4027
4028
4029
4030
4031
4032
4033
4034
4035
4036
4037
4038
4039
4040
4041
4042
4043
4044
4045
4046
4047
4048
4049
4050
4051
4052
4053
4054
4055
4056
4057
4058
4059
4060
4061
4062
4063
4064
4065
4066
4067
4068
4069
4070
4071
4072
4073
4074
4075
4076
4077
4078
4079
4080
4081
4082
4083
4084
4085
4086
4087
4088
4089
4090
4091
4092
4093
4094
4095
4096
4097
4098
4099
4100
4101
4102
4103
4104
4105
4106
4107
4108
4109
4110
4111
4112
4113
4114
4115
4116
4117
4118
4119
4120
4121
4122
4123
4124
4125
4126
4127
4128
4129
4130
4131
4132
4133
4134
4135
4136
4137
4138
4139
4140
4141
4142
4143
4144
4145
4146
4147
4148
4149
4150
4151
4152
4153
4154
4155
4156
4157
4158
4159
4160
4161
4162
4163
4164
4165
4166
4167
4168
4169
4170
4171
4172
4173
4174
4175
4176
4177
4178
4179
4180
4181
4182
4183
4184
4185
4186
4187
4188
4189
4190
4191
4192
4193
4194
4195
4196
4197
4198
4199
4200
4201
4202
4203
4204
4205
4206
4207
4208
4209
4210
4211
4212
4213
4214
4215
4216
4217
4218
4219
4220
4221
4222
4223
4224
4225
4226
4227
4228
4229
4230
4231
4232
4233
4234
4235
4236
4237
4238
4239
4240
4241
4242
4243
4244
4245
4246
4247
4248
4249
4250
4251
4252
4253
4254
4255
4256
4257
4258
4259
4260
4261
4262
4263
4264
4265
4266
4267
4268
4269
4270
4271
4272
4273
4274
4275
4276
4277
4278
4279
4280
4281
4282
4283
4284
4285
4286
4287
4288
4289
4290
4291
4292
4293
4294
4295
4296
4297
4298
4299
4300
4301
4302
4303
4304
4305
4306
4307
4308
4309
4310
4311
4312
4313
4314
4315
4316
4317
4318
4319
4320
4321
4322
4323
4324
4325
4326
4327
4328
4329
4330
4331
4332
4333
4334
4335
4336
4337
4338
4339
4340
4341
4342
4343
4344
4345
4346
4347
4348
4349
4350
4351
4352
4353
4354
4355
4356
4357
4358
4359
4360
4361
4362
4363
4364
4365
4366
4367
4368
4369
4370
4371
4372
4373
4374
4375
4376
4377
4378
4379
4380
4381
4382
4383
4384
4385
4386
4387
4388
4389
4390
4391
4392
4393
4394
4395
4396
4397
4398
4399
4400
4401
4402
4403
4404
4405
4406
4407
4408
4409
4410
4411
4412
4413
4414
4415
4416
4417
4418
4419
4420
4421
4422
4423
4424
4425
4426
4427
4428
4429
4430
4431
4432
4433
4434
4435
4436
4437
4438
4439
4440
4441
4442
4443
4444
4445
4446
4447
4448
4449
4450
4451
4452
4453
4454
4455
4456
4457
4458
4459
4460
4461
4462
4463
4464
4465
4466
4467
4468
4469
4470
4471
4472
4473
4474
4475
4476
4477
4478
4479
4480
4481
4482
4483
4484
4485
4486
4487
4488
4489
4490
4491
4492
4493
4494
4495
4496
4497
4498
4499
4500
4501
4502
4503
4504
4505
4506
4507
4508
4509
4510
4511
4512
4513
4514
4515
4516
4517
4518
4519
4520
4521
4522
4523
4524
4525
4526
4527
4528
4529
4530
4531
4532
4533
4534
4535
4536
4537
4538
4539
4540
4541
4542
4543
4544
4545
4546
4547
4548
4549
4550
4551
4552
4553
4554
4555
4556
4557
4558
4559
4560
4561
4562
4563
4564
4565
4566
4567
4568
4569
4570
4571
4572
4573
4574
4575
4576
4577
4578
4579
4580
4581
4582
4583
4584
4585
4586
4587
4588
4589
4590
4591
4592
4593
4594
4595
4596
4597
4598
4599
4600
4601
4602
4603
4604
4605
4606
4607
4608
4609
4610
4611
4612
4613
4614
4615
4616
4617
4618
4619
4620
4621
4622
4623
4624
4625
4626
4627
4628
4629
4630
4631
4632
4633
4634
4635
4636
4637
4638
4639
4640
4641
4642
4643
4644
4645
4646
4647
4648
4649
4650
4651
4652
4653
4654
4655
4656
4657
4658
4659
4660
4661
4662
4663
4664
4665
4666
4667
4668
4669
4670
4671
4672
4673
4674
4675
4676
4677
4678
4679
4680
4681
4682
4683
4684
4685
4686
4687
4688
4689
4690
4691
4692
4693
4694
4695
4696
4697
4698
4699
4700
4701
4702
4703
4704
4705
4706
4707
4708
4709
4710
4711
4712
4713
4714
4715
4716
4717
4718
4719
4720
4721
4722
4723
4724
4725
4726
4727
4728
4729
4730
4731
4732
4733
4734
4735
4736
4737
4738
4739
4740
4741
4742
4743
4744
4745
4746
4747
4748
4749
4750
4751
4752
4753
4754
4755
4756
4757
4758
4759
4760
4761
4762
4763
4764
4765
4766
4767
4768
4769
4770
4771
4772
4773
4774
4775
4776
4777
4778
4779
4780
4781
4782
4783
4784
4785
4786
4787
4788
4789
4790
4791
4792
4793
4794
4795
4796
4797
4798
4799
4800
4801
4802
4803
4804
4805
4806
4807
4808
4809
4810
4811
4812
4813
4814
4815
4816
4817
4818
4819
4820
4821
4822
4823
4824
4825
4826
4827
4828
4829
4830
4831
4832
4833
4834
4835
4836
4837
4838
4839
4840
4841
4842
4843
4844
4845
4846
4847
4848
4849
4850
4851
4852
4853
4854
4855
4856
4857
4858
4859
4860
4861
4862
4863
4864
4865
4866
4867
4868
4869
4870
4871
4872
4873
4874
4875
4876
4877
4878
4879
4880
4881
4882
4883
4884
4885
4886
4887
4888
4889
4890
4891
4892
4893
4894
4895
4896
4897
4898
4899
4900
4901
4902
4903
4904
4905
4906
4907
4908
4909
4910
4911
4912
4913
4914
4915
4916
4917
4918
4919
4920
4921
4922
4923
4924
4925
4926
4927
4928
4929
4930
4931
4932
4933
4934
4935
4936
4937
4938
4939
4940
4941
4942
4943
4944
4945
4946
4947
4948
4949
4950
4951
4952
4953
4954
4955
4956
4957
4958
4959
4960
4961
4962
4963
4964
4965
4966
4967
4968
4969
4970
4971
4972
4973
4974
4975
4976
4977
4978
4979
4980
4981
4982
4983
4984
4985
4986
4987
4988
4989
4990
4991
4992
4993
4994
4995
4996
4997
4998
4999
5000
5001
5002
5003
5004
5005
5006
5007
5008
5009
5010
5011
5012
5013
5014
5015
5016
5017
5018
5019
5020
5021
5022
5023
5024
5025
5026
5027
5028
5029
5030
5031
5032
5033
5034
5035
5036
5037
5038
5039
5040
5041
5042
5043
5044
5045
5046
5047
5048
5049
5050
5051
5052
5053
5054
5055
5056
5057
5058
5059
5060
5061
5062
5063
5064
5065
5066
5067
5068
5069
5070
5071
5072
5073
5074
5075
5076
5077
5078
5079
5080
5081
5082
5083
5084
5085
5086
5087
5088
5089
5090
5091
5092
5093
5094
5095
5096
5097
5098
5099
5100
5101
5102
5103
5104
5105
5106
5107
5108
5109
5110
5111
5112
5113
5114
5115
5116
5117
5118
5119
5120
5121
5122
5123
5124
5125
5126
5127
5128
5129
5130
5131
5132
5133
5134
5135
5136
5137
5138
5139
5140
5141
5142
5143
5144
5145
5146
5147
5148
5149
5150
5151
5152
5153
5154
5155
5156
5157
5158
5159
5160
5161
5162
5163
5164
5165
5166
5167
5168
5169
5170
5171
5172
5173
5174
5175
5176
5177
5178
5179
5180
5181
5182
5183
5184
5185
5186
5187
5188
5189
5190
5191
5192
5193
5194
5195
5196
5197
5198
5199
5200
5201
5202
5203
5204
5205
5206
5207
5208
5209
5210
5211
5212
5213
5214
5215
5216
5217
5218
5219
5220
5221
5222
5223
5224
5225
5226
5227
5228
5229
5230
5231
5232
5233
5234
5235
5236
5237
5238
5239
5240
5241
5242
5243
5244
5245
5246
5247
5248
5249
5250
5251
5252
5253
5254
5255
5256
5257
5258
5259
5260
5261
5262
5263
5264
5265
5266
5267
5268
5269
5270
5271
5272
5273
5274
5275
5276
5277
5278
5279
5280
5281
5282
5283
5284
5285
5286
5287
5288
5289
5290
5291
5292
5293
5294
5295
5296
5297
5298
5299
5300
5301
5302
5303
5304
5305
5306
5307
5308
5309
5310
5311
5312
5313
5314
5315
5316
5317
5318
5319
5320
5321
5322
5323
5324
5325
5326
5327
5328
5329
5330
5331
5332
5333
5334
5335
5336
5337
5338
5339
5340
5341
5342
5343
5344
5345
5346
5347
5348
5349
5350
5351
5352
5353
5354
5355
5356
5357
5358
5359
5360
5361
5362
5363
5364
5365
5366
5367
5368
5369
5370
5371
5372
5373
5374
5375
5376
5377
5378
5379
5380
5381
5382
5383
5384
5385
5386
5387
5388
5389
5390
5391
5392
5393
5394
5395
5396
5397
5398
5399
5400
5401
5402
5403
5404
5405
5406
5407
5408
5409
5410
5411
5412
5413
5414
5415
5416
5417
5418
5419
5420
5421
5422
5423
5424
5425
5426
5427
5428
5429
5430
5431
5432
5433
5434
5435
5436
5437
5438
5439
5440
5441
5442
5443
5444
5445
5446
5447
5448
5449
5450
5451
5452
5453
5454
5455
5456
5457
5458
5459
5460
5461
5462
5463
5464
5465
5466
5467
5468
5469
5470
5471
5472
5473
5474
5475
5476
5477
5478
5479
5480
5481
5482
5483
5484
5485
5486
5487
5488
5489
5490
5491
5492
5493
5494
5495
5496
5497
5498
5499
5500
5501
5502
5503
5504
5505
5506
5507
5508
5509
5510
5511
5512
5513
5514
5515
5516
5517
5518
5519
5520
5521
5522
5523
5524
5525
5526
5527
5528
5529
5530
5531
5532
5533
5534
5535
5536
5537
5538
5539
5540
5541
5542
5543
5544
5545
5546
5547
5548
5549
5550
5551
5552
5553
5554
5555
5556
5557
5558
5559
5560
5561
5562
5563
5564
5565
5566
5567
5568
5569
5570
5571
5572
5573
5574
5575
5576
5577
5578
5579
5580
5581
5582
5583
5584
5585
5586
5587
5588
5589
5590
5591
5592
5593
5594
5595
5596
5597
5598
5599
5600
5601
5602
5603
5604
5605
5606
5607
5608
5609
5610
5611
5612
5613
5614
5615
5616
5617
5618
5619
5620
5621
5622
5623
5624
5625
5626
5627
5628
5629
5630
5631
5632
5633
5634
5635
5636
5637
5638
5639
5640
5641
5642
5643
5644
5645
5646
5647
5648
5649
5650
5651
5652
5653
5654
5655
5656
5657
5658
5659
5660
5661
5662
5663
5664
5665
5666
5667
5668
5669
5670
5671
5672
5673
5674
5675
5676
5677
5678
5679
5680
5681
5682
5683
5684
5685
5686
5687
5688
5689
5690
5691
5692
5693
5694
5695
5696
5697
5698
5699
5700
5701
5702
5703
5704
5705
5706
5707
5708
5709
5710
5711
5712
5713
5714
5715
5716
5717
5718
5719
5720
5721
5722
5723
5724
5725
5726
5727
5728
5729
5730
5731
5732
5733
5734
5735
5736
5737
5738
5739
5740
5741
5742
5743
5744
5745
5746
5747
5748
5749
5750
5751
5752
5753
5754
5755
5756
5757
5758
5759
5760
5761
5762
5763
5764
5765
5766
5767
5768
5769
5770
5771
5772
5773
5774
5775
5776
5777
5778
5779
5780
5781
5782
5783
5784
5785
5786
5787
5788
5789
5790
5791
5792
5793
5794
5795
5796
5797
5798
5799
5800
5801
5802
5803
5804
5805
5806
5807
5808
5809
5810
5811
5812
5813
5814
5815
5816
5817
5818
5819
5820
5821
5822
5823
5824
5825
5826
5827
5828
5829
5830
5831
5832
5833
5834
5835
5836
5837
5838
5839
5840
5841
5842
5843
5844
5845
5846
5847
5848
5849
5850
5851
5852
5853
5854
5855
5856
5857
5858
5859
5860
5861
5862
5863
5864
5865
5866
5867
5868
5869
5870
5871
5872
5873
5874
5875
5876
5877
5878
5879
5880
5881
5882
5883
5884
5885
5886
5887
5888
5889
5890
5891
5892
5893
5894
5895
5896
5897
5898
5899
5900
5901
5902
5903
5904
5905
5906
5907
5908
5909
5910
5911
5912
5913
5914
5915
5916
5917
5918
5919
5920
5921
5922
5923
5924
5925
5926
5927
5928
5929
5930
5931
5932
5933
5934
5935
5936
5937
5938
5939
5940
5941
5942
5943
5944
5945
5946
5947
5948
5949
5950
5951
5952
5953
5954
5955
5956
5957
5958
5959
5960
5961
5962
5963
5964
5965
5966
5967
5968
5969
5970
5971
5972
5973
5974
5975
5976
5977
5978
5979
5980
5981
5982
5983
5984
5985
5986
5987
5988
5989
5990
5991
5992
5993
5994
5995
5996
5997
5998
5999
6000
6001
6002
6003
6004
6005
6006
6007
6008
6009
6010
6011
6012
6013
6014
6015
6016
6017
6018
6019
6020
6021
6022
6023
6024
6025
6026
6027
6028
6029
6030
6031
6032
6033
6034
6035
6036
6037
6038
6039
6040
6041
6042
6043
6044
6045
6046
6047
6048
6049
6050
6051
6052
6053
6054
6055
6056
6057
6058
6059
6060
6061
6062
6063
6064
6065
6066
6067
6068
6069
6070
6071
6072
6073
6074
6075
6076
6077
6078
6079
6080
6081
6082
6083
6084
6085
6086
6087
6088
6089
6090
6091
6092
6093
6094
6095
6096
6097
6098
6099
6100
6101
6102
6103
6104
6105
6106
6107
6108
6109
6110
6111
6112
6113
6114
6115
6116
6117
6118
6119
6120
6121
6122
6123
6124
6125
6126
6127
6128
6129
6130
6131
6132
6133
6134
6135
6136
6137
6138
6139
6140
6141
6142
6143
6144
6145
6146
6147
6148
6149
6150
6151
6152
6153
6154
6155
6156
6157
6158
6159
6160
6161
6162
6163
6164
6165
6166
6167
6168
6169
6170
6171
6172
6173
6174
6175
6176
6177
6178
6179
6180
6181
6182
6183
6184
6185
6186
6187
6188
6189
6190
6191
6192
6193
6194
6195
6196
6197
6198
6199
6200
6201
6202
6203
6204
6205
6206
6207
6208
6209
6210
6211
6212
6213
6214
6215
6216
6217
6218
6219
6220
6221
6222
6223
6224
6225
6226
6227
6228
6229
6230
6231
6232
6233
6234
6235
6236
6237
6238
6239
6240
6241
6242
6243
6244
6245
6246
6247
6248
6249
6250
6251
6252
6253
6254
6255
6256
6257
6258
6259
6260
6261
6262
6263
6264
6265
6266
6267
6268
6269
6270
6271
6272
6273
6274
6275
6276
6277
6278
6279
6280
6281
6282
6283
6284
6285
6286
6287
6288
6289
6290
6291
6292
6293
6294
6295
6296
6297
6298
6299
6300
6301
6302
6303
6304
6305
6306
6307
6308
6309
6310
6311
6312
6313
6314
6315
6316
6317
6318
6319
6320
6321
6322
6323
6324
6325
6326
6327
6328
6329
6330
6331
6332
6333
6334
6335
6336
6337
6338
6339
6340
6341
6342
6343
6344
6345
6346
6347
6348
6349
6350
6351
6352
6353
6354
6355
6356
6357
6358
6359
6360
6361
6362
6363
6364
6365
6366
6367
6368
6369
6370
6371
6372
6373
6374
6375
6376
6377
6378
6379
6380
6381
6382
6383
6384
6385
6386
6387
6388
6389
6390
6391
6392
6393
6394
6395
6396
6397
6398
6399
6400
6401
6402
6403
6404
6405
6406
6407
6408
6409
6410
6411
6412
6413
6414
6415
6416
6417
6418
6419
6420
6421
6422
6423
6424
6425
6426
6427
6428
6429
6430
6431
6432
6433
6434
6435
6436
6437
6438
6439
6440
6441
6442
6443
6444
6445
6446
6447
6448
6449
6450
6451
6452
6453
6454
6455
6456
6457
6458
6459
6460
6461
6462
6463
6464
6465
6466
6467
6468
6469
6470
6471
6472
6473
6474
6475
6476
6477
6478
6479
6480
6481
6482
6483
6484
6485
6486
6487
6488
6489
6490
6491
6492
6493
6494
6495
6496
6497
6498
6499
6500
6501
6502
6503
6504
6505
6506
6507
6508
6509
6510
6511
6512
6513
6514
6515
6516
6517
6518
6519
6520
6521
6522
6523
6524
6525
6526
6527
6528
6529
6530
6531
6532
6533
6534
6535
6536
6537
6538
6539
6540
6541
6542
6543
6544
6545
6546
6547
6548
6549
6550
6551
6552
6553
6554
6555
6556
6557
6558
6559
6560
6561
6562
6563
6564
6565
6566
6567
6568
6569
6570
6571
6572
6573
6574
6575
6576
6577
6578
6579
6580
6581
6582
6583
6584
6585
6586
6587
6588
6589
6590
6591
6592
6593
6594
6595
6596
6597
6598
6599
6600
6601
6602
6603
6604
6605
6606
6607
6608
6609
6610
6611
6612
6613
6614
6615
6616
6617
6618
6619
6620
6621
6622
6623
6624
6625
6626
6627
6628
6629
6630
6631
6632
6633
6634
6635
6636
6637
6638
6639
6640
6641
6642
6643
6644
6645
6646
6647
6648
6649
6650
6651
6652
6653
6654
6655
6656
6657
6658
6659
6660
6661
6662
6663
6664
6665
6666
6667
6668
6669
6670
6671
6672
6673
6674
6675
6676
6677
6678
6679
6680
6681
6682
6683
6684
6685
6686
6687
6688
6689
6690
6691
6692
6693
6694
6695
6696
6697
6698
6699
6700
6701
6702
6703
6704
6705
6706
6707
6708
6709
6710
6711
6712
6713
6714
6715
6716
6717
6718
6719
6720
6721
6722
6723
6724
6725
6726
6727
6728
6729
6730
6731
6732
6733
6734
6735
6736
6737
6738
6739
6740
6741
6742
6743
6744
6745
6746
6747
6748
6749
6750
6751
6752
6753
6754
6755
6756
6757
6758
6759
6760
6761
6762
6763
6764
6765
6766
6767
6768
6769
6770
6771
6772
6773
6774
6775
6776
6777
6778
6779
6780
6781
6782
6783
6784
6785
6786
6787
6788
6789
6790
6791
6792
6793
6794
6795
6796
6797
6798
6799
6800
6801
6802
6803
6804
6805
6806
6807
6808
6809
6810
6811
6812
6813
6814
6815
6816
6817
6818
6819
6820
6821
6822
6823
6824
6825
6826
6827
6828
6829
6830
6831
6832
6833
6834
6835
6836
6837
6838
6839
6840
6841
6842
6843
6844
6845
6846
6847
6848
6849
6850
6851
6852
6853
6854
6855
6856
6857
6858
6859
6860
6861
6862
6863
6864
6865
6866
6867
6868
6869
6870
6871
6872
6873
6874
6875
6876
6877
6878
6879
6880
6881
6882
6883
6884
6885
6886
6887
6888
6889
6890
6891
6892
6893
6894
6895
6896
6897
6898
6899
6900
6901
6902
6903
6904
6905
6906
6907
6908
6909
6910
6911
6912
6913
6914
6915
6916
6917
6918
6919
6920
6921
6922
6923
6924
6925
6926
6927
6928
6929
6930
6931
6932
6933
6934
6935
6936
6937
6938
6939
6940
6941
6942
6943
6944
6945
6946
6947
6948
6949
6950
6951
6952
6953
6954
6955
6956
6957
6958
6959
6960
6961
6962
6963
6964
6965
6966
6967
6968
6969
6970
6971
6972
6973
6974
6975
6976
6977
6978
6979
6980
6981
6982
6983
6984
6985
6986
6987
6988
6989
6990
6991
6992
6993
6994
6995
6996
6997
6998
6999
7000
7001
7002
7003
7004
7005
7006
7007
7008
7009
7010
7011
7012
7013
7014
7015
7016
7017
7018
7019
7020
7021
7022
7023
7024
7025
7026
7027
7028
7029
7030
7031
7032
7033
7034
7035
7036
7037
7038
7039
7040
7041
7042
7043
7044
7045
7046
7047
7048
7049
7050
7051
7052
7053
7054
7055
7056
7057
7058
7059
7060
7061
7062
7063
7064
7065
7066
7067
7068
7069
7070
7071
7072
7073
7074
7075
7076
7077
7078
7079
7080
7081
7082
7083
7084
7085
7086
7087
7088
7089
7090
7091
7092
7093
7094
7095
7096
7097
7098
7099
7100
7101
7102
7103
7104
7105
7106
7107
7108
7109
7110
7111
7112
7113
7114
7115
7116
7117
7118
7119
7120
7121
7122
7123
7124
7125
7126
7127
7128
7129
7130
7131
7132
7133
7134
7135
7136
7137
7138
7139
7140
7141
7142
7143
7144
7145
7146
7147
7148
7149
7150
7151
7152
7153
7154
7155
7156
7157
7158
7159
7160
7161
7162
7163
7164
7165
7166
7167
7168
7169
7170
7171
7172
7173
7174
7175
7176
7177
7178
7179
7180
7181
7182
7183
7184
7185
7186
7187
7188
7189
7190
7191
7192
7193
7194
7195
7196
7197
7198
7199
7200
7201
7202
7203
7204
7205
7206
7207
7208
7209
7210
7211
7212
7213
7214
7215
7216
7217
7218
7219
7220
7221
7222
7223
7224
7225
7226
7227
7228
7229
7230
7231
7232
7233
7234
7235
7236
7237
7238
7239
7240
7241
7242
7243
7244
7245
7246
7247
7248
7249
7250
7251
7252
7253
7254
7255
7256
7257
7258
7259
7260
7261
7262
7263
7264
7265
7266
7267
7268
7269
7270
7271
7272
7273
7274
7275
7276
7277
7278
7279
7280
7281
7282
7283
7284
7285
7286
7287
7288
7289
7290
7291
7292
7293
7294
7295
7296
7297
7298
7299
7300
7301
7302
7303
7304
7305
7306
7307
7308
7309
7310
7311
7312
7313
7314
7315
7316
7317
7318
7319
7320
7321
7322
7323
7324
7325
7326
7327
7328
7329
7330
7331
7332
7333
7334
7335
7336
7337
7338
7339
7340
7341
7342
7343
7344
7345
7346
7347
7348
7349
7350
7351
7352
7353
7354
7355
7356
7357
7358
7359
7360
7361
7362
7363
7364
7365
7366
7367
7368
7369
7370
7371
7372
7373
7374
7375
7376
7377
7378
7379
7380
7381
7382
7383
7384
7385
7386
7387
7388
7389
7390
7391
7392
7393
7394
7395
7396
7397
7398
7399
7400
7401
7402
7403
7404
7405
7406
7407
7408
7409
7410
7411
7412
7413
7414
7415
7416
7417
7418
7419
7420
7421
7422
7423
7424
7425
7426
7427
7428
7429
7430
7431
7432
7433
7434
7435
7436
7437
7438
7439
7440
7441
7442
7443
7444
7445
7446
7447
7448
7449
7450
7451
7452
7453
7454
7455
7456
7457
7458
7459
7460
7461
7462
7463
7464
7465
7466
7467
7468
7469
7470
7471
7472
7473
7474
7475
7476
7477
7478
7479
7480
7481
7482
7483
7484
7485
7486
7487
7488
7489
7490
7491
7492
7493
7494
7495
7496
7497
7498
7499
7500
7501
7502
7503
7504
7505
7506
7507
7508
7509
7510
7511
7512
7513
7514
7515
7516
7517
7518
7519
7520
7521
7522
7523
7524
7525
7526
7527
7528
7529
7530
7531
7532
7533
7534
7535
7536
7537
7538
7539
7540
7541
7542
7543
7544
7545
7546
7547
7548
7549
7550
7551
7552
7553
7554
7555
7556
7557
7558
7560
7561
7562
7563
7564
7565
7566
7567
7568
7569
7570
7571
7572
7573
7574
7575
7576
7577
7578
7579
7580
7581
7582
7583
7584
7585
7586
7587
7588
7589
7590
7591
7592
7593
7594
7595
7596
7597
7598
7599
7600
7601
7602
7603
7604
7605
7606
7607
7608
7609
7610
7611
7612
7613
7614
7615
7616
7617
7618
7619
7620
7621
7622
7623
7624
7625
7626
7627
7628
7629
7630
7631
7632
7633
7634
7635
7636
7637
7638
7639
7640
7641
7642
7643
7644
7645
7646
7647
7648
7649
7650
7651
7652
7653
7654
7655
7656
7657
7658
7659
7660
7661
7662
7663
7664
7665
7666
7667
7668
7669
7670
7671
7672
7673
7674
7675
7676
7677
7678
7679
7680
7681
7682
7683
7684
7685
7686
7687
7688
7689
7690
7691
7692
7693
7694
7695
7696
7697
7698
7699
7700
7701
7702
7703
7704
7705
7706
7707
7708
7709
7710
7711
7712
7713
7714
7715
7716
7717
7718
7719
7720
7721
7722
7723
7724
7725
7726
7727
7728
7729
7730
7731
7732
7733
7734
7735
7736
7737
7738
7739
7740
7741
7742
7743
7744
7745
7746
7747
7748
7749
7750
7751
7752
7753
7754
7755
7756
7757
7758
7759
7760
7761
7762
7763
7764
7765
7766
7767
7768
7769
7770
7771
7772
7773
7774
7775
7776
7777
7778
7779
7780
7781
7782
7783
7784
7785
7786
7787
7788
7789
7790
7791
7792
7793
7794
7795
7796
7797
7798
7799
7800
7801
7802
7803
7804
7805
7806
7807
7808
7809
7810
7811
7812
7813
7814
7815
7816
7817
7818
7819
7820
7821
7822
7823
7824
7825
7826
7827
7828
7829
7830
7831
7832
7833
7834
7835
7836
7837
7838
7839
7840
7841
7842
7843
7844
7845
7846
7847
7848
7849
7850
7851
7852
7853
7854
7855
7856
7857
7858
7859
7860
7861
7862
7863
7864
7865
7866
7867
7868
7869
7870
7871
7872
7873
7874
7875
7876
7877
7878
7879
7880
7881
7882
7883
7884
7885
7886
7887
7888
7889
7890
7891
7892
7893
7894
7895
7896
7897
7898
7899
7900
7901
7902
7903
7904
7905
7906
7907
7908
7909
7910
7911
7912
7913
7914
7915
7916
7917
7918
7919
7920
7921
7922
7923
7924
7925
7926
7927
7928
7929
7930
7931
7932
7933
7934
7935
7936
7937
7938
7939
7940
7941
7942
7943
7944
7945
7946
7947
7948
7949
7950
7951
7952
7953
7954
7955
7956
7957
7958
7959
7960
7961
7962
7963
7964
7965
7966
7967
7968
7969
7970
7971
7972
7973
7974
7975
7976
7977
7978
7979
7980
7981
7982
7983
7984
7985
7986
7987
7988
7989
7990
7991
7992
7993
7994
7995
7996
7997
7998
7999
8000
8001
8002
8003
8004
8005
8006
8007
8008
8009
8010
8011
8012
8013
8014
8015
8016
8017
8018
8019
8020
8021
8022
8023
8024
8025
8026
8027
8028
8029
8030
8031
8032
8033
8034
8035
8036
8037
8038
8039
8040
8041
8042
8043
8044
8045
8046
8047
8048
8049
8050
8051
8052
8053
8054
8055
8056
8057
8058
8059
8060
8061
8062
8063
8064
8065
8066
8067
8068
8069
8070
8071
8072
8073
8074
8075
8076
8077
8078
8079
8080
8081
8082
8083
8084
8085
8086
8087
8088
8089
8090
8091
8092
8093
8094
8095
8096
8097
8098
8099
8100
8101
8102
8103
8104
8105
8106
8107
8108
8109
8110
8111
8112
8113
8114
8115
8116
8117
8118
8119
8120
8121
8122
8123
8124
8125
8126
8127
8128
8129
8130
8131
8132
8133
8134
8135
8136
8137
8138
8139
8140
8141
8142
8143
8144
8145
8146
8147
8148
8149
8150
8151
8152
8153
8154
8155
8156
8157
8158
8159
8160
8161
8162
8163
8164
8165
8166
8167
8168
8169
8170
8171
8172
8173
8174
8175
8176
8177
8178
8179
8180
8181
8182
8183
8184
8185
8186
8187
8188
8189
8190
8191
8192
8193
8194
8195
8196
8197
8198
8199
8200
8201
8202
8203
8204
8205
8206
8207
8208
8209
8210
8211
8212
8213
8214
8215
8216
8217
8218
8219
8220
8221
8222
8223
8224
8225
8226
8227
8228
8229
8230
8231
8232
8233
8234
8235
8236
8237
8238
8239
8240
8241
8242
8243
8244
8245
8246
8247
8248
8249
8250
8251
8252
8253
8254
8255
8256
8257
8258
8259
8260
8261
8262
8263
8264
8265
8266
8267
8268
8269
8270
8271
8272
8273
8274
8275
8276
8277
8278
8279
8280
8281
8282
8283
8284
8285
8286
8287
8288
8289
8290
8291
8292
8293
8294
8295
8296
8297
8298
8299
8300
8301
8302
8303
8304
8305
8306
8307
8308
8309
8310
8311
8312
8313
8314
8315
8316
8317
8318
8319
8320
8321
8322
8323
8324
8325
8326
8327
8328
8329
8330
8331
8332
8333
8334
8335
8336
8337
8338
8339
8340
8341
8342
8343
8344
8345
8346
8347
8348
8349
8350
8351
8352
8353
8354
8355
8356
8357
8358
8359
8360
8361
8362
8363
8364
8365
8366
8367
8368
8369
8370
8371
8372
8373
8374
8375
8376
8377
8378
8379
8380
8381
8382
8383
8384
8385
8386
8387
8388
8389
8390
8391
8392
8393
8394
8395
8396
8397
8398
8399
8400
8401
8402
8403
8404
8405
8406
8407
8408
8409
8410
8411
8412
8413
8414
8415
8416
8417
8418
8419
8420
8421
8422
8423
8424
8425
8426
8427
8428
8429
8430
8431
8432
8433
8434
8435
8436
8437
8438
8439
8440
8441
8442
8443
8444
8445
8446
8447
8448
8449
8450
8451
8452
8453
8454
8455
8456
8457
8458
8459
8460
8461
8462
8463
8464
8465
8466
8467
8468
8469
8470
8471
8472
8473
8474
8475
8476
8477
8478
8479
8480
8481
8482
8483
8484
8485
8486
8487
8488
8489
8490
8491
8492
8493
8494
8495
8496
8497
8498
8499
8500
8501
8502
8503
8504
8505
8506
8507
8508
8509
8510
8511
8512
8513
8514
8515
8516
8517
8518
8519
8520
8521
8522
8523
8524
8525
8526
8527
8528
8529
8530
8531
8532
8533
8534
8535
8536
8537
8538
8539
8540
8541
8542
8543
8544
8545
8546
8547
8548
8549
8550
8551
8552
8553
8554
8555
8556
8557
8558
8559
8560
8561
8562
8563
8564
8565
8566
8567
8568
8569
8570
8571
8572
8573
8574
8575
8576
8577
8578
8579
8580
8581
8582
8583
8584
8585
8586
8587
8588
8589
8590
8591
8592
8593
8594
8595
8596
8597
8598
8599
8600
8601
8602
8603
8604
8605
8606
8607
8608
8609
8610
8611
8612
8613
8614
8615
8616
8617
8618
8619
8620
8621
8622
8623
8624
8625
8626
8627
8628
8629
8630
8631
8632
8633
8634
8635
8636
8637
8638
8639
8640
8641
8642
8643
8644
8645
8646
8647
8648
8649
8650
8651
8652
8653
8654
8655
8656
8657
8658
8659
8660
8661
8662
8663
8664
8665
8666
8667
8668
8669
8670
8671
8672
8673
8674
8675
8676
8677
8678
8679
8680
8681
8682
8683
8684
8685
8686
8687
8688
8689
8690
8691
8692
8693
8694
8695
8696
8697
8698
8699
8700
8701
8702
8703
8704
8705
8706
8707
8708
8709
8710
8711
8712
8713
8714
8715
8716
8717
8718
8719
8720
8721
8722
8723
8724
8725
8726
8727
8728
8729
8730
8731
8732
8733
8734
8735
8736
8737
8738
8739
8740
8741
8742
8743
8744
8745
8746
8747
8748
8749
8750
8751
8752
8753
8754
8755
8756
8757
8758
8759
8760
8761
8762
8763
8764
8765
8766
8767
8768
8769
8770
8771
8772
8773
8774
8775
8776
8777
8778
8779
8780
8781
8782
8783
8784
8785
8786
8787
8788
8789
8790
8791
8792
8793
8794
8795
8796
8797
8798
8799
8800
8801
8802
8803
8804
8805
8806
8807
8808
8809
8810
8811
8812
8813
8814
8815
8816
8817
8818
8819
8820
8821
8822
8823
8824
8825
8826
8827
8828
8829
8830
8831
8832
8833
8834
8835
8836
8837
8838
8839
8840
8841
8842
8843
8844
8845
8846
8847
8848
8849
8850
8851
8852
8853
8854
8855
8856
8857
8858
8859
8860
8861
8862
8863
8864
8865
8866
8867
8868
8869
8870
8871
8872
8873
8874
8875
8876
8877
8878
8879
8880
8881
8882
8883
8884
8885
8886
8887
8888
8889
8890
8891
8892
8893
8894
8895
8896
8897
8898
8899
8900
8901
8902
8903
8904
8905
8906
8907
8908
8909
8910
8911
8912
8913
8914
8915
8916
8917
8918
8919
8920
8921
8922
8923
8924
8925
8926
8927
8928
8929
8930
8931
8932
8933
8934
8935
8936
8937
8938
8939
8940
8941
8942
8943
8944
8945
8946
8947
8948
8949
8950
8951
8952
8953
8954
8955
8956
8957
8958
8959
8960
8961
8962
8963
8964
8965
8966
8967
8968
8969
8970
8971
8972
8973
8974
8975
8976
8977
8978
8979
8980
8981
8982
8983
8984
8985
8986
8987
8988
8989
8990
8991
8992
8993
8994
8995
8996
8997
8998
8999
9000
9001
9002
9003
9004
9005
9006
9007
9008
9009
9010
9011
9012
9013
9014
9015
9016
9017
9018
9019
9020
9021
9022
9023
9024
9025
9026
9027
9028
9029
9030
9031
9032
9033
9034
9035
9036
9037
9038
9039
9040
9041
9042
9043
9044
9045
9046
9047
9048
9049
9050
9051
9052
9053
9054
9055
9056
9057
9058
9059
9060
9061
9062
9063
9064
9065
9066
9067
9068
9069
9070
9071
9072
9073
9074
9075
9076
9077
9078
9079
9080
9081
9082
9083
9084
9085
9086
9087
9088
9089
9090
9091
9092
9093
9094
9095
9096
9097
9098
9099
9100
9101
9102
9103
9104
9105
9106
9107
9108
9109
9110
9111
9112
9113
9114
9115
9116
9117
9118
9119
9120
9121
9122
9123
9124
9125
9126
9127
9128
9129
9130
9131
9132
9133
9134
9135
9136
9137
9138
9139
9140
9141
9142
9143
9144
9145
9146
9147
9148
9149
9150
9151
9152
9153
9154
9155
9156
9157
9158
9159
9160
9161
9162
9163
9164
9165
9166
9167
9168
9169
9170
9171
9172
9173
9174
9175
9176
9177
9178
9179
9180
9181
9182
9183
9184
9185
9186
9187
9188
9189
9190
9191
9192
9193
9194
9195
9196
9197
9198
9199
9200
9201
9202
9203
9204
9205
9206
9207
9208
9209
9210
9211
9212
9213
9214
9215
9216
9217
9218
9219
9220
9221
9222
9223
9224
9225
9226
9227
9228
9229
9230
9231
9232
9233
9234
9235
9236
9237
9238
9239
9240
9241
9242
9243
9244
9245
9246
9247
9248
9249
9250
9251
9252
9253
9254
9255
9256
9257
9258
9259
9260
9261
9262
9263
9264
9265
9266
9267
9268
9269
9270
9271
9272
9273
9274
9275
9276
9277
9278
9279
9280
9281
9282
9283
9284
9285
9286
9287
9288
9289
9290
9291
9292
9293
9294
9295
9296
9297
9298
9299
9300
9301
9302
9303
9304
9305
9306
9307
9308
9309
9310
9311
9312
9313
9314
9315
9316
9317
9318
9319
9320
9321
9322
9323
9324
9325
9326
9327
9328
9329
9330
9331
9332
9333
9334
9335
9336
9337
9338
9339
9340
9341
9342
9343
9344
9345
9346
9347
9348
9349
9350
9351
9352
9353
9354
9355
9356
9357
9358
9359
9360
9361
9362
9363
9364
9365
9366
9367
9368
9369
9370
9371
9372
9373
9374
9375
9376
9377
9378
9379
9380
9381
9382
9383
9384
9385
9386
9387
9388
9389
9390
9391
9392
9393
9394
9395
9396
9397
9398
9399
9400
9401
9402
9403
9404
9405
9406
9407
9408
9409
9410
9411
9412
9413
9414
9415
9416
9417
9418
9419
9420
9421
9422
9423
9424
9425
9426
9427
9428
9429
9430
9431
9432
9433
9434
9435
9436
9437
9438
9439
9440
9441
9442
9443
9444
9445
9446
9447
9448
9449
9450
9451
9452
9453
9454
9455
9456
9457
9458
9459
9460
9461
9462
9463
9464
9465
9466
9467
9468
9469
9470
9471
9472
9473
9474
9475
9476
9477
9478
9479
9480
9481
9482
9483
9484
9485
9486
9487
9488
9489
9490
9491
9492
9493
9494
9495
9496
9497
9498
9499
9500
9501
9502
9503
9504
9505
9506
9507
9508
9509
9510
9511
9512
9513
9514
9515
9516
9517
9518
9519
9520
9521
9522
9523
9524
9525
9526
9527
9528
9529
9530
9531
9532
9533
9534
9535
9536
9537
9538
9539
9540
9541
9542
9543
9544
9545
9546
9547
9548
9549
9550
9551
9552
9553
9554
9555
9556
9557
9558
9559
9560
9561
9562
9563
9564
9565
9566
9567
9568
9569
9570
9571
9572
9573
9574
9575
9576
9577
9578
9579
9580
9581
9582
9583
9584
9585
9586
9587
9588
9589
9590
9591
9592
9593
9594
9595
9596
9597
9598
9599
9600
9601
9602
9603
9604
9605
9606
9607
9608
9609
9610
9611
9612
9613
9614
9615
9616
9617
9618
9619
9620
9621
9622
9623
9624
9625
9626
9627
9628
9629
9630
9631
9632
9633
9634
9635
9636
9637
9638
9639
9640
9641
9642
9643
9644
9645
9646
9647
9648
9649
9650
9651
9652
9653
9654
9655
9656
9657
9658
9659
9660
9661
9662
9663
9664
9665
9666
9667
9668
9669
9670
9671
9672
9673
9674
9675
9676
9677
9678
9679
9680
9681
9682
9683
9684
9685
9686
9687
9688
9689
9690
9691
9692
9693
9694
9695
9696
9697
9698
9699
9700
9701
9702
9703
9704
9705
9706
9707
9708
9709
9710
9711
9712
9713
9714
9715
9716
9717
9718
9719
9720
9721
9722
9723
9724
9725
9726
9727
9728
9729
9730
9731
9732
9733
9734
9735
9736
9737
9738
9739
9740
9741
9742
9743
9744
9745
9746
9747
9748
9749
9750
9751
9752
9753
9754
9755
9756
9757
9758
9759
9760
9761
9762
9763
9764
9765
9766
9767
9768
9769
9770
9771
9772
9773
9774
9775
9776
9777
9778
9779
9780
9781
9782
9783
9784
9785
9786
9787
9788
9789
9790
9791
9792
9793
9794
9795
9796
9797
9798
9799
9800
9801
9802
9803
9804
9805
9806
9807
9808
9809
9810
9811
9812
9813
9814
9815
9816
9817
9818
9819
9820
9821
9822
9823
9824
9825
9826
9827
9828
9829
9830
9831
9832
9833
9834
9835
9836
9837
9838
9839
9840
9841
9842
9843
9844
9845
9846
9847
9848
9849
9850
9851
9852
9853
9854
9855
9856
9857
9858
9859
9860
9861
9862
9863
9864
9865
9866
9867
9868
9869
9870
9871
9872
9873
9874
9875
9876
9877
9878
9879
9880
9881
9882
9883
9884
9885
9886
9887
9888
9889
9890
9891
9892
9893
9894
9895
9896
9897
9898
9899
9900
9901
9902
9903
9904
9905
9906
9907
9908
9909
9910
9911
9912
9913
9914
9915
9916
9917
9918
9919
9920
9921
9922
9923
9924
9925
9926
9927
9928
9929
9930
9931
9932
9933
9934
9935
9936
9937
9938
9939
9940
9941
9942
9943
9944
9945
9946
9947
9948
9949
9950
9951
9952
9953
9954
9955
9956
9957
9958
9959
9960
9961
9962
9963
9964
9965
9966
9967
9968
9969
9970
9971
9972
9973
9974
9975
9976
9977
9978
9979
9980
9981
9982
9983
9984
9985
9986
9987
9988
9989
9990
9991
9992
9993
9994
9995
9996
9997
9998
9999
10000

Vetor ordenado com Comb Sort:
1
2
3
4
5
6
7
8
9
10
11
12
13
14
15
16
17
18
19
20
21
22
23
24
25
26
27
28
29
30
31
32
33
34
35
36
37
38
39
40
41
42
43
44
45
46
47
48
49
50
51
52
53
54
55
56
57
58
59
60
61
62
63
64
65
66
67
68
69
70
71
72
73
74
75
76
77
78
79
80
81
82
83
84
85
86
87
88
89
90
91
92
93
94
95
96
97
98
99
100
101
102
103
104
105
106
107
108
109
110
111
112
113
114
115
116
117
118
119
120
121
122
123
124
125
126
127
128
129
130
131
132
133
134
135
136
137
138
139
140
141
142
143
144
145
146
147
148
149
150
151
152
153
154
155
156
157
158
159
160
161
162
163
164
165
166
167
168
169
170
171
172
173
174
175
176
177
178
179
180
181
182
183
184
185
186
187
188
189
190
191
192
193
194
195
196
197
198
199
200
201
202
203
204
205
206
207
208
209
210
211
212
213
214
215
216
217
218
219
220
221
222
223
224
225
226
227
228
229
230
231
232
233
234
235
236
237
238
239
240
241
242
243
244
245
246
247
248
249
250
251
252
253
254
255
256
257
258
259
260
261
262
263
264
265
266
267
268
269
270
271
272
273
274
275
276
277
278
279
280
281
282
283
284
285
286
287
288
289
290
291
292
293
294
295
296
297
298
299
300
301
302
303
304
305
306
307
308
309
310
311
312
313
314
315
316
317
318
319
320
321
322
323
324
325
326
327
328
329
330
331
332
333
334
335
336
337
338
339
340
341
342
343
344
345
346
347
348
349
350
351
352
353
354
355
356
357
358
359
360
361
362
363
364
365
366
367
368
369
370
371
372
373
374
375
376
377
378
379
380
381
382
383
384
385
386
387
388
389
390
391
392
393
394
395
396
397
398
399
400
401
402
403
404
405
406
407
408
409
410
411
412
413
414
415
416
417
418
419
420
421
422
423
424
425
426
427
428
429
430
431
432
433
434
435
436
437
438
439
440
441
442
443
444
445
446
447
448
449
450
451
452
453
454
455
456
457
458
459
460
461
462
463
464
465
466
467
468
469
470
471
472
473
474
475
476
477
478
479
480
481
482
483
484
485
486
487
488
489
490
491
492
493
494
495
496
497
498
499
500
501
502
503
504
505
506
507
508
509
510
511
512
513
514
515
516
517
518
519
520
521
522
523
524
525
526
527
528
529
530
531
532
533
534
535
536
537
538
539
540
541
542
543
544
545
546
547
548
549
550
551
552
553
554
555
556
557
558
559
560
561
562
563
564
565
566
567
568
569
570
571
572
573
574
575
576
577
578
579
580
581
582
583
584
585
586
587
588
589
590
591
592
593
594
595
596
597
598
599
600
601
602
603
604
605
606
607
608
609
610
611
612
613
614
615
616
617
618
619
620
621
622
623
624
625
626
627
628
629
630
631
632
633
634
635
636
637
638
639
640
641
642
643
644
645
646
647
648
649
650
651
652
653
654
655
656
657
658
659
660
661
662
663
664
665
666
667
668
669
670
671
672
673
674
675
676
677
678
679
680
681
682
683
684
685
686
687
688
689
690
691
692
693
694
695
696
697
698
699
700
701
702
703
704
705
706
707
708
709
710
711
712
713
714
715
716
717
718
719
720
721
722
723
724
725
726
727
728
729
730
731
732
733
734
735
736
737
738
739
740
741
742
743
744
745
746
747
748
749
750
751
752
753
754
755
756
757
758
759
760
761
762
763
764
765
766
767
768
769
770
771
772
773
774
775
776
777
778
779
780
781
782
783
784
785
786
787
788
789
790
791
792
793
794
795
796
797
798
799
800
801
802
803
804
805
806
807
808
809
810
811
812
813
814
815
816
817
818
819
820
821
822
823
824
825
826
827
828
829
830
831
832
833
834
835
836
837
838
839
840
841
842
843
844
845
846
847
848
849
850
851
852
853
854
855
856
857
858
859
860
861
862
863
864
865
866
867
868
869
870
871
872
873
874
875
876
877
878
879
880
881
882
883
884
885
886
887
888
889
890
891
892
893
894
895
896
897
898
899
900
901
902
903
904
905
906
907
908
909
910
911
912
913
914
915
916
917
918
919
920
921
922
923
924
925
926
927
928
929
930
931
932
933
934
935
936
937
938
939
940
941
942
943
944
945
946
947
948
949
950
951
952
953
954
955
956
957
958
959
960
961
962
963
964
965
966
967
968
969
970
971
972
973
974
975
976
977
978
979
980
981
982
983
984
985
986
987
988
989
990
991
992
993
994
995
996
997
998
999
1000
1001
1002
1003
1004
1005
1006
1007
1008
1009
1010
1011
1012
1013
1014
1015
1016
1017
1018
1019
1020
1021
1022
1023
1024
1025
1026
1027
1028
1029
1030
1031
1032
1033
1034
1035
1036
1037
1038
1039
1040
1041
1042
1043
1044
1045
1046
1047
1048
1049
1050
1051
1052
1053
1054
1055
1056
1057
1058
1059
1060
1061
1062
1063
1064
1065
1066
1067
1068
1069
1070
1071
1072
1073
1074
1075
1076
1077
1078
1079
1080
1081
1082
1083
1084
1085
1086
1087
1088
1089
1090
1091
1092
1093
1094
1095
1096
1097
1098
1099
1100
1101
1102
1103
1104
1105
1106
1107
1108
1109
1110
1111
1112
1113
1114
1115
1116
1117
1118
1119
1120
1121
1122
1123
1124
1125
1126
1127
1128
1129
1130
1131
1132
1133
1134
1135
1136
1137
1138
1139
1140
1141
1142
1143
1144
1145
1146
1147
1148
1149
1150
1151
1152
1153
1154
1155
1156
1157
1158
1159
1160
1161
1162
1163
1164
1165
1166
1167
1168
1169
1170
1171
1172
1173
1174
1175
1176
1177
1178
1179
1180
1181
1182
1183
1184
1185
1186
1187
1188
1189
1190
1191
1192
1193
1194
1195
1196
1197
1198
1199
1200
1201
1202
1203
1204
1205
1206
1207
1208
1209
1210
1211
1212
1213
1214
1215
1216
1217
1218
1219
1220
1221
1222
1223
1224
1225
1226
1227
1228
1229
1230
1231
1232
1233
1234
1235
1236
1237
1238
1239
1240
1241
1242
1243
1244
1245
1246
1247
1248
1249
1250
1251
1252
1253
1254
1255
1256
1257
1258
1259
1260
1261
1262
1263
1264
1265
1266
1267
1268
1269
1270
1271
1272
1273
1274
1275
1276
1277
1278
1279
1280
1281
1282
1283
1284
1285
1286
1287
1288
1289
1290
1291
1292
1293
1294
1295
1296
1297
1298
1299
1300
1301
1302
1303
1304
1305
1306
1307
1308
1309
1310
1311
1312
1313
1314
1315
1316
1317
1318
1319
1320
1321
1322
1323
1324
1325
1326
1327
1328
1329
1330
1331
1332
1333
1334
1335
1336
1337
1338
1339
1340
1341
1342
1343
1344
1345
1346
1347
1348
1349
1350
1351
1352
1353
1354
1355
1356
1357
1358
1359
1360
1361
1362
1363
1364
1365
1366
1367
1368
1369
1370
1371
1372
1373
1374
1375
1376
1377
1378
1379
1380
1381
1382
1383
1384
1385
1386
1387
1388
1389
1390
1391
1392
1393
1394
1395
1396
1397
1398
1399
1400
1401
1402
1403
1404
1405
1406
1407
1408
1409
1410
1411
1412
1413
1414
1415
1416
1417
1418
1419
1420
1421
1422
1423
1424
1425
1426
1427
1428
1429
1430
1431
1432
1433
1434
1435
1436
1437
1438
1439
1440
1441
1442
1443
1444
1445
1446
1447
1448
1449
1450
1451
1452
1453
1454
1455
1456
1457
1458
1459
1460
1461
1462
1463
1464
1465
1466
1467
1468
1469
1470
1471
1472
1473
1474
1475
1476
1477
1478
1479
1480
1481
1482
1483
1484
1485
1486
1487
1488
1489
1490
1491
1492
1493
1494
1495
1496
1497
1498
1499
1500
1501
1502
1503
1504
1505
1506
1507
1508
1509
1510
1511
1512
1513
1514
1515
1516
1517
1518
1519
1520
1521
1522
1523
1524
1525
1526
1527
1528
1529
1530
1531
1532
1533
1534
1535
1536
1537
1538
1539
1540
1541
1542
1543
1544
1545
1546
1547
1548
1549
1550
1551
1552
1553
1554
1555
1556
1557
1558
1559
1560
1561
1562
1563
1564
1565
1566
1567
1568
1569
1570
1571
1572
1573
1574
1575
1576
1577
1578
1579
1580
1581
1582
1583
1584
1585
1586
1587
1588
1589
1590
1591
1592
1593
1594
1595
1596
1597
1598
1599
1600
1601
1602
1603
1604
1605
1606
1607
1608
1609
1610
1611
1612
1613
1614
1615
1616
1617
1618
1619
1620
1621
1622
1623
1624
1625
1626
1627
1628
1629
1630
1631
1632
1633
1634
1635
1636
1637
1638
1639
1640
1641
1642
1643
1644
1645
1646
1647
1648
1649
1650
1651
1652
1653
1654
1655
1656
1657
1658
1659
1660
1661
1662
1663
1664
1665
1666
1667
1668
1669
1670
1671
1672
1673
1674
1675
1676
1677
1678
1679
1680
1681
1682
1683
1684
1685
1686
1687
1688
1689
1690
1691
1692
1693
1694
1695
1696
1697
1698
1699
1700
1701
1702
1703
1704
1705
1706
1707
1708
1709
1710
1711
1712
1713
1714
1715
1716
1717
1718
1719
1720
1721
1722
1723
1724
1725
1726
1727
1728
1729
1730
1731
1732
1733
1734
1735
1736
1737
1738
1739
1740
1741
1742
1743
1744
1745
1746
1747
1748
1749
1750
1751
1752
1753
1754
1755
1756
1757
1758
1759
1760
1761
1762
1763
1764
1765
1766
1767
1768
1769
1770
1771
1772
1773
1774
1775
1776
1777
1778
1779
1780
1781
1782
1783
1784
1785
1786
1787
1788
1789
1790
1791
1792
1793
1794
1795
1796
1797
1798
1799
1800
1801
1802
1803
1804
1805
1806
1807
1808
1809
1810
1811
1812
1813
1814
1815
1816
1817
1818
1819
1820
1821
1822
1823
1824
1825
1826
1827
1828
1829
1830
1831
1832
1833
1834
1835
1836
1837
1838
1839
1840
1841
1842
1843
1844
1845
1846
1847
1848
1849
1850
1851
1852
1853
1854
1855
1856
1857
1858
1859
1860
1861
1862
1863
1864
1865
1866
1867
1868
1869
1870
1871
1872
1873
1874
1875
1876
1877
1878
1879
1880
1881
1882
1883
1884
1885
1886
1887
1888
1889
1890
1891
1892
1893
1894
1895
1896
1897
1898
1899
1900
1901
1902
1903
1904
1905
1906
1907
1908
1909
1910
1911
1912
1913
1914
1915
1916
1917
1918
1919
1920
1921
1922
1923
1924
1925
1926
1927
1928
1929
1930
1931
1932
1933
1934
1935
1936
1937
1938
1939
1940
1941
1942
1943
1944
1945
1946
1947
1948
1949
1950
1951
1952
1953
1954
1955
1956
1957
1958
1959
1960
1961
1962
1963
1964
1965
1966
1967
1968
1969
1970
1971
1972
1973
1974
1975
1976
1977
1978
1979
1980
1981
1982
1983
1984
1985
1986
1987
1988
1989
1990
1991
1992
1993
1994
1995
1996
1997
1998
1999
2000
2001
2002
2003
2004
2005
2006
2007
2008
2009
2010
2011
2012
2013
2014
2015
2016
2017
2018
2019
2020
2021
2022
2023
2024
2025
2026
2027
2028
2029
2030
2031
2032
2033
2034
2035
2036
2037
2038
2039
2040
2041
2042
2043
2044
2045
2046
2047
2048
2049
2050
2051
2052
2053
2054
2055
2056
2057
2058
2059
2060
2061
2062
2063
2064
2065
2066
2067
2068
2069
2070
2071
2072
2073
2074
2075
2076
2077
2078
2079
2080
2081
2082
2083
2084
2085
2086
2087
2088
2089
2090
2091
2092
2093
2094
2095
2096
2097
2098
2099
2100
2101
2102
2103
2104
2105
2106
2107
2108
2109
2110
2111
2112
2113
2114
2115
2116
2117
2118
2119
2120
2121
2122
2123
2124
2125
2126
2127
2128
2129
2130
2131
2132
2133
2134
2135
2136
2137
2138
2139
2140
2141
2142
2143
2144
2145
2146
2147
2148
2149
2150
2151
2152
2153
2154
2155
2156
2157
2158
2159
2160
2161
2162
2163
2164
2165
2166
2167
2168
2169
2170
2171
2172
2173
2174
2175
2176
2177
2178
2179
2180
2181
2182
2183
2184
2185
2186
2187
2188
2189
2190
2191
2192
2193
2194
2195
2196
2197
2198
2199
2200
2201
2202
2203
2204
2205
2206
2207
2208
2209
2210
2211
2212
2213
2214
2215
2216
2217
2218
2219
2220
2221
2222
2223
2224
2225
2226
2227
2228
2229
2230
2231
2232
2233
2234
2235
2236
2237
2238
2239
2240
2241
2242
2243
2244
2245
2246
2247
2248
2249
2250
2251
2252
2253
2254
2255
2256
2257
2258
2259
2260
2261
2262
2263
2264
2265
2266
2267
2268
2269
2270
2271
2272
2273
2274
2275
2276
2277
2278
2279
2280
2281
2282
2283
2284
2285
2286
2287
2288
2289
2290
2291
2292
2293
2294
2295
2296
2297
2298
2299
2300
2301
2302
2303
2304
2305
2306
2307
2308
2309
2310
2311
2312
2313
2314
2315
2316
2317
2318
2319
2320
2321
2322
2323
2324
2325
2326
2327
2328
2329
2330
2331
2332
2333
2334
2335
2336
2337
2338
2339
2340
2341
2342
2343
2344
2345
2346
2347
2348
2349
2350
2351
2352
2353
2354
2355
2356
2357
2358
2359
2360
2361
2362
2363
2364
2365
2366
2367
2368
2369
2370
2371
2372
2373
2374
2375
2376
2377
2378
2379
2380
2381
2382
2383
2384
2385
2386
2387
2388
2389
2390
2391
2392
2393
2394
2395
2396
2397
2398
2399
2400
2401
2402
2403
2404
2405
2406
2407
2408
2409
2410
2411
2412
2413
2414
2415
2416
2417
2418
2419
2420
2421
2422
2423
2424
2425
2426
2427
2428
2429
2430
2431
2432
2433
2434
2435
2436
2437
2438
2439
2440
2441
2442
2443
2444
2445
2446
2447
2448
2449
2450
2451
2452
2453
2454
2455
2456
2457
2458
2459
2460
2461
2462
2463
2464
2465
2466
2467
2468
2469
2470
2471
2472
2473
2474
2475
2476
2477
2478
2479
2480
2481
2482
2483
2484
2485
2486
2487
2488
2489
2490
2491
2492
2493
2494
2495
2496
2497
2498
2499
2500
2501
2502
2503
2504
2505
2506
2507
2508
2509
2510
2511
2512
2513
2514
2515
2516
2517
2518
2519
2520
2521
2522
2523
2524
2525
2526
2527
2528
2529
2530
2531
2532
2533
2534
2535
2536
2537
2538
2539
2540
2541
2542
2543
2544
2545
2546
2547
2548
2549
2550
2551
2552
2553
2554
2555
2556
2557
2558
2559
2560
2561
2562
2563
2564
2565
2566
2567
2568
2569
2570
2571
2572
2573
2574
2575
2576
2577
2578
2579
2580
2581
2582
2583
2584
2585
2586
2587
2588
2589
2590
2591
2592
2593
2594
2595
2596
2597
2598
2599
2600
2601
2602
2603
2604
2605
2606
2607
2608
2609
2610
2611
2612
2613
2614
2615
2616
2617
2618
2619
2620
2621
2622
2623
2624
2625
2626
2627
2628
2629
2630
2631
2632
2633
2634
2635
2636
2637
2638
2639
2640
2641
2642
2643
2644
2645
2646
2647
2648
2649
2650
2651
2652
2653
2654
2655
2656
2657
2658
2659
2660
2661
2662
2663
2664
2665
2666
2667
2668
2669
2670
2671
2672
2673
2674
2675
2676
2677
2678
2679
2680
2681
2682
2683
2684
2685
2686
2687
2688
2689
2690
2691
2692
2693
2694
2695
2696
2697
2698
2699
2700
2701
2702
2703
2704
2705
2706
2707
2708
2709
2710
2711
2712
2713
2714
2715
2716
2717
2718
2719
2720
2721
2722
2723
2724
2725
2726
2727
2728
2729
2730
2731
2732
2733
2734
2735
2736
2737
2738
2739
2740
2741
2742
2743
2744
2745
2746
2747
2748
2749
2750
2751
2752
2753
2754
2755
2756
2757
2758
2759
2760
2761
2762
2763
2764
2765
2766
2767
2768
2769
2770
2771
2772
2773
2774
2775
2776
2777
2778
2779
2780
2781
2782
2783
2784
2785
2786
2787
2788
2789
2790
2791
2792
2793
2794
2795
2796
2797
2798
2799
2800
2801
2802
2803
2804
2805
2806
2807
2808
2809
2810
2811
2812
2813
2814
2815
2816
2817
2818
2819
2820
2821
2822
2823
2824
2825
2826
2827
2828
2829
2830
2831
2832
2833
2834
2835
2836
2837
2838
2839
2840
2841
2842
2843
2844
2845
2846
2847
2848
2849
2850
2851
2852
2853
2854
2855
2856
2857
2858
2859
2860
2861
2862
2863
2864
2865
2866
2867
2868
2869
2870
2871
2872
2873
2874
2875
2876
2877
2878
2879
2880
2881
2882
2883
2884
2885
2886
2887
2888
2889
2890
2891
2892
2893
2894
2895
2896
2897
2898
2899
2900
2901
2902
2903
2904
2905
2906
2907
2908
2909
2910
2911
2912
2913
2914
2915
2916
2917
2918
2919
2920
2921
2922
2923
2924
2925
2926
2927
2928
2929
2930
2931
2932
2933
2934
2935
2936
2937
2938
2939
2940
2941
2942
2943
2944
2945
2946
2947
2948
2949
2950
2951
2952
2953
2954
2955
2956
2957
2958
2959
2960
2961
2962
2963
2964
2965
2966
2967
2968
2969
2970
2971
2972
2973
2974
2975
2976
2977
2978
2979
2980
2981
2982
2983
2984
2985
2986
2987
2988
2989
2990
2991
2992
2993
2994
2995
2996
2997
2998
2999
3000
3001
3002
3003
3004
3005
3006
3007
3008
3009
3010
3011
3012
3013
3014
3015
3016
3017
3018
3019
3020
3021
3022
3023
3024
3025
3026
3027
3028
3029
3030
3031
3032
3033
3034
3035
3036
3037
3038
3039
3040
3041
3042
3043
3044
3045
3046
3047
3048
3049
3050
3051
3052
3053
3054
3055
3056
3057
3058
3059
3060
3061
3062
3063
3064
3065
3066
3067
3068
3069
3070
3071
3072
3073
3074
3075
3076
3077
3078
3079
3080
3081
3082
3083
3084
3085
3086
3087
3088
3089
3090
3091
3092
3093
3094
3095
3096
3097
3098
3099
3100
3101
3102
3103
3104
3105
3106
3107
3108
3109
3110
3111
3112
3113
3114
3115
3116
3117
3118
3119
3120
3121
3122
3123
3124
3125
3126
3127
3128
3129
3130
3131
3132
3133
3134
3135
3136
3137
3138
3139
3140
3141
3142
3143
3144
3145
3146
3147
3148
3149
3150
3151
3152
3153
3154
3155
3156
3157
3158
3159
3160
3161
3162
3163
3164
3165
3166
3167
3168
3169
3170
3171
3172
3173
3174
3175
3176
3177
3178
3179
3180
3181
3182
3183
3184
3185
3186
3187
3188
3189
3190
3191
3192
3193
3194
3195
3196
3197
3198
3199
3200
3201
3202
3203
3204
3205
3206
3207
3208
3209
3210
3211
3212
3213
3214
3215
3216
3217
3218
3219
3220
3221
3222
3223
3224
3225
3226
3227
3228
3229
3230
3231
3232
3233
3234
3235
3236
3237
3238
3239
3240
3241
3242
3243
3244
3245
3246
3247
3248
3249
3250
3251
3252
3253
3254
3255
3256
3257
3258
3259
3260
3261
3262
3263
3264
3265
3266
3267
3268
3269
3270
3271
3272
3273
3274
3275
3276
3277
3278
3279
3280
3281
3282
3283
3284
3285
3286
3287
3288
3289
3290
3291
3292
3293
3294
3295
3296
3297
3298
3299
3300
3301
3302
3303
3304
3305
3306
3307
3308
3309
3310
3311
3312
3313
3314
3315
3316
3317
3318
3319
3320
3321
3322
3323
3324
3325
3326
3327
3328
3329
3330
3331
3332
3333
3334
3335
3336
3337
3338
3339
3340
3341
3342
3343
3344
3345
3346
3347
3348
3349
3350
3351
3352
3353
3354
3355
3356
3357
3358
3359
3360
3361
3362
3363
3364
3365
3366
3367
3368
3369
3370
3371
3372
3373
3374
3375
3376
3377
3378
3379
3380
3381
3382
3383
3384
3385
3386
3387
3388
3389
3390
3391
3392
3393
3394
3395
3396
3397
3398
3399
3400
3401
3402
3403
3404
3405
3406
3407
3408
3409
3410
3411
3412
3413
3414
3415
3416
3417
3418
3419
3420
3421
3422
3423
3424
3425
3426
3427
3428
3429
3430
3431
3432
3433
3434
3435
3436
3437
3438
3439
3440
3441
3442
3443
3444
3445
3446
3447
3448
3449
3450
3451
3452
3453
3454
3455
3456
3457
3458
3459
3460
3461
3462
3463
3464
3465
3466
3467
3468
3469
3470
3471
3472
3473
3474
3475
3476
3477
3478
3479
3480
3481
3482
3483
3484
3485
3486
3487
3488
3489
3490
3491
3492
3493
3494
3495
3496
3497
3498
3499
3500
3501
3502
3503
3504
3505
3506
3507
3508
3509
3510
3511
3512
3513
3514
3515
3516
3517
3518
3519
3520
3521
3522
3523
3524
3525
3526
3527
3528
3529
3530
3531
3532
3533
3534
3535
3536
3537
3538
3539
3540
3541
3542
3543
3544
3545
3546
3547
3548
3549
3550
3551
3552
3553
3554
3555
3556
3557
3558
3559
3560
3561
3562
3563
3564
3565
3566
3567
3568
3569
3570
3571
3572
3573
3574
3575
3576
3577
3578
3579
3580
3581
3582
3583
3584
3585
3586
3587
3588
3589
3590
3591
3592
3593
3594
3595
3596
3597
3598
3599
3600
3601
3602
3603
3604
3605
3606
3607
3608
3609
3610
3611
3612
3613
3614
3615
3616
3617
3618
3619
3620
3621
3622
3623
3624
3625
3626
3627
3628
3629
3630
3631
3632
3633
3634
3635
3636
3637
3638
3639
3640
3641
3642
3643
3644
3645
3646
3647
3648
3649
3650
3651
3652
3653
3654
3655
3656
3657
3658
3659
3660
3661
3662
3663
3664
3665
3666
3667
3668
3669
3670
3671
3672
3673
3674
3675
3676
3677
3678
3679
3680
3681
3682
3683
3684
3685
3686
3687
3688
3689
3690
3691
3692
3693
3694
3695
3696
3697
3698
3699
3700
3701
3702
3703
3704
3705
3706
3707
3708
3709
3710
3711
3712
3713
3714
3715
3716
3717
3718
3719
3720
3721
3722
3723
3724
3725
3726
3727
3728
3729
3730
3731
3732
3733
3734
3735
3736
3737
3738
3739
3740
3741
3742
3743
3744
3745
3746
3747
3748
3749
3750
3751
3752
3753
3754
3755
3756
3757
3758
3759
3760
3761
3762
3763
3764
3765
3766
3767
3768
3769
3770
3771
3772
3773
3774
3775
3776
3777
3778
3779
3780
3781
3782
3783
3784
3785
3786
3787
3788
3789
3790
3791
3792
3793
3794
3795
3796
3797
3798
3799
3800
3801
3802
3803
3804
3805
3806
3807
3808
3809
3810
3811
3812
3813
3814
3815
3816
3817
3818
3819
3820
3821
3822
3823
3824
3825
3826
3827
3828
3829
3830
3831
3832
3833
3834
3835
3836
3837
3838
3839
3840
3841
3842
3843
3844
3845
3846
3847
3848
3849
3850
3851
3852
3853
3854
3855
3856
3857
3858
3859
3860
3861
3862
3863
3864
3865
3866
3867
3868
3869
3870
3871
3872
3873
3874
3875
3876
3877
3878
3879
3880
3881
3882
3883
3884
3885
3886
3887
3888
3889
3890
3891
3892
3893
3894
3895
3896
3897
3898
3899
3900
3901
3902
3903
3904
3905
3906
3907
3908
3909
3910
3911
3912
3913
3914
3915
3916
3917
3918
3919
3920
3921
3922
3923
3924
3925
3926
3927
3928
3929
3930
3931
3932
3933
3934
3935
3936
3937
3938
3939
3940
3941
3942
3943
3944
3945
3946
3947
3948
3949
3950
3951
3952
3953
3954
3955
3956
3957
3958
3959
3960
3961
3962
3963
3964
3965
3966
3967
3968
3969
3970
3971
3972
3973
3974
3975
3976
3977
3978
3979
3980
3981
3982
3983
3984
3985
3986
3987
3988
3989
3990
3991
3992
3993
3994
3995
3996
3997
3998
3999
4000
4001
4002
4003
4004
4005
4006
4007
4008
4009
4010
4011
4012
4013
4014
4015
4016
4017
4018
4019
4020
4021
4022
4023
4024
4025
4026
4027
4028
4029
4030
4031
4032
4033
4034
4035
4036
4037
4038
4039
4040
4041
4042
4043
4044
4045
4046
4047
4048
4049
4050
4051
4052
4053
4054
4055
4056
4057
4058
4059
4060
4061
4062
4063
4064
4065
4066
4067
4068
4069
4070
4071
4072
4073
4074
4075
4076
4077
4078
4079
4080
4081
4082
4083
4084
4085
4086
4087
4088
4089
4090
4091
4092
4093
4094
4095
4096
4097
4098
4099
4100
4101
4102
4103
4104
4105
4106
4107
4108
4109
4110
4111
4112
4113
4114
4115
4116
4117
4118
4119
4120
4121
4122
4123
4124
4125
4126
4127
4128
4129
4130
4131
4132
4133
4134
4135
4136
4137
4138
4139
4140
4141
4142
4143
4144
4145
4146
4147
4148
4149
4150
4151
4152
4153
4154
4155
4156
4157
4158
4159
4160
4161
4162
4163
4164
4165
4166
4167
4168
4169
4170
4171
4172
4173
4174
4175
4176
4177
4178
4179
4180
4181
4182
4183
4184
4185
4186
4187
4188
4189
4190
4191
4192
4193
4194
4195
4196
4197
4198
4199
4200
4201
4202
4203
4204
4205
4206
4207
4208
4209
4210
4211
4212
4213
4214
4215
4216
4217
4218
4219
4220
4221
4222
4223
4224
4225
4226
4227
4228
4229
4230
4231
4232
4233
4234
4235
4236
4237
4238
4239
4240
4241
4242
4243
4244
4245
4246
4247
4248
4249
4250
4251
4252
4253
4254
4255
4256
4257
4258
4259
4260
4261
4262
4263
4264
4265
4266
4267
4268
4269
4270
4271
4272
4273
4274
4275
4276
4277
4278
4279
4280
4281
4282
4283
4284
4285
4286
4287
4288
4289
4290
4291
4292
4293
4294
4295
4296
4297
4298
4299
4300
4301
4302
4303
4304
4305
4306
4307
4308
4309
4310
4311
4312
4313
4314
4315
4316
4317
4318
4319
4320
4321
4322
4323
4324
4325
4326
4327
4328
4329
4330
4331
4332
4333
4334
4335
4336
4337
4338
4339
4340
4341
4342
4343
4344
4345
4346
4347
4348
4349
4350
4351
4352
4353
4354
4355
4356
4357
4358
4359
4360
4361
4362
4363
4364
4365
4366
4367
4368
4369
4370
4371
4372
4373
4374
4375
4376
4377
4378
4379
4380
4381
4382
4383
4384
4385
4386
4387
4388
4389
4390
4391
4392
4393
4394
4395
4396
4397
4398
4399
4400
4401
4402
4403
4404
4405
4406
4407
4408
4409
4410
4411
4412
4413
4414
4415
4416
4417
4418
4419
4420
4421
4422
4423
4424
4425
4426
4427
4428
4429
4430
4431
4432
4433
4434
4435
4436
4437
4438
4439
4440
4441
4442
4443
4444
4445
4446
4447
4448
4449
4450
4451
4452
4453
4454
4455
4456
4457
4458
4459
4460
4461
4462
4463
4464
4465
4466
4467
4468
4469
4470
4471
4472
4473
4474
4475
4476
4477
4478
4479
4480
4481
4482
4483
4484
4485
4486
4487
4488
4489
4490
4491
4492
4493
4494
4495
4496
4497
4498
4499
4500
4501
4502
4503
4504
4505
4506
4507
4508
4509
4510
4511
4512
4513
4514
4515
4516
4517
4518
4519
4520
4521
4522
4523
4524
4525
4526
4527
4528
4529
4530
4531
4532
4533
4534
4535
4536
4537
4538
4539
4540
4541
4542
4543
4544
4545
4546
4547
4548
4549
4550
4551
4552
4553
4554
4555
4556
4557
4558
4559
4560
4561
4562
4563
4564
4565
4566
4567
4568
4569
4570
4571
4572
4573
4574
4575
4576
4577
4578
4579
4580
4581
4582
4583
4584
4585
4586
4587
4588
4589
4590
4591
4592
4593
4594
4595
4596
4597
4598
4599
4600
4601
4602
4603
4604
4605
4606
4607
4608
4609
4610
4611
4612
4613
4614
4615
4616
4617
4618
4619
4620
4621
4622
4623
4624
4625
4626
4627
4628
4629
4630
4631
4632
4633
4634
4635
4636
4637
4638
4639
4640
4641
4642
4643
4644
4645
4646
4647
4648
4649
4650
4651
4652
4653
4654
4655
4656
4657
4658
4659
4660
4661
4662
4663
4664
4665
4666
4667
4668
4669
4670
4671
4672
4673
4674
4675
4676
4677
4678
4679
4680
4681
4682
4683
4684
4685
4686
4687
4688
4689
4690
4691
4692
4693
4694
4695
4696
4697
4698
4699
4700
4701
4702
4703
4704
4705
4706
4707
4708
4709
4710
4711
4712
4713
4714
4715
4716
4717
4718
4719
4720
4721
4722
4723
4724
4725
4726
4727
4728
4729
4730
4731
4732
4733
4734
4735
4736
4737
4738
4739
4740
4741
4742
4743
4744
4745
4746
4747
4748
4749
4750
4751
4752
4753
4754
4755
4756
4757
4758
4759
4760
4761
4762
4763
4764
4765
4766
4767
4768
4769
4770
4771
4772
4773
4774
4775
4776
4777
4778
4779
4780
4781
4782
4783
4784
4785
4786
4787
4788
4789
4790
4791
4792
4793
4794
4795
4796
4797
4798
4799
4800
4801
4802
4803
4804
4805
4806
4807
4808
4809
4810
4811
4812
4813
4814
4815
4816
4817
4818
4819
4820
4821
4822
4823
4824
4825
4826
4827
4828
4829
4830
4831
4832
4833
4834
4835
4836
4837
4838
4839
4840
4841
4842
4843
4844
4845
4846
4847
4848
4849
4850
4851
4852
4853
4854
4855
4856
4857
4858
4859
4860
4861
4862
4863
4864
4865
4866
4867
4868
4869
4870
4871
4872
4873
4874
4875
4876
4877
4878
4879
4880
4881
4882
4883
4884
4885
4886
4887
4888
4889
4890
4891
4892
4893
4894
4895
4896
4897
4898
4899
4900
4901
4902
4903
4904
4905
4906
4907
4908
4909
4910
4911
4912
4913
4914
4915
4916
4917
4918
4919
4920
4921
4922
4923
4924
4925
4926
4927
4928
4929
4930
4931
4932
4933
4934
4935
4936
4937
4938
4939
4940
4941
4942
4943
4944
4945
4946
4947
4948
4949
4950
4951
4952
4953
4954
4955
4956
4957
4958
4959
4960
4961
4962
4963
4964
4965
4966
4967
4968
4969
4970
4971
4972
4973
4974
4975
4976
4977
4978
4979
4980
4981
4982
4983
4984
4985
4986
4987
4988
4989
4990
4991
4992
4993
4994
4995
4996
4997
4998
4999
5000
5001
5002
5003
5004
5005
5006
5007
5008
5009
5010
5011
5012
5013
5014
5015
5016
5017
5018
5019
5020
5021
5022
5023
5024
5025
5026
5027
5028
5029
5030
5031
5032
5033
5034
5035
5036
5037
5038
5039
5040
5041
5042
5043
5044
5045
5046
5047
5048
5049
5050
5051
5052
5053
5054
5055
5056
5057
5058
5059
5060
5061
5062
5063
5064
5065
5066
5067
5068
5069
5070
5071
5072
5073
5074
5075
5076
5077
5078
5079
5080
5081
5082
5083
5084
5085
5086
5087
5088
5089
5090
5091
5092
5093
5094
5095
5096
5097
5098
5099
5100
5101
5102
5103
5104
5105
5106
5107
5108
5109
5110
5111
5112
5113
5114
5115
5116
5117
5118
5119
5120
5121
5122
5123
5124
5125
5126
5127
5128
5129
5130
5131
5132
5133
5134
5135
5136
5137
5138
5139
5140
5141
5142
5143
5144
5145
5146
5147
5148
5149
5150
5151
5152
5153
5154
5155
5156
5157
5158
5159
5160
5161
5162
5163
5164
5165
5166
5167
5168
5169
5170
5171
5172
5173
5174
5175
5176
5177
5178
5179
5180
5181
5182
5183
5184
5185
5186
5187
5188
5189
5190
5191
5192
5193
5194
5195
5196
5197
5198
5199
5200
5201
5202
5203
5204
5205
5206
5207
5208
5209
5210
5211
5212
5213
5214
5215
5216
5217
5218
5219
5220
5221
5222
5223
5224
5225
5226
5227
5228
5229
5230
5231
5232
5233
5234
5235
5236
5237
5238
5239
5240
5241
5242
5243
5244
5245
5246
5247
5248
5249
5250
5251
5252
5253
5254
5255
5256
5257
5258
5259
5260
5261
5262
5263
5264
5265
5266
5267
5268
5269
5270
5271
5272
5273
5274
5275
5276
5277
5278
5279
5280
5281
5282
5283
5284
5285
5286
5287
5288
5289
5290
5291
5292
5293
5294
5295
5296
5297
5298
5299
5300
5301
5302
5303
5304
5305
5306
5307
5308
5309
5310
5311
5312
5313
5314
5315
5316
5317
5318
5319
5320
5321
5322
5323
5324
5325
5326
5327
5328
5329
5330
5331
5332
5333
5334
5335
5336
5337
5338
5339
5340
5341
5342
5343
5344
5345
5346
5347
5348
5349
5350
5351
5352
5353
5354
5355
5356
5357
5358
5359
5360
5361
5362
5363
5364
5365
5366
5367
5368
5369
5370
5371
5372
5373
5374
5375
5376
5377
5378
5379
5380
5381
5382
5383
5384
5385
5386
5387
5388
5389
5390
5391
5392
5393
5394
5395
5396
5397
5398
5399
5400
5401
5402
5403
5404
5405
5406
5407
5408
5409
5410
5411
5412
5413
5414
5415
5416
5417
5418
5419
5420
5421
5422
5423
5424
5425
5426
5427
5428
5429
5430
5431
5432
5433
5434
5435
5436
5437
5438
5439
5440
5441
5442
5443
5444
5445
5446
5447
5448
5449
5450
5451
5452
5453
5454
5455
5456
5457
5458
5459
5460
5461
5462
5463
5464
5465
5466
5467
5468
5469
5470
5471
5472
5473
5474
5475
5476
5477
5478
5479
5480
5481
5482
5483
5484
5485
5486
5487
5488
5489
5490
5491
5492
5493
5494
5495
5496
5497
5498
5499
5500
5501
5502
5503
5504
5505
5506
5507
5508
5509
5510
5511
5512
5513
5514
5515
5516
5517
5518
5519
5520
5521
5522
5523
5524
5525
5526
5527
5528
5529
5530
5531
5532
5533
5534
5535
5536
5537
5538
5539
5540
5541
5542
5543
5544
5545
5546
5547
5548
5549
5550
5551
5552
5553
5554
5555
5556
5557
5558
5559
5560
5561
5562
5563
5564
5565
5566
5567
5568
5569
5570
5571
5572
5573
5574
5575
5576
5577
5578
5579
5580
5581
5582
5583
5584
5585
5586
5587
5588
5589
5590
5591
5592
5593
5594
5595
5596
5597
5598
5599
5600
5601
5602
5603
5604
5605
5606
5607
5608
5609
5610
5611
5612
5613
5614
5615
5616
5617
5618
5619
5620
5621
5622
5623
5624
5625
5626
5627
5628
5629
5630
5631
5632
5633
5634
5635
5636
5637
5638
5639
5640
5641
5642
5643
5644
5645
5646
5647
5648
5649
5650
5651
5652
5653
5654
5655
5656
5657
5658
5659
5660
5661
5662
5663
5664
5665
5666
5667
5668
5669
5670
5671
5672
5673
5674
5675
5676
5677
5678
5679
5680
5681
5682
5683
5684
5685
5686
5687
5688
5689
5690
5691
5692
5693
5694
5695
5696
5697
5698
5699
5700
5701
5702
5703
5704
5705
5706
5707
5708
5709
5710
5711
5712
5713
5714
5715
5716
5717
5718
5719
5720
5721
5722
5723
5724
5725
5726
5727
5728
5729
5730
5731
5732
5733
5734
5735
5736
5737
5738
5739
5740
5741
5742
5743
5744
5745
5746
5747
5748
5749
5750
5751
5752
5753
5754
5755
5756
5757
5758
5759
5760
5761
5762
5763
5764
5765
5766
5767
5768
5769
5770
5771
5772
5773
5774
5775
5776
5777
5778
5779
5780
5781
5782
5783
5784
5785
5786
5787
5788
5789
5790
5791
5792
5793
5794
5795
5796
5797
5798
5799
5800
5801
5802
5803
5804
5805
5806
5807
5808
5809
5810
5811
5812
5813
5814
5815
5816
5817
5818
5819
5820
5821
5822
5823
5824
5825
5826
5827
5828
5829
5830
5831
5832
5833
5834
5835
5836
5837
5838
5839
5840
5841
5842
5843
5844
5845
5846
5847
5848
5849
5850
5851
5852
5853
5854
5855
5856
5857
5858
5859
5860
5861
5862
5863
5864
5865
5866
5867
5868
5869
5870
5871
5872
5873
5874
5875
5876
5877
5878
5879
5880
5881
5882
5883
5884
5885
5886
5887
5888
5889
5890
5891
5892
5893
5894
5895
5896
5897
5898
5899
5900
5901
5902
5903
5904
5905
5906
5907
5908
5909
5910
5911
5912
5913
5914
5915
5916
5917
5918
5919
5920
5921
5922
5923
5924
5925
5926
5927
5928
5929
5930
5931
5932
5933
5934
5935
5936
5937
5938
5939
5940
5941
5942
5943
5944
5945
5946
5947
5948
5949
5950
5951
5952
5953
5954
5955
5956
5957
5958
5959
5960
5961
5962
5963
5964
5965
5966
5967
5968
5969
5970
5971
5972
5973
5974
5975
5976
5977
5978
5979
5980
5981
5982
5983
5984
5985
5986
5987
5988
5989
5990
5991
5992
5993
5994
5995
5996
5997
5998
5999
6000
6001
6002
6003
6004
6005
6006
6007
6008
6009
6010
6011
6012
6013
6014
6015
6016
6017
6018
6019
6020
6021
6022
6023
6024
6025
6026
6027
6028
6029
6030
6031
6032
6033
6034
6035
6036
6037
6038
6039
6040
6041
6042
6043
6044
6045
6046
6047
6048
6049
6050
6051
6052
6053
6054
6055
6056
6057
6058
6059
6060
6061
6062
6063
6064
6065
6066
6067
6068
6069
6070
6071
6072
6073
6074
6075
6076
6077
6078
6079
6080
6081
6082
6083
6084
6085
6086
6087
6088
6089
6090
6091
6092
6093
6094
6095
6096
6097
6098
6099
6100
6101
6102
6103
6104
6105
6106
6107
6108
6109
6110
6111
6112
6113
6114
6115
6116
6117
6118
6119
6120
6121
6122
6123
6124
6125
6126
6127
6128
6129
6130
6131
6132
6133
6134
6135
6136
6137
6138
6139
6140
6141
6142
6143
6144
6145
6146
6147
6148
6149
6150
6151
6152
6153
6154
6155
6156
6157
6158
6159
6160
6161
6162
6163
6164
6165
6166
6167
6168
6169
6170
6171
6172
6173
6174
6175
6176
6177
6178
6179
6180
6181
6182
6183
6184
6185
6186
6187
6188
6189
6190
6191
6192
6193
6194
6195
6196
6197
6198
6199
6200
6201
6202
6203
6204
6205
6206
6207
6208
6209
6210
6211
6212
6213
6214
6215
6216
6217
6218
6219
6220
6221
6222
6223
6224
6225
6226
6227
6228
6229
6230
6231
6232
6233
6234
6235
6236
6237
6238
6239
6240
6241
6242
6243
6244
6245
6246
6247
6248
6249
6250
6251
6252
6253
6254
6255
6256
6257
6258
6259
6260
6261
6262
6263
6264
6265
6266
6267
6268
6269
6270
6271
6272
6273
6274
6275
6276
6277
6278
6279
6280
6281
6282
6283
6284
6285
6286
6287
6288
6289
6290
6291
6292
6293
6294
6295
6296
6297
6298
6299
6300
6301
6302
6303
6304
6305
6306
6307
6308
6309
6310
6311
6312
6313
6314
6315
6316
6317
6318
6319
6320
6321
6322
6323
6324
6325
6326
6327
6328
6329
6330
6331
6332
6333
6334
6335
6336
6337
6338
6339
6340
6341
6342
6343
6344
6345
6346
6347
6348
6349
6350
6351
6352
6353
6354
6355
6356
6357
6358
6359
6360
6361
6362
6363
6364
6365
6366
6367
6368
6369
6370
6371
6372
6373
6374
6375
6376
6377
6378
6379
6380
6381
6382
6383
6384
6385
6386
6387
6388
6389
6390
6391
6392
6393
6394
6395
6396
6397
6398
6399
6400
6401
6402
6403
6404
6405
6406
6407
6408
6409
6410
6411
6412
6413
6414
6415
6416
6417
6418
6419
6420
6421
6422
6423
6424
6425
6426
6427
6428
6429
6430
6431
6432
6433
6434
6435
6436
6437
6438
6439
6440
6441
6442
6443
6444
6445
6446
6447
6448
6449
6450
6451
6452
6453
6454
6455
6456
6457
6458
6459
6460
6461
6462
6463
6464
6465
6466
6467
6468
6469
6470
6471
6472
6473
6474
6475
6476
6477
6478
6479
6480
6481
6482
6483
6484
6485
6486
6487
6488
6489
6490
6491
6492
6493
6494
6495
6496
6497
6498
6499
6500
6501
6502
6503
6504
6505
6506
6507
6508
6509
6510
6511
6512
6513
6514
6515
6516
6517
6518
6519
6520
6521
6522
6523
6524
6525
6526
6527
6528
6529
6530
6531
6532
6533
6534
6535
6536
6537
6538
6539
6540
6541
6542
6543
6544
6545
6546
6547
6548
6549
6550
6551
6552
6553
6554
6555
6556
6557
6558
6559
6560
6561
6562
6563
6564
6565
6566
6567
6568
6569
6570
6571
6572
6573
6574
6575
6576
6577
6578
6579
6580
6581
6582
6583
6584
6585
6586
6587
6588
6589
6590
6591
6592
6593
6594
6595
6596
6597
6598
6599
6600
6601
6602
6603
6604
6605
6606
6607
6608
6609
6610
6611
6612
6613
6614
6615
6616
6617
6618
6619
6620
6621
6622
6623
6624
6625
6626
6627
6628
6629
6630
6631
6632
6633
6634
6635
6636
6637
6638
6639
6640
6641
6642
6643
6644
6645
6646
6647
6648
6649
6650
6651
6652
6653
6654
6655
6656
6657
6658
6659
6660
6661
6662
6663
6664
6665
6666
6667
6668
6669
6670
6671
6672
6673
6674
6675
6676
6677
6678
6679
6680
6681
6682
6683
6684
6685
6686
6687
6688
6689
6690
6691
6692
6693
6694
6695
6696
6697
6698
6699
6700
6701
6702
6703
6704
6705
6706
6707
6708
6709
6710
6711
6712
6713
6714
6715
6716
6717
6718
6719
6720
6721
6722
6723
6724
6725
6726
6727
6728
6729
6730
6731
6732
6733
6734
6735
6736
6737
6738
6739
6740
6741
6742
6743
6744
6745
6746
6747
6748
6749
6750
6751
6752
6753
6754
6755
6756
6757
6758
6759
6760
6761
6762
6763
6764
6765
6766
6767
6768
6769
6770
6771
6772
6773
6774
6775
6776
6777
6778
6779
6780
6781
6782
6783
6784
6785
6786
6787
6788
6789
6790
6791
6792
6793
6794
6795
6796
6797
6798
6799
6800
6801
6802
6803
6804
6805
6806
6807
6808
6809
6810
6811
6812
6813
6814
6815
6816
6817
6818
6819
6820
6821
6822
6823
6824
6825
6826
6827
6828
6829
6830
6831
6832
6833
6834
6835
6836
6837
6838
6839
6840
6841
6842
6843
6844
6845
6846
6847
6848
6849
6850
6851
6852
6853
6854
6855
6856
6857
6858
6859
6860
6861
6862
6863
6864
6865
6866
6867
6868
6869
6870
6871
6872
6873
6874
6875
6876
6877
6878
6879
6880
6881
6882
6883
6884
6885
6886
6887
6888
6889
6890
6891
6892
6893
6894
6895
6896
6897
6898
6899
6900
6901
6902
6903
6904
6905
6906
6907
6908
6909
6910
6911
6912
6913
6914
6915
6916
6917
6918
6919
6920
6921
6922
6923
6924
6925
6926
6927
6928
6929
6930
6931
6932
6933
6934
6935
6936
6937
6938
6939
6940
6941
6942
6943
6944
6945
6946
6947
6948
6949
6950
6951
6952
6953
6954
6955
6956
6957
6958
6959
6960
6961
6962
6963
6964
6965
6966
6967
6968
6969
6970
6971
6972
6973
6974
6975
6976
6977
6978
6979
6980
6981
6982
6983
6984
6985
6986
6987
6988
6989
6990
6991
6992
6993
6994
6995
6996
6997
6998
6999
7000
7001
7002
7003
7004
7005
7006
7007
7008
7009
7010
7011
7012
7013
7014
7015
7016
7017
7018
7019
7020
7021
7022
7023
7024
7025
7026
7027
7028
7029
7030
7031
7032
7033
7034
7035
7036
7037
7038
7039
7040
7041
7042
7043
7044
7045
7046
7047
7048
7049
7050
7051
7052
7053
7054
7055
7056
7057
7058
7059
7060
7061
7062
7063
7064
7065
7066
7067
7068
7069
7070
7071
7072
7073
7074
7075
7076
7077
7078
7079
7080
7081
7082
7083
7084
7085
7086
7087
7088
7089
7090
7091
7092
7093
7094
7095
7096
7097
7098
7099
7100
7101
7102
7103
7104
7105
7106
7107
7108
7109
7110
7111
7112
7113
7114
7115
7116
7117
7118
7119
7120
7121
7122
7123
7124
7125
7126
7127
7128
7129
7130
7131
7132
7133
7134
7135
7136
7137
7138
7139
7140
7141
7142
7143
7144
7145
7146
7147
7148
7149
7150
7151
7152
7153
7154
7155
7156
7157
7158
7159
7160
7161
7162
7163
7164
7165
7166
7167
7168
7169
7170
7171
7172
7173
7174
7175
7176
7177
7178
7179
7180
7181
7182
7183
7184
7185
7186
7187
7188
7189
7190
7191
7192
7193
7194
7195
7196
7197
7198
7199
7200
7201
7202
7203
7204
7205
7206
7207
7208
7209
7210
7211
7212
7213
7214
7215
7216
7217
7218
7219
7220
7221
7222
7223
7224
7225
7226
7227
7228
7229
7230
7231
7232
7233
7234
7235
7236
7237
7238
7239
7240
7241
7242
7243
7244
7245
7246
7247
7248
7249
7250
7251
7252
7253
7254
7255
7256
7257
7258
7259
7260
7261
7262
7263
7264
7265
7266
7267
7268
7269
7270
7271
7272
7273
7274
7275
7276
7277
7278
7279
7280
7281
7282
7283
7284
7285
7286
7287
7288
7289
7290
7291
7292
7293
7294
7295
7296
7297
7298
7299
7300
7301
7302
7303
7304
7305
7306
7307
7308
7309
7310
7311
7312
7313
7314
7315
7316
7317
7318
7319
7320
7321
7322
7323
7324
7325
7326
7327
7328
7329
7330
7331
7332
7333
7334
7335
7336
7337
7338
7339
7340
7341
7342
7343
7344
7345
7346
7347
7348
7349
7350
7351
7352
7353
7354
7355
7356
7357
7358
7359
7360
7361
7362
7363
7364
7365
7366
7367
7368
7369
7370
7371
7372
7373
7374
7375
7376
7377
7378
7379
7380
7381
7382
7383
7384
7385
7386
7387
7388
7389
7390
7391
7392
7393
7394
7395
7396
7397
7398
7399
7400
7401
7402
7403
7404
7405
7406
7407
7408
7409
7410
7411
7412
7413
7414
7415
7416
7417
7418
7419
7420
7421
7422
7423
7424
7425
7426
7427
7428
7429
7430
7431
7432
7433
7434
7435
7436
7437
7438
7439
7440
7441
7442
7443
7444
7445
7446
7447
7448
7449
7450
7451
7452
7453
7454
7455
7456
7457
7458
7459
7460
7461
7462
7463
7464
7465
7466
7467
7468
7469
7470
7471
7472
7473
7474
7475
7476
7477
7478
7479
7480
7481
7482
7483
7484
7485
7486
7487
7488
7489
7490
7491
7492
7493
7494
7495
7496
7497
7498
7499
7500
7501
7502
7503
7504
7505
7506
7507
7508
7509
7510
7511
7512
7513
7514
7515
7516
7517
7518
7519
7520
7521
7522
7523
7524
7525
7526
7527
7528
7529
7530
7531
7532
7533
7534
7535
7536
7537
7538
7539
7540
7541
7542
7543
7544
7545
7546
7547
7548
7549
7550
7551
7552
7553
7554
7555
7556
7557
7558
7560
7561
7562
7563
7564
7565
7566
7567
7568
7569
7570
7571
7572
7573
7574
7575
7576
7577
7578
7579
7580
7581
7582
7583
7584
7585
7586
7587
7588
7589
7590
7591
7592
7593
7594
7595
7596
7597
7598
7599
7600
7601
7602
7603
7604
7605
7606
7607
7608
7609
7610
7611
7612
7613
7614
7615
7616
7617
7618
7619
7620
7621
7622
7623
7624
7625
7626
7627
7628
7629
7630
7631
7632
7633
7634
7635
7636
7637
7638
7639
7640
7641
7642
7643
7644
7645
7646
7647
7648
7649
7650
7651
7652
7653
7654
7655
7656
7657
7658
7659
7660
7661
7662
7663
7664
7665
7666
7667
7668
7669
7670
7671
7672
7673
7674
7675
7676
7677
7678
7679
7680
7681
7682
7683
7684
7685
7686
7687
7688
7689
7690
7691
7692
7693
7694
7695
7696
7697
7698
7699
7700
7701
7702
7703
7704
7705
7706
7707
7708
7709
7710
7711
7712
7713
7714
7715
7716
7717
7718
7719
7720
7721
7722
7723
7724
7725
7726
7727
7728
7729
7730
7731
7732
7733
7734
7735
7736
7737
7738
7739
7740
7741
7742
7743
7744
7745
7746
7747
7748
7749
7750
7751
7752
7753
7754
7755
7756
7757
7758
7759
7760
7761
7762
7763
7764
7765
7766
7767
7768
7769
7770
7771
7772
7773
7774
7775
7776
7777
7778
7779
7780
7781
7782
7783
7784
7785
7786
7787
7788
7789
7790
7791
7792
7793
7794
7795
7796
7797
7798
7799
7800
7801
7802
7803
7804
7805
7806
7807
7808
7809
7810
7811
7812
7813
7814
7815
7816
7817
7818
7819
7820
7821
7822
7823
7824
7825
7826
7827
7828
7829
7830
7831
7832
7833
7834
7835
7836
7837
7838
7839
7840
7841
7842
7843
7844
7845
7846
7847
7848
7849
7850
7851
7852
7853
7854
7855
7856
7857
7858
7859
7860
7861
7862
7863
7864
7865
7866
7867
7868
7869
7870
7871
7872
7873
7874
7875
7876
7877
7878
7879
7880
7881
7882
7883
7884
7885
7886
7887
7888
7889
7890
7891
7892
7893
7894
7895
7896
7897
7898
7899
7900
7901
7902
7903
7904
7905
7906
7907
7908
7909
7910
7911
7912
7913
7914
7915
7916
7917
7918
7919
7920
7921
7922
7923
7924
7925
7926
7927
7928
7929
7930
7931
7932
7933
7934
7935
7936
7937
7938
7939
7940
7941
7942
7943
7944
7945
7946
7947
7948
7949
7950
7951
7952
7953
7954
7955
7956
7957
7958
7959
7960
7961
7962
7963
7964
7965
7966
7967
7968
7969
7970
7971
7972
7973
7974
7975
7976
7977
7978
7979
7980
7981
7982
7983
7984
7985
7986
7987
7988
7989
7990
7991
7992
7993
7994
7995
7996
7997
7998
7999
8000
8001
8002
8003
8004
8005
8006
8007
8008
8009
8010
8011
8012
8013
8014
8015
8016
8017
8018
8019
8020
8021
8022
8023
8024
8025
8026
8027
8028
8029
8030
8031
8032
8033
8034
8035
8036
8037
8038
8039
8040
8041
8042
8043
8044
8045
8046
8047
8048
8049
8050
8051
8052
8053
8054
8055
8056
8057
8058
8059
8060
8061
8062
8063
8064
8065
8066
8067
8068
8069
8070
8071
8072
8073
8074
8075
8076
8077
8078
8079
8080
8081
8082
8083
8084
8085
8086
8087
8088
8089
8090
8091
8092
8093
8094
8095
8096
8097
8098
8099
8100
8101
8102
8103
8104
8105
8106
8107
8108
8109
8110
8111
8112
8113
8114
8115
8116
8117
8118
8119
8120
8121
8122
8123
8124
8125
8126
8127
8128
8129
8130
8131
8132
8133
8134
8135
8136
8137
8138
8139
8140
8141
8142
8143
8144
8145
8146
8147
8148
8149
8150
8151
8152
8153
8154
8155
8156
8157
8158
8159
8160
8161
8162
8163
8164
8165
8166
8167
8168
8169
8170
8171
8172
8173
8174
8175
8176
8177
8178
8179
8180
8181
8182
8183
8184
8185
8186
8187
8188
8189
8190
8191
8192
8193
8194
8195
8196
8197
8198
8199
8200
8201
8202
8203
8204
8205
8206
8207
8208
8209
8210
8211
8212
8213
8214
8215
8216
8217
8218
8219
8220
8221
8222
8223
8224
8225
8226
8227
8228
8229
8230
8231
8232
8233
8234
8235
8236
8237
8238
8239
8240
8241
8242
8243
8244
8245
8246
8247
8248
8249
8250
8251
8252
8253
8254
8255
8256
8257
8258
8259
8260
8261
8262
8263
8264
8265
8266
8267
8268
8269
8270
8271
8272
8273
8274
8275
8276
8277
8278
8279
8280
8281
8282
8283
8284
8285
8286
8287
8288
8289
8290
8291
8292
8293
8294
8295
8296
8297
8298
8299
8300
8301
8302
8303
8304
8305
8306
8307
8308
8309
8310
8311
8312
8313
8314
8315
8316
8317
8318
8319
8320
8321
8322
8323
8324
8325
8326
8327
8328
8329
8330
8331
8332
8333
8334
8335
8336
8337
8338
8339
8340
8341
8342
8343
8344
8345
8346
8347
8348
8349
8350
8351
8352
8353
8354
8355
8356
8357
8358
8359
8360
8361
8362
8363
8364
8365
8366
8367
8368
8369
8370
8371
8372
8373
8374
8375
8376
8377
8378
8379
8380
8381
8382
8383
8384
8385
8386
8387
8388
8389
8390
8391
8392
8393
8394
8395
8396
8397
8398
8399
8400
8401
8402
8403
8404
8405
8406
8407
8408
8409
8410
8411
8412
8413
8414
8415
8416
8417
8418
8419
8420
8421
8422
8423
8424
8425
8426
8427
8428
8429
8430
8431
8432
8433
8434
8435
8436
8437
8438
8439
8440
8441
8442
8443
8444
8445
8446
8447
8448
8449
8450
8451
8452
8453
8454
8455
8456
8457
8458
8459
8460
8461
8462
8463
8464
8465
8466
8467
8468
8469
8470
8471
8472
8473
8474
8475
8476
8477
8478
8479
8480
8481
8482
8483
8484
8485
8486
8487
8488
8489
8490
8491
8492
8493
8494
8495
8496
8497
8498
8499
8500
8501
8502
8503
8504
8505
8506
8507
8508
8509
8510
8511
8512
8513
8514
8515
8516
8517
8518
8519
8520
8521
8522
8523
8524
8525
8526
8527
8528
8529
8530
8531
8532
8533
8534
8535
8536
8537
8538
8539
8540
8541
8542
8543
8544
8545
8546
8547
8548
8549
8550
8551
8552
8553
8554
8555
8556
8557
8558
8559
8560
8561
8562
8563
8564
8565
8566
8567
8568
8569
8570
8571
8572
8573
8574
8575
8576
8577
8578
8579
8580
8581
8582
8583
8584
8585
8586
8587
8588
8589
8590
8591
8592
8593
8594
8595
8596
8597
8598
8599
8600
8601
8602
8603
8604
8605
8606
8607
8608
8609
8610
8611
8612
8613
8614
8615
8616
8617
8618
8619
8620
8621
8622
8623
8624
8625
8626
8627
8628
8629
8630
8631
8632
8633
8634
8635
8636
8637
8638
8639
8640
8641
8642
8643
8644
8645
8646
8647
8648
8649
8650
8651
8652
8653
8654
8655
8656
8657
8658
8659
8660
8661
8662
8663
8664
8665
8666
8667
8668
8669
8670
8671
8672
8673
8674
8675
8676
8677
8678
8679
8680
8681
8682
8683
8684
8685
8686
8687
8688
8689
8690
8691
8692
8693
8694
8695
8696
8697
8698
8699
8700
8701
8702
8703
8704
8705
8706
8707
8708
8709
8710
8711
8712
8713
8714
8715
8716
8717
8718
8719
8720
8721
8722
8723
8724
8725
8726
8727
8728
8729
8730
8731
8732
8733
8734
8735
8736
8737
8738
8739
8740
8741
8742
8743
8744
8745
8746
8747
8748
8749
8750
8751
8752
8753
8754
8755
8756
8757
8758
8759
8760
8761
8762
8763
8764
8765
8766
8767
8768
8769
8770
8771
8772
8773
8774
8775
8776
8777
8778
8779
8780
8781
8782
8783
8784
8785
8786
8787
8788
8789
8790
8791
8792
8793
8794
8795
8796
8797
8798
8799
8800
8801
8802
8803
8804
8805
8806
8807
8808
8809
8810
8811
8812
8813
8814
8815
8816
8817
8818
8819
8820
8821
8822
8823
8824
8825
8826
8827
8828
8829
8830
8831
8832
8833
8834
8835
8836
8837
8838
8839
8840
8841
8842
8843
8844
8845
8846
8847
8848
8849
8850
8851
8852
8853
8854
8855
8856
8857
8858
8859
8860
8861
8862
8863
8864
8865
8866
8867
8868
8869
8870
8871
8872
8873
8874
8875
8876
8877
8878
8879
8880
8881
8882
8883
8884
8885
8886
8887
8888
8889
8890
8891
8892
8893
8894
8895
8896
8897
8898
8899
8900
8901
8902
8903
8904
8905
8906
8907
8908
8909
8910
8911
8912
8913
8914
8915
8916
8917
8918
8919
8920
8921
8922
8923
8924
8925
8926
8927
8928
8929
8930
8931
8932
8933
8934
8935
8936
8937
8938
8939
8940
8941
8942
8943
8944
8945
8946
8947
8948
8949
8950
8951
8952
8953
8954
8955
8956
8957
8958
8959
8960
8961
8962
8963
8964
8965
8966
8967
8968
8969
8970
8971
8972
8973
8974
8975
8976
8977
8978
8979
8980
8981
8982
8983
8984
8985
8986
8987
8988
8989
8990
8991
8992
8993
8994
8995
8996
8997
8998
8999
9000
9001
9002
9003
9004
9005
9006
9007
9008
9009
9010
9011
9012
9013
9014
9015
9016
9017
9018
9019
9020
9021
9022
9023
9024
9025
9026
9027
9028
9029
9030
9031
9032
9033
9034
9035
9036
9037
9038
9039
9040
9041
9042
9043
9044
9045
9046
9047
9048
9049
9050
9051
9052
9053
9054
9055
9056
9057
9058
9059
9060
9061
9062
9063
9064
9065
9066
9067
9068
9069
9070
9071
9072
9073
9074
9075
9076
9077
9078
9079
9080
9081
9082
9083
9084
9085
9086
9087
9088
9089
9090
9091
9092
9093
9094
9095
9096
9097
9098
9099
9100
9101
9102
9103
9104
9105
9106
9107
9108
9109
9110
9111
9112
9113
9114
9115
9116
9117
9118
9119
9120
9121
9122
9123
9124
9125
9126
9127
9128
9129
9130
9131
9132
9133
9134
9135
9136
9137
9138
9139
9140
9141
9142
9143
9144
9145
9146
9147
9148
9149
9150
9151
9152
9153
9154
9155
9156
9157
9158
9159
9160
9161
9162
9163
9164
9165
9166
9167
9168
9169
9170
9171
9172
9173
9174
9175
9176
9177
9178
9179
9180
9181
9182
9183
9184
9185
9186
9187
9188
9189
9190
9191
9192
9193
9194
9195
9196
9197
9198
9199
9200
9201
9202
9203
9204
9205
9206
9207
9208
9209
9210
9211
9212
9213
9214
9215
9216
9217
9218
9219
9220
9221
9222
9223
9224
9225
9226
9227
9228
9229
9230
9231
9232
9233
9234
9235
9236
9237
9238
9239
9240
9241
9242
9243
9244
9245
9246
9247
9248
9249
9250
9251
9252
9253
9254
9255
9256
9257
9258
9259
9260
9261
9262
9263
9264
9265
9266
9267
9268
9269
9270
9271
9272
9273
9274
9275
9276
9277
9278
9279
9280
9281
9282
9283
9284
9285
9286
9287
9288
9289
9290
9291
9292
9293
9294
9295
9296
9297
9298
9299
9300
9301
9302
9303
9304
9305
9306
9307
9308
9309
9310
9311
9312
9313
9314
9315
9316
9317
9318
9319
9320
9321
9322
9323
9324
9325
9326
9327
9328
9329
9330
9331
9332
9333
9334
9335
9336
9337
9338
9339
9340
9341
9342
9343
9344
9345
9346
9347
9348
9349
9350
9351
9352
9353
9354
9355
9356
9357
9358
9359
9360
9361
9362
9363
9364
9365
9366
9367
9368
9369
9370
9371
9372
9373
9374
9375
9376
9377
9378
9379
9380
9381
9382
9383
9384
9385
9386
9387
9388
9389
9390
9391
9392
9393
9394
9395
9396
9397
9398
9399
9400
9401
9402
9403
9404
9405
9406
9407
9408
9409
9410
9411
9412
9413
9414
9415
9416
9417
9418
9419
9420
9421
9422
9423
9424
9425
9426
9427
9428
9429
9430
9431
9432
9433
9434
9435
9436
9437
9438
9439
9440
9441
9442
9443
9444
9445
9446
9447
9448
9449
9450
9451
9452
9453
9454
9455
9456
9457
9458
9459
9460
9461
9462
9463
9464
9465
9466
9467
9468
9469
9470
9471
9472
9473
9474
9475
9476
9477
9478
9479
9480
9481
9482
9483
9484
9485
9486
9487
9488
9489
9490
9491
9492
9493
9494
9495
9496
9497
9498
9499
9500
9501
9502
9503
9504
9505
9506
9507
9508
9509
9510
9511
9512
9513
9514
9515
9516
9517
9518
9519
9520
9521
9522
9523
9524
9525
9526
9527
9528
9529
9530
9531
9532
9533
9534
9535
9536
9537
9538
9539
9540
9541
9542
9543
9544
9545
9546
9547
9548
9549
9550
9551
9552
9553
9554
9555
9556
9557
9558
9559
9560
9561
9562
9563
9564
9565
9566
9567
9568
9569
9570
9571
9572
9573
9574
9575
9576
9577
9578
9579
9580
9581
9582
9583
9584
9585
9586
9587
9588
9589
9590
9591
9592
9593
9594
9595
9596
9597
9598
9599
9600
9601
9602
9603
9604
9605
9606
9607
9608
9609
9610
9611
9612
9613
9614
9615
9616
9617
9618
9619
9620
9621
9622
9623
9624
9625
9626
9627
9628
9629
9630
9631
9632
9633
9634
9635
9636
9637
9638
9639
9640
9641
9642
9643
9644
9645
9646
9647
9648
9649
9650
9651
9652
9653
9654
9655
9656
9657
9658
9659
9660
9661
9662
9663
9664
9665
9666
9667
9668
9669
9670
9671
9672
9673
9674
9675
9676
9677
9678
9679
9680
9681
9682
9683
9684
9685
9686
9687
9688
9689
9690
9691
9692
9693
9694
9695
9696
9697
9698
9699
9700
9701
9702
9703
9704
9705
9706
9707
9708
9709
9710
9711
9712
9713
9714
9715
9716
9717
9718
9719
9720
9721
9722
9723
9724
9725
9726
9727
9728
9729
9730
9731
9732
9733
9734
9735
9736
9737
9738
9739
9740
9741
9742
9743
9744
9745
9746
9747
9748
9749
9750
9751
9752
9753
9754
9755
9756
9757
9758
9759
9760
9761
9762
9763
9764
9765
9766
9767
9768
9769
9770
9771
9772
9773
9774
9775
9776
9777
9778
9779
9780
9781
9782
9783
9784
9785
9786
9787
9788
9789
9790
9791
9792
9793
9794
9795
9796
9797
9798
9799
9800
9801
9802
9803
9804
9805
9806
9807
9808
9809
9810
9811
9812
9813
9814
9815
9816
9817
9818
9819
9820
9821
9822
9823
9824
9825
9826
9827
9828
9829
9830
9831
9832
9833
9834
9835
9836
9837
9838
9839
9840
9841
9842
9843
9844
9845
9846
9847
9848
9849
9850
9851
9852
9853
9854
9855
9856
9857
9858
9859
9860
9861
9862
9863
9864
9865
9866
9867
9868
9869
9870
9871
9872
9873
9874
9875
9876
9877
9878
9879
9880
9881
9882
9883
9884
9885
9886
9887
9888
9889
9890
9891
9892
9893
9894
9895
9896
9897
9898
9899
9900
9901
9902
9903
9904
9905
9906
9907
9908
9909
9910
9911
9912
9913
9914
9915
9916
9917
9918
9919
9920
9921
9922
9923
9924
9925
9926
9927
9928
9929
9930
9931
9932
9933
9934
9935
9936
9937
9938
9939
9940
9941
9942
9943
9944
9945
9946
9947
9948
9949
9950
9951
9952
9953
9954
9955
9956
9957
9958
9959
9960
9961
9962
9963
9964
9965
9966
9967
9968
9969
9970
9971
9972
9973
9974
9975
9976
9977
9978
9979
9980
9981
9982
9983
9984
9985
9986
9987
9988
9989
9990
9991
9992
9993
9994
9995
9996
9997
9998
9999
10000

--- Metricas ---
Tempo Shell Sort : 0.002000 s
Tempo Comb Sort  : 0.002000 s
Memoria RSS      : N/A
