20696
2416
83692
58455
14255
61771
96378
53324
85760
21547
81205
12142
59576
1278
35343
28481
88172
32091
20007
36
92607
21874
39862
45247
8948
97000
4105
82289
2032
44828
48304
3156
86258
65548
2061
14730
62732
10805
39194
53879
10087
74997
44328
90197
24153
53465
43534
95345
82307
98080
56962
34664
58392
8437
69899
61380
70900
60271
28406
78937
70865
92417
79073
20294
79622
15692
15412
24895
92698
27478
93878
1661
24040
21796
12933
13698
98211
44442
16170
82831
65231
81030
55392
86976
62542
29619
94758
19575
90673
34778
5958
20887
75756
32365
29824
76689
71734
71388
92878
8919
87214
20264
7080
5219
78701
90011
49993
98464
60489
50335
84406
94928
4261
82834
60183
42865
70130
20221
21287
97858
27551
85190
94579
29832
14479
47581
79270
81986
31239
9224
43224
65359
52820
73618
62343
37951
78296
62337
42953
85530
982
46040
38687
74203
81824
3852
50982
54961
13853
89058
18828
87282
9330
95972
45734
58785
38959
257
64981
60055
84886
33346
25203
60656
72819
62393
22319
43836
34221
78992
86033
85261
1136
80071
59889
39788
44053
89126
26281
29310
92190
99016
32607
73074
94735
34340
55283
67490
37551
6599
68178
67790
19559
36192
65925
11895
10650
21260
69846
70695
10914
14231
32181
52053
56965
96074
61138
49535
42314
14971
73489
26527
18743
12781
85752
7865
88523
92455
75793
66591
37052
97585
41887
20203
27546
91905
60862
32993
92439
95144
33429
70784
41885
39200
20278
51237
49235
65004
23581
68931
64776
62285
61160
72221
77506
36463
59847
406
33494
82041
81963
16587
73251
4286
90650
974
92381
1216
80913
29604
18087
60403
98545
55822
56775
11636
9721
27469
37595
61360
60555
18348
39108
98575
98721
58234
82608
79997
39561
62320
60711
84455
24174
67745
35186
70575
32764
33757
58080
4152
28760
78202
17314
60854
23922
33903
47656
90298
9283
40938
95998
95521
39493
90624
6928
91569
48817
88280
5671
46463
76651
86034
81083
47479
67328
78898
79581
68858
59717
95871
49782
88306
67222
98974
98617
12721
50714
49503
76657
76319
23332
33940
57267
77648
7789
55481
33956
50442
86480
2490
70841
44928
54108
88123
82380
58336
41506
37964
1141
28702
46954
3965
75143
59699
43253
34727
51201
63355
35899
25580
44357
93742
72000
45578
4159
83595
8838
70916
25468
82293
97159
24308
43477
83179
69739
25688
60172
15364
23891
30774
64186
5802
55974
60706
15962
73151
21721
34117
87097
33686
14220
16606
74941
27599
62667
88015
58773
68554
99706
62754
85268
51738
23241
76154
65637
29478
30575
43950
10480
19684
53189
98538
51850
99374
59727
59977
15146
33613
5246
5595
20780
95894
37526
17330
94771
75736
83499
50162
20784
81134
70074
61156
4256
78154
30361
85597
35596
50553
44460
16583
88197
8648
39102
97637
11157
47808
97053
12087
95231
18982
63949
25365
47027
49987
23130
85041
17157
9492
80112
55522
19331
78205
78459
29057
68636
18531
27450
99807
41865
28875
50591
85201
87932
70726
11138
73100
35034
12630
68670
21072
11002
24909
45422
83194
64306
4247
55455
93964
95587
42946
16057
35655
67597
28351
979
43423
79347
24440
47717
71498
29348
72871
77749
13865
63234
91146
19306
80758
16413
49776
77660
52291
49438
35783
87468
7396
98567
71820
13387
17260
54398
36779
15982
27143
27456
99637
97953
45423
95479
90134
94231
26042
53924
14276
21195
69434
49536
86925
15741
89960
93643
60418
20797
2690
2885
38215
72277
27709
29660
90357
17580
82191
46750
63194
87629
60048
40330
48758
98387
87790
21826
67214
92766
45458
34457
66423
90789
82056
64548
63058
67106
80146
80917
36808
4733
98379
61706
45956
25119
24316
84202
85442
60294
91013
97731
1484
76265
57255
15841
44145
95202
79564
27039
4700
73826
71697
14291
80789
53202
93516
18445
43829
15151
87405
17458
80662
66911
2638
49481
20939
43505
99593
23531
97777
45150
29175
84638
93718
87615
13703
4927
64191
73847
74337
77146
49527
57220
36389
60192
36637
56238
46993
39976
90098
85838
83229
86208
81284
24973
99800
59109
57858
69398
69443
26990
41392
73236
54694
15976
95740
60774
91111
35287
73971
49955
21673
42171
73561
10307
56996
14789
67503
65377
26616
51764
94636
3122
93246
35440
49698
8627
93202
50267
54037
17305
96996
29345
68202
66641
32981
30004
66569
94888
8952
5027
69181
64627
16844
70874
13018
93547
16246
70206
47028
35567
8450
67320
37657
78043
9851
16981
14873
91287
9602
92837
52378
23246
18746
2231
83859
75408
22551
76060
22667
24944
46396
99108
90939
63291
45013
94710
47167
94667
21609
91613
28574
38486
84948
79938
2316
63730
10140
59009
72291
5983
71093
86938
34618
20721
52463
88771
33016
30640
20148
84013
22308
74081
50159
66579
92263
96808
35066
75520
39203
87985
6922
62151
37206
62270
15192
39967
83228
57221
2021
59498
86912
57585
82059
87866
96141
3892
30463
98725
52674
43127
15385
11329
5479
61146
51935
39842
20731
63178
57721
77943
92933
79852
83213
11939
65527
7468
80918
56990
80921
76423
26014
24442
9141
83265
91411
30703
48717
73722
74360
54018
79787
63432
41220
54789
41003
40679
72026
47016
88979
47055
17203
17438
11833
77552
50815
44411
31970
36166
70218
18902
46617
59315
7063
76985
67468
95293
77786
40065
67042
27395
53097
39030
70867
77
17453
63398
10358
28940
27381
41233
41511
74777
78317
86120
26376
51779
81313
55476
30206
2931
50383
85354
90628
738
39354
93569
73080
1383
34185
98586
22845
73939
7391
90913
18259
37161
18199
50499
85320
79300
62374
80419
86999
67902
12739
78027
82600
53
43711
37887
8602
71149
67110
12132
54402
21549
96725
39634
26056
78897
83339
27420
95408
92035
4085
18919
39471
61057
70885
21750
20683
28498
64137
15659
29782
76681
38699
29573
10976
86458
50408
60467
4347
64351
64850
3296
5222
92633
81798
95813
29429
35506
46738
15971
18388
84956
31612
8180
22161
35611
80980
1617
63073
91403
53541
64730
44650
41798
7097
67730
8991
29545
68917
47490
14592
99803
71812
58812
63551
578
8271
97367
35817
34192
77258
45467
91529
75579
64700
64639
10544
39073
44277
86726
95581
24520
82876
64236
4951
47674
5813
61198
92351
17985
40910
24811
1942
50493
65466
21962
35322
99130
55383
15892
86190
1189
29383
59799
26949
85162
42638
6520
33737
35764
56037
83385
54166
28241
4852
1479
70038
93257
99372
96510
75592
29924
98854
88037
64856
77882
85836
52694
38898
9798
49509
60299
565
82328
6452
34920
62408
80431
43706
86951
55300
36063
58933
33451
89503
70359
92672
13009
690
17104
60772
33540
62586
39378
53597
38765
71233
48710
90753
8725
54282
93493
57967
24698
52527
20225
62297
15835
30432
91936
4715
91457
83555
86392
31168
55832
42313
39068
65124
9012
41804
15512
42431
15501
28005
28084
48456
58147
88798
57519
93142
26970
11896
19656
76620
42158
4278
12662
54072
48044
95618
71633
46757
68587
13083
34353
19703
56074
77150
83975
79475
1367
82164
87733
25863
89839
64551
37463
86615
71654
44244
32939
66819
376
59987
46399
43933
11786
5948
24746
31978
96354
16147
21164
48288
27809
90817
2953
45848
26155
28251
52816
20591
21382
18573
24285
40101
19704
53579
83143
90050
463
86752
65592
55072
62054
88894
76163
57520
25156
66990
1124
37894
5765
14826
21944
95720
73687
65583
25289
86787
82800
47885
79636
90208
97573
18372
89672
50123
13950
57177
31202
51018
59907
3467
49337
71638
63282
78622
23838
76705
18073
97290
13732
26924
4983
72582
85713
1833
53919
59426
19831
69827
92378
59447
55588
40464
26422
99718
74194
94446
33495
99553
73071
77829
52471
93972
79789
8939
81244
16625
5090
55187
22922
55147
3661
57912
50301
34555
24294
68885
2309
83058
91811
69789
18921
68260
35833
35075
55477
98070
13082
8770
5114
59007
57364
16373
55219
55843
19555
14673
55321
36821
96691
48184
66803
9887
72182
38037
4763
43898
14996
40224
43110
17830
2537
54761
89638
6087
72449
43169
52197
79804
75825
26211
55237
53948
54592
87450
46695
36458
38189
62287
86448
79229
98054
94297
93102
25436
55664
76866
30038
85047
1440
46839
83028
69551
74022
22988
20824
41719
88400
19137
81731
45116
4920
42717
21277
47370
50043
65943
52625
76128
55034
22691
91561
47615
77154
33787
36699
276
18708
55837
73222
29515
79974
17089
64089
62423
5207
18279
81232
46283
90724
29309
47539
94112
38204
38419
33615
47344
75377
20444
92220
73842
49984
37727
97063
71218
95561
63331
77691
36293
28148
39759
61573
79380
41059
10287
95363
47635
55134
1194
71898
29324
49845
75994
50687
38406
73923
69749
68742
28079
26175
85555
9321
18394
87373
62591
94021
6019
36362
84052
28144
7098
88152
36576
38171
88498
72904
78828
34423
1456
52848
95656
89106
84627
68766
10925
29474
85090
76599
98154
7512
72737
84419
34567
19173
9444
70250
97172
57018
43364
49308
64643
56820
30449
35694
87015
38363
21767
80264
17023
73790
65537
26926
15103
73548
588
72276
12137
7019
83781
8555
11185
46937
94369
5030
76595
29090
66731
88220
7662
31001
95023
41928
81612
11588
69140
97325
88104
28741
35829
31706
98281
71347
75689
21929
43628
36164
17379
97896
87766
93825
7881
2773
61904
68743
33372
32946
65236
23065
98382
60761
72023
7118
11207
78996
83568
6892
82127
98681
95418
44846
42328
61571
4091
21708
61280
99574
29643
69570
3399
17513
62283
74392
95194
90630
79790
90016
50369
62550
32065
77231
83605
14987
80238
38843
47418
58235
985
38517
72873
43825
14297
89274
74168
65531
56218
79157
59127
87624
29978
55213
17854
95824
13092
27358
74579
9164
15817
90419
44050
29755
7915
94391
44625
74805
6899
22946
10860
54055
14129
34516
69972
67224
68189
49055
20332
16578
83347
80905
13500
2777
3466
34628
23479
48912
25227
44521
45742
22330
39007
9192
74745
60137
64685
9452
92765
30051
87639
72400
22564
20140
62876
22982
66924
87082
64965
4937
57876
76996
12316
15794
54708
78576
46855
98467
8229
34713
49093
96775
89679
75741
41305
40832
46044
82687
13537
86390
8818
96753
66674
26723
79845
96924
72736
30427
85138
73746
99022
41327
90108
73017
10200
97693
98517
17550
9153
77971
53102
64133
65649
70786
83655
86415
64475
17583
66425
11239
56736
17228
42576
1631
13175
81606
41540
54191
4695
16516
94377
22774
16905
11079
6948
78352
1840
55659
65557
75725
2177
70434
14339
96826
32130
9453
32383
14761
83988
59432
80645
66331
89890
39111
28919
48905
72639
73932
80343
67034
22530
24708
28141
799
23256
23428
20576
7086
95636
34535
86156
2653
65983
45702
26458
4572
6640
40602
3306
55284
35341
72024
57551
27600
34870
57343
61578
11272
72648
14526
78800
8544
74014
40299
81939
5370
91171
57099
86971
10971
18996
59785
31737
29738
57540
91438
16400
68109
37739
63187
49259
41749
89135
74949
33050
67883
98477
77355
31798
81177
21935
22379
89944
6832
87805
16611
16808
71837
97970
60096
64921
49305
49265
67627
45919
38186
66987
33868
3756
13564
70347
86066
69394
80045
66949
16362
79433
39804
4634
19866
67825
52506
68458
87102
72262
20072
70101
35385
52749
10283
61945
2873
79767
49717
18863
85317
32711
3557
83536
81104
13446
93877
47809
73936
36313
19862
34033
67284
51888
9996
11351
79403
25564
29713
50957
96366
67436
48080
20769
70978
79999
24059
93465
82605
56327
81100
95964
74900
10357
61962
58891
16424
52914
23100
99467
4107
27989
84112
45377
9350
58717
63778
49162
43975
57627
97081
25300
50054
55730
77767
82571
55660
94142
3270
60039
35178
28580
74894
54489
21903
67296
71761
83328
34168
85095
57576
42434
46649
22475
14816
72843
9842
55169
95131
19076
11211
24788
83661
82740
89866
3082
46925
74761
89187
35281
24586
78515
80274
9568
34596
78707
21743
32501
14000
38665
52595
27361
86720
81860
13557
10112
76133
97390
15267
74290
28789
80109
11449
85630
96412
95950
13155
27498
34866
1394
98927
74379
56058
19253
88783
12425
23845
78078
66692
55553
56366
69641
93340
32595
60825
56071
43041
18417
60285
37989
88680
78610
58193
41068
97171
96347
61936
3558
2147
99967
7089
10698
75889
64394
47746
30724
18635
42267
62719
82221
79142
57358
38398
69490
39175
75839
59982
74887
24930
80732
43610
13445
34103
81892
87356
75456
98825
76338
72503
34583
9979
70276
59802
72629
1703
59050
51438
73028
75120
88520
52264
73659
28179
49517
97968
82263
99158
83894
38116
31245
11236
37538
99004
17869
50232
39710
97289
15059
64076
90929
22664
94779
51044
53602
64270
7156
27193
65737
24513
8228
27182
76655
3621
75765
32081
28802
957
37202
10884
40836
1101
44473
87246
9713
37158
97486
16478
14489
75840
93716
786
55397
67194
73830
82399
24281
5075
18188
8932
68750
71105
21147
62817
88452
15683
87061
46459
79012
66258
58468
16789
36708
19478
8776
35329
93647
88155
7690
26412
56674
47102
84694
19911
8269
84185
60093
54017
9927
95568
98608
49180
81652
88056
48602
89302
66623
11686
41318
47512
75995
76774
41969
99083
82846
49161
66311
78861
55500
31301
98865
18907
44790
72656
40046
36167
30472
60941
56752
83616
48557
46042
28505
15832
10756
76950
76834
43633
98368
42008
82038
20765
64739
76973
18631
50833
29517
78259
95626
9885
64520
20195
64064
8527
30148
69703
10449
320
3328
21598
98323
10573
99055
66495
43094
35099
28935
20932
2820
99175
67056
81669
82703
94273
21753
5217
71783
20967
56146
89845
97904
15948
48449
89254
80483
54806
61950
33786
43335
6229
2701
65792
55569
27304
71261
90362
77923
12062
63245
77244
69413
80125
51371
68980
18364
97724
19585
11178
44559
82977
62618
79483
46821
58503
6580
26612
35333
35519
16544
9446
14226
79626
21814
14510
26075
91954
75470
89215
98096
93861
86672
42835
91166
85084
84681
54281
71731
16710
48774
83190
28697
5309
97849
42117
46027
49224
39569
62582
91736
30967
47753
36829
2604
94847
39277
41047
4586
84062
42029
31254
32629
90692
89835
52014
12417
80941
39860
62046
61043
58378
90689
50735
72894
41819
45484
78079
53242
66605
52009
34638
75110
30565
57118
98925
24414
81630
47224
66014
30963
13267
75828
31367
42147
34083
84530
77233
53098
41439
72072
45796
98897
86646
31581
7167
61724
60919
15853
3968
24813
15318
49415
73856
64769
80958
733
45657
37361
44823
90465
56619
12304
82076
8895
76926
70021
94769
3217
28414
47258
1084
47112
81878
58447
89291
82627
52472
13010
7234
95745
6328
77706
81317
71308
41264
93054
68495
62509
95389
16388
67522
58645
56913
25732
81761
78065
46983
84188
51508
22190
26866
14756
12219
31656
74408
90502
6457
50935
91309
47050
30220
76667
11323
34768
84810
38315
17770
59159
64108
87937
10106
41007
5697
96421
70488
49743
56690
68340
92737
8100
81120
79859
4620
52369
67956
86284
68315
84709
9331
63768
64504
13704
9538
53240
48965
15305
73834
6903
27126
2144
65401
12411
90132
89275
17976
31476
46706
2787
73867
26160
43401
39602
33723
14593
20026
33171
400
11879
38410
34902
54280
4396
92875
1364
13022
77532
44938
25831
21997
21275
24635
73718
36021
16500
5043
85237
72185
84058
16222
62734
80195
35754
29910
63491
21031
52719
31982
6154
73559
22108
4681
34718
87518
31657
37937
48805
10187
16456
63736
34844
49084
97999
81126
71243
70964
9069
26275
57054
5065
12880
96038
72653
57199
93652
45590
75537
88137
36237
3103
79799
92175
43788
29881
69802
69744
74249
61265
24438
46773
41016
56131
85739
46481
9910
78389
77351
48130
51912
65489
87607
35690
9
8728
94243
87224
19268
70412
63745
60186
37924
86157
90825
55763
24360
89402
80627
89664
54923
69081
22599
56891
75551
37365
99135
6147
39131
48300
37167
98628
6790
94929
75310
13604
69444
72049
52502
52990
30381
37748
35987
71039
75370
94671
32978
61816
3827
94932
82468
10709
10456
85260
24498
38412
22124
38552
10371
31103
87785
8461
26101
70983
5509
88694
46229
40511
29156
15324
93730
32227
33683
13933
18529
28191
38519
92365
43679
18880
98025
2481
6531
82479
13190
86493
47845
18410
13609
22893
3444
13011
85485
62941
4047
56917
57771
26915
95012
2803
32781
71775
23422
36449
5735
96264
63345
10419
40518
11823
19095
17083
73451
66434
64462
62815
55164
29922
42423
28445
79045
26835
15147
61220
10142
14960
87052
55070
8981
10374
92955
28606
17386
17954
18454
98122
41057
94141
17320
19978
59973
13845
11873
35110
53031
45196
10579
21781
51385
34931
5339
50643
37781
45570
1664
78081
56882
3946
25593
72175
97860
21169
52289
83904
23373
72767
49518
61217
96445
64743
58040
95388
87462
44693
75591
92585
83603
11850
70813
46098
13607
61082
61632
98345
50479
76987
35508
97482
57701
83917
17866
26920
47322
24767
75947
50039
33761
60615
59691
63831
50546
92456
80008
27216
58232
49369
92961
146
58085
66863
89399
856
3974
83960
14
41118
65506
36640
27006
67829
57606
47824
25647
45766
20275
72388
95833
19112
29101
81745
8123
58964
90775
96541
62144
27593
64378
9075
44275
2703
48329
79019
10207
81595
6107
71174
89189
23727
28522
88160
2740
39344
52505
19655
30800
79616
4779
71345
12859
38934
33749
69480
97744
22587
19416
58181
65976
71017
35375
44164
12585
93678
668
62147
41880
25523
33792
68673
49559
23811
55762
30937
92742
42911
41098
39576
42344
20092
72412
91137
22090
47872
25452
10554
65568
59886
48182
38443
25063
79680
90116
25569
95748
14725
94197
93473
27938
82383
19594
47453
90581
1378
39313
21386
85058
51291
16782
70807
87000
2076
85414
46747
95907
30276
44124
42621
20177
63634
86249
47749
81114
72098
52184
90950
57250
25033
41631
99720
19691
27831
72688
72133
86965
4769
81471
75410
62155
51959
94837
55289
70184
99768
30388
21675
39645
19813
70944
28876
89228
68854
2556
77028
14160
11284
43723
88717
4323
62912
5112
33311
51067
67582
46428
20367
6134
9112
41041
74294
33555
94202
22230
57391
71195
74942
58564
67312
75460
22652
46795
33622
84000
80522
85773
45357
85324
49866
38323
57164
10220
57438
69179
16229
27286
81203
15837
37223
44483
47762
86852
65176
53866
89793
20859
45738
12347
75657
64460
17165
55365
55088
420
81066
58667
5535
2829
29967
95121
45319
41019
70568
9645
33538
62721
69529
51687
69676
79466
33811
68217
9687
87292
55336
57180
14900
61586
31127
11382
36660
42425
40502
62733
98263
41036
66073
77613
48940
92096
34189
6507
13049
12893
89786
26284
1431
68668
51405
51062
76714
9137
13162
20927
90886
49174
11000
26257
54473
5230
703
31953
84180
97789
29502
89016
79362
85656
32549
50763
28910
42475
92555
79175
22711
47386
74746
68512
1147
93114
13760
21856
45102
37891
25679
25147
6723
69216
73031
39103
73358
99457
41715
96031
51260
78981
66740
72628
66456
41626
36937
28740
95171
7389
54079
25936
17007
69478
75639
5965
97044
33019
93587
95747
15270
53310
35904
59285
428
19473
55908
4629
94966
52969
85681
64484
64240
91865
9688
79317
55777
93024
42044
80807
46147
69127
89111
97971
14038
83596
84648
11258
57511
52469
31123
95772
82039
27078
3824
32904
87631
54385
57306
88072
43673
10930
53611
57453
72983
85950
86727
72145
40550
54505
91866
44031
99516
20786
87676
59628
13825
70870
70957
67529
38811
57465
82668
44902
24128
5599
6924
67435
45694
55696
18767
50966
92174
73295
90387
50903
28509
23006
89107
28581
3337
13575
12154
65157
60237
23627
63323
57233
53384
17966
92801
88906
17148
16579
19961
27749
90133
93147
61583
44139
91035
32843
53779
80400
25389
83563
50888
20936
50969
16494
66629
64812
28300
10527
76588
75000
8104
81378
73917
3633
53964
15743
45655
5823
56771
29931
48611
93253
5073
86009
92375
89507
26184
87732
8162
54060
12561
72422
88814
73260
6339
19460
70546
59864
55554
628
78888
74432
10556
69889
38802
26163
9822
32215
88008
54431
45379
15871
68903
20667
27292
86605
86992
89947
54600
96974
88135
43567
13911
56273
61206
68997
14983
94314
37790
41616
51392
51748
85100
26512
80839
82594
23017
56895
88499
82738
90324
63560
64335
1002
54160
2936
30650
72327
73205
47948
99065
86318
68864
63770
87877
20488
20541
29763
21586
67198
39707
62236
88363
55874
63153
27655
85359
57978
19048
90199
58095
52501
80541
95473
31178
83175
46132
99907
77048
66202
9401
61179
41378
85071
2370
56798
85017
64316
30460
66506
16736
42740
46075
82589
75166
34668
99533
74089
95739
69800
55263
69471
17807
93899
57311
69693
59519
73839
44467
7855
49843
93670
83825
4244
86452
94324
94894
93739
38729
80437
17871
99357
45777
28806
82722
40899
62899
45238
7187
18760
36297
58081
99313
88276
24484
71404
35779
20675
47091
45188
72269
90971
10678
58615
93065
95128
87783
12977
60538
60765
19741
81721
38772
91127
75942
62800
28820
48066
82528
32766
12234
65905
51801
53250
40208
36991
94960
5093
97436
78124
80207
74289
80831
62851
93769
43624
81502
61669
37181
93275
23620
56126
14959
38646
77257
63121
60702
11362
98084
1104
57315
58382
57828
16357
26635
13282
88702
50458
88867
52518
99495
8291
29419
30344
28825
66563
49188
82087
48373
1356
17455
15740
17719
39004
76663
81571
73640
61791
45311
85029
39901
17240
16526
57063
16217
45123
64909
99460
63817
55567
61991
28612
56621
19061
80303
91850
43763
35307
34884
79372
63265
7688
60469
80250
14008
85634
87478
27150
42195
57481
20064
63203
14432
36083
1157
32751
86921
3211
84395
59131
79379
72545
93864
77299
13694
19238
28173
12155
89175
62323
12884
75583
64165
82297
53489
44996
79917
60484
86186
45605
70069
17642
94050
81373
36371
14782
71908
17370
16590
67175
77795
46825
95684
12711
70174
7060
44419
5166
75145
18121
43190
10153
4435
151
15163
92914
29591
72995
46400
39189
63913
69359
6633
3984
50321
1853
96086
54981
79526
35821
72523
27404
2405
79429
54287
94019
78062
95915
21487
48920
83654
23776
91951
17711
4084
36676
10676
73784
81341
82470
81704
31835
15763
12307
53994
9028
56029
79553
93181
78203
47168
23623
56570
14169
64874
24112
86736
5639
58621
58284
57780
28043
37750
65425
42501
57062
52466
12997
84864
75100
70302
17656
40985
84725
98755
31362
39925
75768
16581
69393
62614
96651
14285
17359
61647
611
75518
31909
20648
31458
80404
14570
77084
44866
73141
47290
80689
46818
47480
99983
44581
71296
72005
26449
31945
82503
34470
76153
20672
16823
74237
11049
97996
50773
20467
2524
10874
4546
47316
37002
87890
39063
42358
83921
2882
25882
39254
88839
28473
99640
99730
12642
55766
18479
8152
42916
50801
84546
2550
38371
30236
29574
66283
85451
83307
14440
72857
63973
25729
46536
38050
71924
63440
47896
20957
28642
34719
57825
79078
95375
24466
7322
34169
65806
87348
8863
64262
29302
5489
53659
94165
26452
55808
29984
11841
86166
7602
53521
57584
95135
9031
13654
80402
7791
14478
8828
22109
73811
69328
20624
9217
31327
46349
92475
74371
90269
97074
26477
51931
71743
15621
50776
65045
10232
64469
41470
32145
40216
29267
97117
35621
49807
93410
43617
14395
4173
30191
69779
91350
77629
45058
97115
93770
6044
94217
64134
60347
23500
46437
75514
92717
58786
80936
31502
39286
55230
70006
62475
263
93141
61560
6785
84091
44348
45575
30406
55768
61613
15775
66387
19660
36499
21548
46643
43319
98402
35810
92849
25787
78433
27562
74181
81257
51943
53109
38110
24715
83430
86328
69279
89011
99959
79780
25031
22290
66804
59720
75355
51576
33819
37364
3855
63423
46130
68780
45130
68145
56410
65345
75080
10454
69936
2617
36058
19560
11077
46391
99336
76211
86883
90000
48191
82117
75778
62829
72421
95552
63696
37132
94872
5759
55229
60662
62768
20862
36394
78751
59154
73816
11544
9275
80794
85472
44953
36908
54637
7184
58492
36369
54495
22175
21127
2476
57260
33768
80806
2054
3135
35310
287
6446
73748
15642
14878
9835
96472
33621
91078
63614
57543
92918
55599
8810
422
26316
47144
98251
41180
68223
70522
54080
4948
21955
82188
33007
23095
44977
69586
95024
73407
87909
40311
71928
83361
43663
48665
84037
84016
91573
78676
40157
51190
76558
32360
68561
39696
32948
9928
22479
46414
13038
83379
56593
66510
50377
43508
56799
43051
46188
49909
58345
25307
86606
66096
85243
74537
498
32682
87602
86069
2072
78719
11664
60920
57013
75190
96839
22149
59468
15334
54200
98
52699
73661
23966
26324
36320
43038
56237
69823
20053
29087
6738
35785
2874
65065
83201
6896
42569
81435
94063
39770
88716
67262
84380
73183
77142
70931
42101
45782
401
88755
91455
92500
12713
29086
2596
13774
34893
34773
24015
65740
58799
71736
80828
33635
25465
65553
96085
30578
4745
65432
55201
76406
34938
59337
62438
23015
17779
99286
55879
46951
16842
63627
58229
38551
10668
46276
96697
18812
16075
58972
25037
53645
67254
79183
55295
94463
99084
41362
89559
36406
42628
19384
1164
99927
84871
19065
77528
40493
96602
58767
65852
20692
80366
26637
51578
32252
10354
56948
12015
73960
59998
69052
18086
45465
69544
6917
12660
42627
17315
19788
82287
64641
35036
46433
17889
78983
73806
38067
52799
96799
18741
93912
90898
24487
51211
16742
76609
1887
39735
35568
40997
51873
16218
69908
85461
1454
73445
47398
84226
18862
96756
11578
36326
18797
95609
22674
1905
45737
69720
36266
18730
98235
2303
23061
41247
74350
64454
51645
3208
11215
11790
65408
28960
41325
13772
91207
97711
82556
28519
71239
81452
66280
64784
14105
69195
64216
62921
13534
71886
31820
59892
36325
63699
89327
70927
31916
68213
94843
71327
33169
68761
33980
80492
39041
2187
70467
25327
78134
80832
67937
52886
18864
8933
89760
15860
7740
43713
91807
28444
70956
22989
46264
38231
92211
49462
11815
60273
29373
19030
97120
34840
13106
76773
70989
59974
84940
40004
55716
18291
33509
54557
20520
94384
30281
92502
57573
88922
78540
95297
83570
39444
2087
65403
85919
29009
68299
36031
52013
3354
66609
10968
21557
1846
98164
62034
2580
38961
3858
89117
67551
20860
28730
14023
5422
49565
45905
6679
85304
98110
50430
65132
10830
59638
37384
16348
85297
91872
75329
9040
36437
60896
29221
77480
61982
58665
13712
25067
59693
18530
92264
47478
55890
6919
19697
981
47791
13957
19732
8784
90447
72803
26923
74254
76534
17100
25261
69625
3392
72854
37032
88699
88977
56566
7600
64931
83530
84457
92362
88347
63313
61077
65368
29449
87051
9573
61553
84678
23371
33302
30862
37309
79169
40082
18908
20096
72155
53540
24099
79599
9792
94317
7572
74252
73359
96887
80441
76783
16345
97230
47815
83106
65909
83820
17525
94643
96190
17993
80759
81404
1205
57913
37286
79634
89403
38318
58474
12746
29779
10542
19313
10945
28607
18158
26393
50956
25014
10074
97432
44181
19843
91135
27980
79805
84931
41889
35209
65768
1120
8060
82532
15306
62120
52827
73492
15311
12282
9027
90158
80126
23767
34591
98384
76845
61503
80050
16854
44058
7979
86320
94726
9749
47437
7823
16724
54494
20843
1700
13548
49303
98785
43216
24805
60270
16405
71948
95879
75192
7652
82681
63547
80585
37139
75249
33210
98107
26079
11926
8478
50681
2023
78661
3006
29247
41295
93680
51126
64268
69940
72410
30641
66180
89412
19551
25998
46999
7869
69412
72374
86292
89689
22548
29887
98286
40463
3239
16793
5665
53793
13618
83997
73711
71625
12727
27777
67101
48454
99393
67078
39401
83790
55629
91483
40539
91226
92401
22075
88200
19498
78518
6463
3096
99705
36742
28888
37082
23725
57575
81589
24711
38361
62128
45099
57618
96984
13758
42589
45292
95640
90338
98746
84337
5630
57219
12223
6685
35190
27606
70566
27447
33988
14785
74831
22577
60293
28677
16984
94506
91188
44628
2146
5212
18446
50050
94862
71543
19685
35391
54693
78211
55475
99498
89882
80761
47317
29268
4242
10363
60603
85206
91599
19566
58552
13441
67317
20060
26062
7507
7454
86299
18581
23414
65771
67278
2916
80668
63344
1210
14747
12599
21920
47576
62264
21498
99267
22244
70053
16767
84680
6909
32968
13073
87893
83996
38662
13016
61489
75055
44416
62465
34391
58160
68059
63168
56714
89969
21734
68630
38908
75829
55889
23405
11997
49726
92244
98679
3868
66960
37095
96243
37492
14799
22413
60742
57109
40386
91019
79841
63911
23216
16208
97264
31036
67126
45012
65270
89646
31829
54270
46787
21921
69532
46809
20214
37879
86668
77895
45894
44093
90800
60913
12248
43133
8005
73465
76629
71281
64841
7092
75104
14991
52041
45348
13367
29045
61867
72763
5775
82557
30329
88513
73926
42319
43183
13096
57474
10559
31765
57286
23238
18905
78244
26858
99039
73207
32324
14603
72044
86369
42906
53319
60249
10368
90097
32956
74934
6248
52942
75049
73322
71287
81267
78365
81
30568
11646
50674
25361
9383
56853
25302
88020
56550
7295
99458
74390
6331
11105
57291
2720
27009
74599
44609
60130
40921
8755
68108
3304
97288
31532
66084
37599
22560
27755
34764
6647
77493
42303
96101
50015
61202
66927
89862
22608
1102
23361
21500
69072
73145
21041
24736
29525
69979
39578
86306
65348
63814
8279
64427
74065
85566
20235
8263
93827
88710
57201
58549
97495
94773
4414
87464
43699
19846
83710
72035
11467
31552
42618
87699
68697
3034
27680
90768
5295
44035
48744
8906
14723
65297
63346
59689
12782
52638
42530
42625
15795
26892
74505
16963
94260
74287
84846
97984
38960
75164
89485
93616
39953
36824
54105
35296
16200
97700
81853
51603
19965
4619
56541
29370
79339
18548
29483
97646
54809
88274
18972
50765
71996
59540
2508
89367
26936
97331
8780
50212
49021
43500
56262
44185
76666
77860
49834
44670
90853
74418
21077
31704
40669
27500
22027
32051
28137
15251
92202
53203
12331
96485
68362
22933
36217
27090
85974
45667
8801
25645
38477
36916
78580
25123
7122
24555
68319
72649
55265
46914
46578
65390
85321
88588
22970
18651
23650
9170
76272
83429
37620
89336
55545
39624
2235
1695
85411
76991
9216
78558
88604
82480
86738
13053
64838
68065
62266
17681
45477
92963
73054
83267
16939
70708
85351
23612
46207
61792
30843
33071
61497
20111
77399
6587
74094
54870
85911
8156
65769
47782
62184
10739
11645
82009
77656
56119
52428
56980
86705
4882
74961
29056
74063
76615
16
32312
57841
50767
7408
25149
2000
11635
20646
76592
12771
74438
16477
94192
43971
55938
33838
82353
33309
72616
71901
40675
69411
79325
99958
87280
8438
77999
21766
89134
16524
53921
99733
55403
94027
50933
91610
53988
4565
8523
45173
51820
7445
67935
29584
35235
55004
52207
46305
65800
55374
22183
78830
66914
72507
56384
14528
74736
43044
52066
67242
30927
14391
23220
12173
85064
62675
79376
1153
21324
83065
85961
15153
3396
47823
79072
45331
22616
94973
36365
97068
52374
72694
321
93596
38578
84719
67331
61105
12462
44477
33548
86253
13125
69777
47471
77718
74807
41607
91026
83836
98462
67103
63144
31608
76320
17981
28315
78377
85707
93684
28902
16967
52310
29870
27225
1092
87288
45450
81436
29249
8153
91896
28792
27221
39481
82887
66635
13312
90382
26446
2083
95952
95970
72741
66930
66707
78359
89246
34712
54014
60427
3918
37639
99265
43605
80808
51441
31048
76195
57581
22636
24035
68819
85875
63826
78360
32733
1369
48212
48310
11456
90436
84867
27081
47029
67204
46996
16484
56068
71455
86419
78548
45662
8139
52081
78131
75119
39916
82711
11888
43400
46248
92326
92851
9459
84868
66647
87209
32653
58138
21379
35760
81700
44601
21569
94425
29919
45028
40647
14073
26819
60242
91957
9365
44713
49621
26754
7484
14715
56283
78849
45110
85272
41094
19693
55334
22647
47840
82966
41095
45437
89708
6735
95111
43783
69746
38682
45264
1532
57348
35840
79797
32863
15195
28918
82616
86931
42674
42346
64209
36150
35937
96858
16399
2423
78141
67964
13219
23233
15409
63637
49018
22021
18576
71603
93755
9322
31842
11076
626
85241
6470
61601
16069
22909
43204
15921
26242
75722
87998
75547
77770
67671
65480
95395
92409
71810
58126
44840
229
1624
27986
11241
54116
36178
51879
74462
92470
28756
34364
43377
62974
95582
15612
21799
33110
18022
91192
27802
15101
44629
5080
90933
58030
14667
13819
68228
30219
93430
96866
63492
9537
40356
91739
31434
98495
92003
91313
62485
57799
13624
6794
96026
69593
54807
94139
22976
50973
37723
8018
37534
21461
65295
61720
69292
44960
99337
14929
77741
37239
64173
37970
83094
70836
64958
32475
27895
5921
50259
12834
70278
38617
22154
56222
12690
94745
82058
92276
10921
57622
76801
78266
18096
97168
44102
13012
29655
65863
89952
12758
22600
92070
44317
17541
72106
58973
36343
52777
43566
13284
80660
41001
40811
15485
30489
55546
34321
80491
16267
46527
38002
248
31257
55596
57203
22486
84171
88574
11704
96122
27977
4492
45633
1558
21682
22146
35435
26114
19242
68235
7265
74574
90372
60534
55205
90899
22350
80597
14372
56252
96006
59662
79601
49913
30958
84130
72718
70704
52862
55918
14704
6342
57635
11330
40292
76537
40279
44406
91175
80846
79640
73162
54486
90647
92753
28264
20547
69601
39898
40634
82179
22433
51469
11657
39463
30875
2250
7462
15977
49679
57090
38953
5252
38413
14441
28217
72095
64694
96796
93703
19786
50599
4417
40091
27837
77597
73374
33039
49243
41610
72224
49447
39667
3843
33866
32831
68517
45779
91191
97438
16693
52210
75209
41269
61820
57288
66518
18896
12039
41476
64300
61239
38335
20075
38968
31452
5902
86534
58121
62760
61432
70740
63502
90519
67831
45132
58444
63595
19785
45704
84087
36902
37444
50205
37067
77637
59960
82085
12436
8724
86003
394
81909
12742
16932
90515
52557
69035
40119
27854
30010
34993
9596
80520
59253
92061
14924
98376
24402
96016
25486
44515
39184
616
36356
8310
36507
32604
8008
42601
58198
71147
32832
1495
7043
53080
63059
36853
64369
75771
61161
48852
46603
20104
30971
63084
35702
98916
94368
24523
74433
84056
19609
47297
58724
47161
96911
27968
35301
12215
66454
8383
49323
24631
49554
63577
5462
74790
61500
60878
40522
3904
61678
68075
9880
28889
28855
46286
79536
96929
7014
34606
14657
40824
19966
41054
97705
95873
60852
15989
71596
3190
57025
23320
50061
12672
79741
83956
39784
29415
56047
50621
31243
22194
65732
61285
83978
33292
771
96068
10786
38056
20266
14371
98127
45328
30736
80614
70573
48963
82868
6398
25508
47509
73372
14608
16792
1384
7095
33412
67727
68151
43412
55246
47051
59430
34341
36185
71497
53868
2397
31141
47769
70768
31269
97276
29674
74472
40253
96070
51403
69798
16320
70939
81028
34312
3069
15538
5563
64047
84448
16958
84097
19800
60805
31155
5582
51574
19600
63613
38980
27438
62933
50788
41791
22500
82451
57443
61866
11648
8964
35695
51745
47756
31144
10553
31253
82134
69887
60077
37063
83601
39598
19883
26463
5448
82154
43678
63541
35180
9890
10501
83173
9427
64713
42624
40618
64816
76103
61931
43789
65268
38148
70883
24822
22362
30761
67962
3126
91831
82974
64272
58757
53899
23024
61039
57032
93862
42059
1947
93334
28341
14390
13551
85456
95958
97560
62812
54228
39498
64580
78201
22733
17097
7852
1820
16167
14232
16780
89806
21713
72563
18293
97864
46912
57670
10060
30214
21590
82712
70165
50431
19669
8967
41724
38894
86379
26767
77050
90985
35412
82560
72296
48793
73819
46120
78353
30508
40776
7351
39429
84646
50820
54998
59949
34461
26105
95829
80960
11591
82639
53723
56610
33699
50104
34860
79828
99950
41352
86730
72300
31537
83338
16099
72020
43052
34337
427
71760
76349
69418
25138
29263
38940
20220
19850
11610
27695
31650
2591
20974
43929
74550
98328
87366
53226
413
49166
56542
3780
43750
9411
58216
57128
74117
50914
76453
90020
21009
20814
27922
35630
66943
46648
44705
69324
10071
64217
21741
28852
66816
58763
10461
12628
18929
40802
15956
72804
6953
37007
41463
71919
77276
87840
63363
87274
33341
24030
65695
19960
83551
67681
5269
12217
77347
41738
70033
82593
65448
93689
64755
12908
89733
4555
56393
79525
34760
84135
33584
7822
35747
27769
69717
21564
61944
35049
3880
30391
3850
7284
15847
21864
33904
35969
29454
8195
34534
21952
28206
80775
8138
24588
71246
70858
92600
9269
54258
31094
22855
9565
78425
56645
12619
18871
77773
31010
55425
17364
65853
60628
20616
38742
40214
32895
26372
96066
2847
3568
93900
5138
19128
95753
31825
37880
18100
80042
69671
52083
59099
65407
8992
99825
12182
15183
64863
14874
73201
38937
25600
91653
46767
19851
4654
27367
19329
74965
97341
51510
35577
86581
21940
59087
63054
87668
68124
73257
87747
91987
60716
36607
65475
46105
87657
92028
59044
10297
16515
43390
20364
13689
20848
96569
87989
80694
25415
14403
12552
15749
11802
8620
7190
10972
57945
86023
8511
23994
34521
38734
49382
81351
84308
48748
60502
59437
12320
27224
59453
7598
8063
37025
37601
50882
73854
35723
91817
8887
9898
198
48714
62063
88122
84717
34710
31906
29303
21843
6569
11146
23668
71815
87760
21462
91236
99584
13860
2933
22022
37751
74465
56390
65373
93809
10031
65017
86960
30585
17060
10208
84240
99534
79461
8584
70256
68990
79913
31886
28190
48959
81545
77047
23871
20193
84493
19639
50545
40297
78495
80679
83890
8253
60202
29112
94566
32071
47244
16460
1183
43512
60768
1135
52089
15081
92370
46431
48941
56103
24587
68981
37472
56571
55154
54559
10916
62445
76990
79959
22985
89091
41679
20604
8669
37703
52138
37434
66833
11849
50999
6036
53615
55510
71782
29641
86496
42141
10571
2308
40135
19217
52103
49452
19172
75535
3709
70046
75872
43011
32451
6508
54585
40762
22955
40258
61886
96742
50797
71892
79176
49701
28146
53716
66459
59503
29229
15273
19968
74657
53253
83345
55512
44177
755
36328
51315
69566
40077
45874
42014
56411
32485
58078
51644
72824
69837
63476
3861
96400
89966
6205
90084
18937
84463
44370
95933
96240
57431
5167
3786
50443
30319
6913
3520
86041
72273
80380
93191
9001
97006
99622
52395
73692
47682
18115
54443
43398
19936
12557
56505
40960
9806
84326
38058
68859
40765
19991
92709
26289
11228
33435
50138
60037
10212
32033
9176
75273
79122
57586
32854
28476
44213
32919
88127
50955
16309
382
59170
87988
12570
15651
48967
43436
42600
62503
61332
68911
38436
42663
7932
84255
11407
86989
31574
66719
92950
5047
16085
22623
10003
99972
24839
75331
63105
59510
57138
96209
57990
60372
24908
36442
18772
69996
25007
25993
3407
20229
8081
65654
19059
37011
88919
43093
11322
15246
36468
51410
99446
46853
65679
86743
84883
67361
30166
25310
13830
50799
70694
22710
63308
70020
3605
85121
91873
88149
10580
73443
34649
29264
29518
46085
38829
3019
27394
58128
75911
98796
8143
51345
63431
39214
58990
49016
45095
97356
25567
3616
29607
78957
42198
34100
84686
96328
45624
37654
66273
35411
43459
17910
90390
91069
43697
46217
88736
30351
61029
21535
94970
55773
94905
51670
5694
18012
20617
73282
86462
51022
28468
22521
3359
871
93949
3788
41861
60266
49233
63686
56893
47813
93385
16012
91319
49895
25775
21794
64907
60272
94933
64895
89352
70327
49835
54493
15915
70697
40990
98997
58230
93294
43107
9417
36748
43226
17466
46073
85293
89621
46924
30951
86130
10534
71152
14753
78413
84704
63489
31948
47942
58339
33156
3932
38212
64842
91353
26549
78621
93068
90499
99872
98657
35348
54127
98262
55594
12836
90571
60050
85935
29314
44796
80002
8845
51105
42897
83597
36856
86962
73090
23381
97918
82476
37408
40619
85923
70851
59877
79349
37643
25530
14059
15339
83607
74143
96229
44794
66891
8489
47041
38035
74902
46683
69719
11065
38710
3837
42204
65438
44121
18391
34836
5502
39824
39963
37188
49498
50664
68132
26832
19934
38068
85498
46601
64285
6588
61455
90310
42410
91305
8377
5543
97155
8309
35002
65733
25514
61774
82999
86528
55345
18464
73798
81186
79574
61358
24374
1530
54373
67113
64103
61204
2279
67554
66619
76661
68508
31152
43091
1621
68732
24721
41854
67430
43385
41490
50231
99350
21125
6562
12096
74971
29622
50009
85142
75396
31899
61443
41822
9742
3502
21438
56244
55550
76442
26659
10957
961
50271
58071
46200
56255
93163
44426
9416
71692
62036
5666
54897
15567
6613
86082
3258
95488
84891
31321
2492
55583
47883
53018
93125
46059
54989
95199
99424
24697
82048
46487
79621
48807
35168
91606
8879
82272
21148
48767
33910
20209
1480
53623
1430
35639
30739
95190
29543
40855
90238
94736
65189
63401
85992
25148
33047
24840
19772
7735
17510
60500
28583
55714
55508
89950
75964
1063
96100
87393
53421
56337
39155
19787
5183
11486
16094
4284
70155
20527
43441
71242
30591
1251
68249
96166
33760
11120
74488
83513
92966
54021
43996
38051
89314
81047
48815
46819
50634
78728
83899
94145
91724
66248
54391
78176
3596
43389
75504
63397
79454
60020
83295
44667
40169
50919
53188
63998
54837
3277
46579
11602
80237
40334
86389
82654
15534
39447
77463
92927
39907
78677
36938
57522
95862
62988
57440
12390
99033
84853
63976
8805
17979
64592
45541
98924
59700
7112
71870
53279
62495
78638
87344
78294
17891
90156
61887
69905
53812
60344
88609
27682
89156
88722
53936
48475
70529
62315
69707
23598
20354
50438
98961
92614
45714
89970
52615
47073
1969
90523
3417
73566
99409
11383
31280
46635
10696
74497
87355
74972
23167
53352
89734
82302
9609
17045
45330
65399
31621
14803
75852
54815
64115
9934
31792
2028
93296
58636
34837
41249
22473
54441
67877
82996
35437
91570
30123
43408
56305
4359
31444
43696
77942
60570
86296
16969
2748
59016
19320
80224
21242
3327
30905
86346
56018
4509
96408
16555
3512
99431
46151
95938
88084
44800
24392
81268
73542
22116
8409
71798
32740
60510
98564
69824
91467
20358
79161
66200
72671
95999
75548
4012
10956
12057
77731
31259
23334
84767
83312
5354
57424
9725
87411
20909
64113
11769
97824
52712
92251
87492
74602
37549
49626
81594
35202
72613
35450
49202
77030
11838
88931
38714
50308
97411
35439
6947
44224
41781
62765
1390
99787
76776
48598
93810
70329
48727
19726
33482
20028
53526
76347
31097
71500
81614
65864
52938
28307
30603
26902
35438
96420
63111
48988
35284
14765
93205
80169
61871
88811
74542
93576
27722
14387
18361
7365
69550
65810
91814
79681
78748
20458
58685
43569
45079
59267
90904
48043
11484
96917
29667
88746
15777
70317
65331
3158
62005
80644
6827
78659
1601
17470
17552
46553
74361
9683
80784
39657
51774
36530
59247
87669
95327
71691
36900
37776
44585
997
8855
41573
9589
60621
4229
55314
39791
53475
35205
57975
96872
29179
39298
55850
28685
18547
1954
77588
2538
69600
45382
23986
71963
19031
11392
50787
34631
68923
15331
73580
96762
91487
95591
44267
89739
61684
16265
53773
19073
43333
18941
35711
40395
47735
50352
41636
24508
29849
63198
92854
79357
10667
84865
7326
71527
56512
73244
78450
85537
15603
89226
45220
59842
7111
64068
17030
6352
27738
22366
91232
6981
49373
86905
73876
40294
41384
78712
63916
99352
80697
76938
56113
83214
98650
74633
39319
25662
59592
23867
7393
55602
42889
30763
30943
55571
52951
35203
72064
219
97979
45723
69883
48177
90495
10229
13602
45881
46499
74870
9104
43837
45834
8998
66614
46753
91206
44279
80556
223
34234
60301
71833
3439
58527
29165
43425
58677
72689
48545
72870
30446
42548
46418
20681
35105
79762
75610
10149
95758
59070
25076
88851
52052
20473
11937
85459
58320
21771
67444
49141
36197
83777
3586
53625
80545
74329
66666
16016
28551
28518
42958
77091
95252
76492
85744
67534
85169
64194
25990
78476
48542
9651
54117
13594
42000
10162
93530
32441
15114
27492
19924
89124
57092
78741
72366
73586
5302
26556
24114
51695
5373
11216
17603
39932
12054
26456
82186
51938
88368
93955
13389
68940
1725
33095
56569
48052
88634
72271
85510
19164
24116
13844
35862
4226
63536
34367
37648
77678
92783
19121
76484
63477
46600
99596
61372
83406
68329
30864
59582
6303
21954
73063
75282
62011
67657
32045
38452
81643
62791
70353
8622
55774
58882
4567
24755
81179
22042
68316
86740
30082
96894
37051
55123
3572
51673
17291
29677
20489
85422
51153
58000
21490
44969
50637
18554
25963
1137
36593
26303
15224
81443
89657
22169
38594
22729
29386
68519
58748
59904
17137
53849
86457
60296
49295
28558
87517
18006
24123
762
10366
60216
22003
79500
30685
66549
25686
27948
43487
20943
87710
73993
80932
36519
97247
77940
13570
12224
24769
92334
35176
22402
95476
11638
83388
29011
18770
43458
4072
99131
12734
61616
64112
87432
59585
3333
30240
62735
41878
59913
5938
83942
35741
76748
43243
42277
41565
52908
78448
43878
35223
68222
26759
60312
63705
40218
44487
38386
56020
79044
19412
38011
10856
76034
88229
23026
19964
5197
71298
60752
30510
12681
66555
48826
91899
96288
16011
83627
25561
92829
1857
99255
10430
11013
5074
4547
57820
20462
99598
76746
82848
29132
83073
57422
38009
40996
65196
18911
97218
89319
21578
41205
85050
15406
96658
47124
20949
17021
84471
61232
57669
15607
39817
91903
1713
15065
57524
18663
66862
4839
19154
44412
31022
35163
4387
39278
4235
5623
67889
61713
68019
53614
40988
34819
29500
97683
30885
38791
51739
56790
40691
16004
42528
60246
1906
1999
69462
49590
75027
33918
32278
34324
79079
17123
18377
14708
36959
35230
42128
61431
4917
29440
36854
84229
57517
91059
17695
93759
6834
82206
18889
80456
39888
62687
48942
88441
48250
26380
96309
28520
41329
48997
1023
47113
70457
26846
38606
38261
38922
19041
43537
72401
71428
10521
63751
82664
2641
37301
90555
96057
29253
41803
33098
12152
57758
96606
98850
94817
72556
22478
27163
59288
12668
71074
36954
9959
47805
69615
72433
35856
40799
70702
49840
31897
11279
45
93413
5684
39608
87955
24264
11667
50049
69327
15827
17862
1127
33268
99866
27116
74916
21464
71967
90240
55315
42132
13204
68721
78882
76631
25898
16616
95589
80163
83869
34835
3505
76587
48594
91384
93178
30036
71271
28036
36291
49750
22628
92522
89775
73218
27692
7136
42849
20346
16517
55911
68271
79641
99257
86551
98757
15314
7581
22950
28805
66998
25966
36498
34900
26335
72253
98120
59679
29074
82670
49742
48866
77671
76429
22799
8097
42964
97781
94996
70980
36852
79470
35847
88557
85353
64826
11163
5369
95551
11343
90916
4679
12842
61529
47035
99214
97101
87240
75582
68372
93545
19927
70249
23338
87326
21391
96206
51092
86964
64951
22818
14830
31826
447
36004
96036
70545
64916
64014
70945
31310
67281
3297
10097
48374
48616
68062
91088
19120
53211
86772
55945
2451
55728
39640
23504
34586
76443
94698
33536
33423
9660
47910
27529
65204
7429
55347
93974
85756
80698
8099
20394
5416
73728
33574
75601
41234
72287
33970
23388
56387
75989
16744
83333
30573
88136
98968
89962
14350
17565
52098
87795
2390
8735
31653
39285
11679
76434
91477
74827
79808
80670
58453
15015
81732
68072
87455
54395
36659
72265
83923
34997
98447
84762
9552
31786
87749
47020
41298
9635
54361
94164
73911
98165
13025
76785
32500
43852
4081
24804
1808
3953
296
66426
51818
60407
76257
6708
31956
86017
67463
47408
99867
19125
34080
57676
22411
83209
47474
68003
44199
10384
93235
39436
8819
40429
8366
39252
6902
12521
65620
76102
41080
23237
1683
52836
16824
72266
7459
40697
86127
23747
12546
52056
25958
28253
145
22609
20355
79011
51892
12413
30881
12475
18910
81760
14999
89594
18993
37372
71558
71677
45253
90719
81570
30829
33026
45143
12470
83519
25506
64203
46310
79462
22086
82756
46877
90551
32248
7214
13626
76411
71413
12385
80502
88427
80284
11844
27275
23826
26648
56557
57057
98708
41308
9505
88837
4907
34582
91568
32796
32094
11213
21813
97825
3721
10018
69873
1754
57275
59771
87592
60031
94157
70123
67619
97466
86322
83317
62730
47755
21600
20002
98621
4438
18190
26756
38990
9114
20165
26229
2436
38237
6812
31736
65502
5579
35078
5515
89581
81148
20638
14040
79417
2551
96039
77209
63580
62456
71262
56911
39389
56611
54921
97336
71966
42936
4399
40760
85093
49086
30026
27316
80344
60390
8264
81237
31884
43571
90828
22199
13695
46895
73216
56842
49798
58701
39975
29346
93785
54752
43464
66417
73943
11984
74635
4594
60783
37155
85580
11355
93286
14447
55771
16580
39880
58069
20361
36904
29866
38210
87612
70483
63806
9307
73169
83950
54615
75906
39072
86614
63140
68225
75808
68523
45298
19424
90830
26230
5874
86744
55631
18738
87752
3934
81978
56284
16682
91752
47458
3921
55671
49290
32095
69013
64603
97220
12618
6309
67695
14702
18561
43570
5442
31501
29410
51032
94561
99156
10040
76763
44717
74672
87110
4949
5396
59293
92214
34911
35908
4543
27611
7048
40312
85313
37246
68792
67180
63521
24690
92141
45954
25428
3164
53694
54256
94309
60945
62611
75416
16635
58140
54991
8477
11444
32477
85202
89878
13238
65570
61605
38768
47164
62844
55933
5784
90430
66527
39566
54918
32472
97995
39219
62327
77727
65485
79207
40754
63929
67563
23062
92184
21124
26143
61180
6383
60228
17721
90988
77155
99
92943
64653
57848
84544
57652
47314
12153
73270
73010
29285
31511
73627
38939
26841
62512
16673
12375
89720
21161
34842
99168
38255
79639
71315
59481
48601
51341
89667
93011
88131
56622
34038
36567
54180
29330
87814
59100
11846
81352
10811
65647
8695
35791
69307
98739
46858
49115
50617
11162
32787
49824
91233
59488
76237
82234
85798
81810
85265
30808
75986
95948
26258
34789
40707
70019
60659
3418
68459
76016
52952
91885
50629
34489
95916
86432
65365
23407
57535
77771
38259
62996
59250
68480
52447
85712
86694
28608
29
44811
48492
98869
7283
31522
52268
97391
57378
64760
84848
59122
29331
67277
56665
40851
69344
29566
53194
79658
14698
14932
27212
13283
88112
10655
96743
67633
90082
60059
58641
45985
2097
28482
46150
44304
12341
66566
22770
42122
4177
26152
72275
81753
25457
76535
90601
89731
34620
84263
47172
79094
79561
75407
64814
52533
25636
47239
85388
76736
78939
27677
64196
12926
54440
2569
77856
47842
53766
30532
27348
82064
45613
19124
18444
61222
21718
56451
66251
73111
8345
40601
95805
2091
34918
95947
68252
40530
96687
11832
86068
60156
8576
98582
94879
82994
10603
13623
9544
15907
12294
95988
52722
28096
9507
5710
14025
30483
73392
70387
48809
2642
62562
98879
94976
81206
80560
10862
30716
43070
5674
26633
54465
34765
32192
57423
86387
52137
83489
63327
70676
50976
54988
81492
76332
71897
81960
30136
66451
43838
89831
49505
17031
86198
76840
740
54716
15961
28969
45284
47619
55448
75637
81734
25666
36397
93456
15444
33905
14754
36034
45844
91152
3893
83973
30407
25693
45209
77779
63210
93771
75570
45276
93981
20393
24477
55757
4416
6392
10194
16492
72493
72987
6022
98609
12947
1952
17569
2862
20161
34428
9816
92835
14137
68421
65753
29220
21933
74354
96211
1783
17
78697
16013
75226
48176
45094
99283
89010
3449
63703
2842
98553
952
52812
6649
87816
26276
18506
31509
20996
85112
40174
13640
87801
13205
20119
51898
12381
33755
716
79669
18059
23894
73505
59738
18242
22238
65261
32829
15823
49606
21350
53656
20287
96767
84225
39661
26517
60461
71878
25871
99745
98899
5098
85907
62447
27065
31479
89609
15719
10653
91621
19610
22354
93152
91678
37222
76278
85991
61071
68613
51383
26682
14012
40508
49339
41853
42714
28654
2034
22697
67832
60554
7153
92238
17448
73048
79272
20831
65989
3696
99001
76377
4675
96660
23365
19354
54854
56630
62397
3338
49760
26500
93665
82012
41132
99684
93738
17666
38414
39095
70793
67932
96054
5469
33564
5341
93297
81058
32205
63819
94302
70232
44160
11866
35893
14083
28499
18334
70967
27602
92209
22504
63697
70408
56939
80482
9999
3229
14670
83133
80332
5598
10766
43802
3643
26244
97167
20779
59936
83102
36771
67580
60018
74784
655
53640
6712
85497
85894
56097
54858
58864
10046
81388
34204
24597
31378
35529
75759
8184
57488
93788
22772
73969
62770
9607
64648
22593
46320
53259
81054
70849
46663
94798
24951
59789
68207
84370
42552
74516
70050
6273
72937
88421
27374
79364
71406
53277
42769
72557
49367
21465
22571
62055
70168
7978
38455
82549
14892
56585
15849
42757
5554
40124
36631
26591
84109
51093
18751
31587
79185
25583
74197
99709
31994
62929
83051
31053
75668
10910
29965
90574
51780
41301
35562
16058
8165
11655
63292
92981
46269
88295
39467
48768
66401
88969
39585
47683
96430
55077
89645
55422
75987
38618
23837
23234
90771
4241
49118
95680
75382
51744
70707
89804
59355
92168
50808
91567
95930
71463
13465
84297
43478
51069
22561
5647
23849
6320
61981
54233
22726
51721
96712
26899
42288
77939
46973
29262
9051
48357
90993
79926
65341
88960
4198
65244
91300
21908
90121
52498
47743
67572
21232
9897
99100
4991
55610
66100
66341
12967
27343
90585
8426
30859
38253
72306
67158
68012
63548
57503
47627
35094
49073
62601
83302
48634
6414
46275
20854
27766
71560
69871
72754
80730
86801
36124
22373
30367
20251
907
83879
16890
3436
29793
50848
75503
95432
14796
67545
98908
44157
45559
67174
68399
17080
76695
87449
25497
49652
79248
32598
28926
65033
33679
58587
33924
35673
97621
84843
73592
33396
7279
79007
69806
24385
52697
41766
74795
7009
42125
60473
45697
86007
91667
52882
6355
27663
63816
94357
55311
20439
97841
81018
36207
94860
85242
76051
53300
45610
71921
70834
11387
27543
58804
23418
79653
19190
31562
50972
36311
66170
29890
66737
98060
69254
21162
26750
72450
15619
48699
15874
68662
53499
45543
71069
84262
55054
4665
26502
15038
36038
3024
52843
76361
81487
15506
52943
62708
11298
47166
50363
34099
13395
56188
75048
78667
62650
37019
66815
53950
69062
25032
42815
21176
9598
71326
61734
21710
14149
72184
54531
96469
16662
86414
84310
4811
55000
26836
65517
29232
14476
52132
17400
50715
10242
26045
31852
87123
66980
85536
6626
65383
87613
64388
11641
52406
14668
65002
53342
4488
24470
24044
21373
21845
43828
17703
33262
87794
26891
66871
81814
92377
18492
75645
86764
28525
32586
99205
30649
94722
31060
58867
18670
35447
8258
89605
8198
70629
25150
21977
32186
68266
31961
61164
88605
4467
15510
70765
21827
87530
64500
30883
91326
38520
45887
5477
64904
64922
26197
11552
15274
60274
8205
13729
51896
53725
19694
61576
61246
70618
2532
28998
12026
8702
26910
85252
23852
35039
17554
40717
28584
26798
21978
35706
19119
52158
65070
94294
44446
41761
58462
8384
31111
97330
621
84483
18729
15596
13033
18583
42070
52640
60732
8221
31984
25115
39998
21272
26333
19177
43197
49725
79520
96120
51786
72495
80529
83734
42725
13680
32611
62927
29065
40878
89527
16594
89706
39944
41104
46461
72272
37263
14224
73185
54408
83387
55102
72990
66344
41836
36239
82539
5289
17027
6558
27354
41863
80897
53769
99163
58556
59732
15422
80721
938
73121
46798
22872
13544
89587
13485
9182
93058
33318
6741
1639
63184
90525
12868
36560
34159
77478
82339
95429
26959
26429
10328
26946
49758
80080
66086
6777
65463
74326
81005
4602
87906
67519
70447
46255
22920
13305
93117
23391
245
99971
97291
96055
82113
69229
24995
28689
81367
79424
27779
92291
17473
72599
69403
97140
59561
9886
18191
37945
85817
36958
47844
92415
30978
42926
22940
46511
69370
13492
2085
23674
10806
70118
51202
82745
57102
50358
35798
63532
24168
3456
16086
71162
88484
66015
96957
64114
61805
14094
2103
55211
25398
20300
84113
31201
97462
33531
6778
6526
27246
38602
8357
42356
23111
12366
38844
20960
651
30696
58061
2991
13563
34063
61964
74127
58732
50081
81622
93683
9085
88237
88425
72046
76012
78602
67588
11113
15644
68278
53675
97756
39125
24846
60151
20827
70142
33885
90444
77652
2513
56620
59840
65111
9380
65523
16513
34397
37552
14397
11212
75992
68806
22286
36245
64583
33810
48859
867
41350
74055
39529
34052
32298
56537
90736
37713
84432
83562
42185
47407
67697
2380
41965
6200
63317
32327
50263
15951
11422
11985
52142
75019
38075
70538
41776
38923
85312
12846
34239
65324
62261
36073
41797
90327
64278
2022
10510
30810
58880
66691
83174
80429
21389
78460
52403
58202
12290
60064
18398
61627
72502
6813
41742
5547
86490
68504
15179
61329
59138
75904
5365
2619
16988
80699
92894
66051
66846
57873
16565
59251
8319
69965
12422
35198
77633
51874
66092
5393
83517
85931
47339
11286
16979
74937
14359
414
70145
27640
63283
76862
47564
45825
43489
6100
45051
53174
4552
94954
93025
8398
77571
71826
35315
13027
60166
56599
6349
15696
57647
12910
26969
84551
36571
28268
40498
55913
32657
75269
49107
15078
54625
46228
72515
31918
6206
73596
19809
21430
95801
8928
57530
8272
31169
59412
40577
34538
16528
95960
488
25291
50450
4940
49294
62878
59764
55109
64731
12840
18253
62414
49469
36159
16113
59479
91834
82651
49881
54825
3730
62501
53781
48285
89475
39868
21529
67987
47131
64294
71027
1344
49379
5286
34040
15161
98836
85509
86803
45166
31023
29001
81807
34636
76370
28540
43263
28265
21577
7033
85419
94496
47214
32741
41983
62653
79945
75913
36461
43392
33035
19599
74481
28565
53313
69196
19148
29732
42352
52497
68881
72360
85762
12188
9058
1948
87917
31462
99955
65142
39311
46892
59286
7433
39607
26855
826
20950
91781
31217
95249
47218
36939
73021
47043
49087
1467
24914
77947
34199
65307
91510
5793
14418
34749
58286
43297
98838
62938
45864
73849
87032
35955
60239
65346
68405
55129
58639
98183
2161
87839
49939
4222
56143
3686
83115
21494
73530
25576
93373
91105
41839
67784
62516
77546
34704
74244
18776
48133
36623
44873
10070
75753
72082
33353
43367
68306
38884
92065
97022
57529
84776
50423
47120
43814
58725
22713
26769
57644
26097
29192
55137
35614
98576
78048
63711
81699
84793
87425
15852
57237
63698
835
95409
51324
98823
9412
50963
62076
50148
90449
11012
23386
30757
36932
36133
82257
96407
77352
84766
16702
20895
25098
1623
78607
10019
12932
48945
35227
73009
95902
17940
15495
34732
49693
90139
64723
10640
77192
48529
77188
29160
49077
68483
61891
28989
44214
70979
99707
8051
13195
36540
90639
71532
86270
91235
63224
86877
87165
52476
15562
57497
16728
58666
68395
75879
29492
35173
28256
49053
64819
88911
60516
58074
13903
60278
29596
4797
57783
33850
19323
43529
63668
21975
36934
42671
37469
25542
31477
8219
47347
46306
49179
32301
31487
54497
15410
60756
46348
27673
47796
31910
26934
14356
68115
14018
50938
35593
94351
64862
24652
3370
16577
82700
37274
12671
20431
85933
57121
58678
79187
66700
106
41640
77270
85650
27297
36652
2440
27302
58191
72815
12617
9167
44797
12981
20387
18867
24825
88759
52688
2175
62404
93313
84676
51293
24134
74534
92449
45242
56480
25240
35302
16629
46712
80309
65409
14552
86627
89348
49194
37949
27028
79689
75708
89398
3830
701
70895
42902
86887
87725
47692
44643
13688
83045
26078
50355
35872
3969
84479
80770
91747
25441
53428
21625
99427
4813
73761
22927
46246
67122
99398
34026
97221
43256
95267
91056
70243
42367
31316
25177
84421
23714
99528
53487
15448
70324
60914
38431
90812
68288
84770
50892
6683
40542
16109
98929
15646
40728
6104
1299
84643
32024
58208
80325
49888
99249
37900
84540
46257
70193
91081
85194
34771
3279
88842
21359
36336
81913
75328
86584
33856
90627
44458
78077
67620
36569
19737
93927
54645
29918
45017
20050
79839
29785
31629
34650
94784
68263
62330
32866
37441
65824
24120
82240
30874
96363
2472
32697
45711
65336
37166
52032
64336
52633
41196
88145
56883
99453
8117
19267
86317
56132
75715
54
6210
30863
26731
23877
81258
23758
84826
53825
39855
79922
39621
98580
5534
56114
18312
71278
13912
26733
85358
86724
16067
42322
40939
47323
8734
85982
50313
76018
33642
665
61346
82541
59178
12049
32353
39248
20782
23999
36179
78506
10043
79280
15668
26050
54448
59704
56400
66501
19504
31733
20043
7736
26595
3064
2080
45252
13419
98533
6939
98426
37926
52596
574
93916
35620
87409
67411
46022
4988
58206
4237
275
58908
19299
21723
15204
34004
11615
10911
77145
55444
29384
88233
78786
16151
54019
81976
27282
17442
67781
35193
4752
26383
17722
90645
61125
62145
30243
60979
33860
82763
81470
29664
47104
18476
25399
56394
12528
61396
42850
46987
85909
97900
15315
86737
56579
79838
41745
72831
46969
12540
74650
49639
71100
17093
35148
54236
63779
38871
58848
23876
58086
42387
80338
95779
88154
46670
1818
89824
73858
21871
9942
89414
90397
33324
76233
20147
589
10
75184
77742
73092
90728
85799
35117
7729
3237
56832
76019
9074
37101
17849
944
87770
97587
34149
9717
99865
99189
6775
80521
45032
31418
87343
83816
13956
40273
26939
22934
67938
58102
91520
93813
73072
80783
59012
74829
47639
92643
69001
3900
34679
36819
97329
4136
86544
46137
49929
43132
22260
44436
58027
50094
21639
39843
73019
4662
89814
23037
22864
99796
49814
24217
18356
62307
59411
19014
31500
27780
17542
46314
91108
44302
36553
82880
29775
87723
64390
91586
26249
13455
30057
63013
96550
53969
20704
86765
6193
48316
65047
29126
47761
20094
49319
16412
76796
45897
76219
58189
3684
61986
34419
80490
66502
43536
43890
25342
32340
80304
33257
40021
34322
42018
8429
4973
84049
67959
71373
6228
38622
84548
4138
77812
31340
36373
39282
32551
90074
16360
18755
94423
92340
52525
98885
25487
7574
75716
11521
35267
99141
2399
75368
65192
5745
55351
70456
63677
3114
17737
88393
91715
20680
53658
93396
3119
38536
81034
46746
83144
66102
56088
46095
19789
42900
42739
95009
24887
88621
60894
9163
79530
65723
83573
84535
53943
30480
51253
65587
58567
32591
877
98374
51331
17963
17744
64935
85987
3003
63631
62890
793
92029
58970
56268
1119
7757
22741
23528
70466
94088
37354
99641
57837
72994
97358
84560
58328
23590
74358
61519
74838
4397
33906
91496
52742
70843
31848
67922
5533
44888
53022
97668
7278
85621
10702
93707
71667
8633
59329
3906
19651
35350
86656
22540
27594
16406
67183
75118
36885
54364
50489
46038
12166
17259
41874
37305
99162
12506
20073
22119
75266
38025
24214
72899
69847
48419
87379
67217
49655
41396
13738
70076
70647
57996
65797
80609
62478
57823
59396
55580
32235
53774
68870
32888
20250
2957
84637
60579
15079
58366
37490
15893
23082
78971
41107
59506
55488
28023
21304
93958
76974
85152
23926
4521
63470
24539
22253
33766
31636
75919
43431
29213
42675
32219
82310
809
7705
92909
72297
7618
61257
9719
85067
43257
27326
89884
7716
28052
23749
73721
37487
60916
48281
16383
41422
5840
43291
71971
30922
27737
93375
75042
54690
66885
74700
49475
23902
57001
21174
73569
14159
81310
49414
93096
10356
13066
4599
8989
98833
55096
81535
71058
70172
27390
19899
43888
14712
42214
59866
87934
17410
2920
92181
27821
181
63855
89908
19531
75409
7997
16038
40479
32691
80069
3724
49296
7535
79949
86996
68295
44793
13447
16959
54679
90706
56379
41795
90094
39701
47710
35807
61163
80438
29031
65638
22860
34170
63939
68544
84356
34633
86815
46198
22072
43804
72028
92516
80930
50285
50137
73077
25152
4999
48092
85145
24738
20417
90875
53366
18567
34916
82724
51353
52231
6800
72841
43467
88164
2698
47404
26026
87562
95573
45629
48701
94714
47071
89849
23735
97449
84278
9722
54578
39255
60539
67903
61193
2353
59078
78010
15487
61398
34784
85363
99382
34605
35885
3695
21961
11028
47569
89577
36879
81072
22335
75255
56914
58778
19837
52922
40113
29830
46908
40685
84059
34926
70640
51859
12729
92571
57732
54705
14724
28170
88151
40875
80032
86804
63961
31708
75373
84573
8821
27386
6026
47313
36774
98393
17264
62860
70059
11605
41571
77487
67763
10632
79498
29243
88325
53797
40806
13208
57954
10540
57910
48827
9511
43757
32069
2241
27985
97343
30277
7742
22901
79265
43413
82034
27197
87228
8134
83983
94119
91519
46256
73096
67483
25635
96893
27638
74732
95066
95602
13514
83856
16006
60856
99432
37920
61319
65442
42745
30317
74145
64358
23993
56833
33125
11538
42871
18991
94176
4635
99157
18652
27830
21904
13170
66379
6086
93219
84913
98280
65327
53441
16101
72477
53846
51719
97684
90493
51569
19715
65181
86567
42165
71432
69536
60653
99735
33758
81788
83669
63663
29002
40270
31682
82352
21225
2959
19427
75462
82956
14238
34180
59660
69165
76132
48024
21525
47522
95330
63443
10983
42139
2863
83108
28668
7982
2478
77583
951
39425
69652
52444
42086
32775
95993
21252
14015
38450
39571
4400
40178
44384
93262
75429
18360
10123
83029
24817
85775
24634
45105
26658
85726
64688
89673
26865
40967
31974
74436
2488
37895
55410
64762
79549
25319
31716
96823
28892
82183
99462
33654
90666
29582
2074
44077
47202
27097
64318
27596
23467
57352
96241
45468
29974
58638
87060
43454
24511
69339
39800
50718
6224
67807
69144
36834
92310
63370
30424
78560
46021
37436
84098
63179
96663
9932
33742
50870
15344
15990
92018
19387
7596
91304
25969
26473
85091
60515
36527
20609
31130
18201
63258
39161
38262
56981
7752
13535
44773
91943
86538
97422
38312
38241
76480
65097
14221
59082
39918
35150
99861
40965
87386
57617
69649
11720
96477
51617
21122
74111
40088
34873
70289
70892
33706
87979
71143
39714
33342
18948
9313
21966
1760
11839
58048
72190
51697
63914
33878
30540
98129
88118
34626
21698
35389
82786
3670
58946
80855
17414
28376
87295
61159
86361
84788
52292
77093
80369
31361
24686
84999
56428
48599
10107
96063
19592
85438
82286
61721
38332
72132
50420
6925
91074
36398
23618
91855
99241
25525
20359
27180
36222
11621
33782
92338
10952
89400
80019
91045
40277
11289
33146
99629
16928
50029
54947
68161
82947
64111
33519
40109
7311
52470
27401
75717
50037
13343
89710
39008
3413
60267
19315
7133
83633
66577
75043
43117
30143
59483
67212
66238
14212
5771
43274
84958
42377
6858
27276
62928
73034
22419
3549
31170
24795
31068
11758
38347
26921
24540
20056
54838
43293
25267
76199
28995
42264
49531
748
52077
84342
61793
55483
87336
2828
16183
41333
23649
20916
94136
30579
23888
47299
9501
94440
65812
39363
53156
33934
32183
56431
45152
34494
6732
24100
94589
23840
60504
12984
90162
72152
68796
16206
63072
75154
14135
77161
54513
66393
23713
83151
54157
8468
52631
13925
31122
25573
63014
91325
17241
72516
33377
47852
68594
16960
5917
98928
79089
52684
1736
54006
93910
72131
19102
61461
805
4494
66570
80760
26644
18249
52581
93884
82757
45376
82864
34441
98112
54163
5990
38198
4804
80375
4221
83681
66809
873
40096
81924
46647
32367
77364
64609
15780
90936
45459
46972
80619
82394
37415
13655
11217
65355
80907
48742
23267
34162
62532
46762
18872
75386
6837
60079
78355
40287
44586
80671
8385
52717
4989
64143
6985
44669
30471
60855
82390
63966
99551
24852
4169
398
35680
30387
35982
27511
6178
1587
54999
53730
55259
48360
18434
44736
66090
51725
73127
53236
66305
20027
65831
82611
16807
54358
51124
92771
72376
40643
75352
9348
76313
3209
56866
39628
42526
67195
857
53463
81592
57323
60940
62102
22735
6677
85254
29291
29761
74153
37818
84206
5603
78819
32290
65566
6032
41536
12378
7474
80629
24654
75064
13129
72473
39132
37186
74538
76359
89194
78267
2822
41397
6017
39876
37730
98245
25876
71411
55224
69597
64532
71109
43113
1099
26310
15720
62078
60780
8752
96939
9547
28187
9366
33310
35870
45380
2760
70531
33779
50573
42282
40656
45236
96554
88913
15332
37666
45462
154
69657
70420
98986
10881
16999
32509
35837
84507
44372
74394
39947
79025
35366
28030
87972
60463
47503
72928
91795
37244
59775
81356
12415
42614
13338
68665
40963
82725
64503
95251
65304
14604
27350
78782
55856
7661
80902
48840
70400
47003
83591
48972
83259
50600
25988
22702
68815
92137
31303
40563
69911
43405
84309
1651
91670
72161
38858
46589
82839
14763
2188
7168
50017
94685
16419
34056
9402
35994
83180
32260
58101
60997
96605
53037
73302
30624
76716
46872
37866
7804
81152
73684
7768
92886
81833
56589
8270
96732
14495
53724
19706
2967
6951
66794
60069
7230
15858
58847
44795
3188
64923
91941
15808
21749
96022
55046
34456
73310
71225
57178
62205
83001
62767
52539
45047
43887
65455
12632
4736
73737
13894
29032
28743
43674
47122
75354
96570
97844
52417
23497
61501
83101
55024
43496
39170
23987
88650
6462
83900
32926
48001
72868
13231
47991
97733
54390
46350
466
64360
67978
43799
86486
38615
3386
56896
61979
41368
8192
89197
11981
40115
99484
17860
27745
7813
91554
97047
86366
85076
73283
2901
41
20894
96769
35759
54324
69678
9083
38518
70301
87219
67486
54786
37126
11390
34961
51700
49111
82964
64141
74148
71938
16239
50322
77911
90584
56640
17494
10736
20445
62448
86866
90536
48307
14089
25617
92431
91241
9634
97166
16858
7589
22559
54780
28767
55932
62895
34171
22990
14102
64247
45688
91771
98490
97686
79351
29360
70686
13940
78434
68039
93357
88161
6153
26346
46541
66892
63104
92483
72330
63468
17497
77579
68994
50608
5963
90431
61873
29651
58253
28078
39332
85593
28260
1076
42299
89045
48698
61618
78723
74832
70495
76146
29082
1180
34315
9007
46555
54973
47905
32413
61860
1494
95727
83416
56040
32952
96890
78922
19754
13004
27832
73982
71061
10507
13862
3046
91829
71598
77777
32028
54527
83053
88384
1409
55969
22615
19359
23777
82057
46470
81828
78775
92017
45758
24097
20839
28572
34286
20258
16912
98141
4576
44527
11278
15834
13335
15494
82796
6543
50070
67387
45560
74846
46517
96294
79311
59382
49805
51882
36931
34511
41113
55946
32385
90229
93990
2832
29171
2796
54937
54216
99125
99331
21558
3264
1896
52702
56785
53938
50045
81830
99263
63876
42366
20714
30793
89746
78218
63602
14533
94240
75622
4723
72589
85576
51226
2237
22792
44975
42687
26813
12648
92297
58435
56908
86418
54522
1399
36440
56995
5056
23189
45109
57293
22088
39460
85262
93225
16639
68231
22937
1637
19111
34311
84731
33475
54879
39809
50607
81101
81837
91793
7539
97337
60578
40415
66145
29046
45805
82995
410
12897
59056
9432
42492
53835
95459
29354
15802
91581
54504
54197
79448
8850
17456
32175
67646
81812
71641
15115
73049
63195
60637
75008
58237
90903
68468
27362
66511
64261
96798
31271
56187
47116
11606
43595
74316
31326
49772
81331
23347
37247
85889
34913
15227
30984
6927
32037
55701
54339
80134
72286
35291
8082
34956
98174
1626
13656
43342
98802
99557
59934
33033
67024
46669
61250
41693
67453
91868
32808
61730
11485
24537
77563
83120
88822
67526
90296
61290
59114
90990
56440
11625
68979
39352
15261
8683
97907
67841
54042
84791
45767
34416
99035
92991
41299
12371
32395
45472
24347
97865
83809
93996
2098
83579
23704
75688
48273
24754
75306
86413
92433
81417
81250
31371
48650
18057
48711
72361
45217
83855
26080
89362
4574
37687
26490
69516
60797
14260
39501
76628
82198
64805
48045
39764
81003
6921
26228
43709
18516
49301
49042
28577
22563
36191
75116
58316
33002
36572
61927
36457
64218
69712
15091
49130
11834
89287
58553
73081
74871
79206
27287
11843
64535
90765
82934
61837
46031
16621
24173
9859
10515
1688
74262
51277
16025
87652
67060
80620
12036
66751
71235
46863
81903
59348
40370
83477
63207
93165
79329
4978
28854
97832
20457
47385
14316
14448
52482
45708
85409
26535
61959
98519
77603
79369
34924
84896
48381
13935
16273
19413
42657
18611
23683
60076
68597
66216
88567
30457
37510
17368
43703
27110
29407
12312
77354
13135
46169
19381
83135
50441
74605
95007
2545
5083
93380
43872
92641
36170
14455
43860
23984
45140
55354
93118
63943
94028
68481
40406
96497
38252
32060
4381
38609
97301
86107
9860
61784
9643
91516
68324
49095
9845
10276
44931
93081
85853
40485
78455
96807
18749
3676
88111
61411
28433
5608
4970
16730
5655
16134
10196
76685
66286
96293
11356
33455
85299
73645
60872
92501
72598
44110
64391
82319
89242
44517
87169
14208
81122
72991
7141
3133
52561
35468
28928
66147
70226
59528
45818
46187
10385
67239
83250
46323
30373
13428
55306
31255
53619
90906
84561
20503
16663
38857
8066
53558
57952
18857
80837
93107
58758
67540
40772
14628
33864
89239
85108
11142
86169
12772
39180
26922
7249
30032
91999
54190
91856
76909
55687
21104
36956
6559
93700
45549
54875
1296
45300
83945
60131
58418
7113
10500
60626
56927
58756
65206
54884
20141
93551
84957
50997
33501
41161
48471
76766
33144
78754
94411
54594
76421
64374
63336
63576
59346
52462
70078
93110
85579
63347
40549
83773
18244
68077
96379
2662
9138
67266
6872
23773
24915
50822
34209
3777
20495
44697
2577
40012
87969
28167
96265
67732
23594
29392
20809
26034
91418
64587
61614
66859
17591
51464
74632
2417
76284
44533
91680
95339
33445
10943
20404
54452
95932
44642
155
58403
20833
10802
96304
84172
69234
65689
13179
71576
65443
1401
57500
63871
38721
13192
73474
67616
58334
48112
61957
36432
17532
70579
22658
14680
59225
61666
49534
98264
79026
16003
81069
38854
68675
33606
69758
90209
29481
12333
33966
89040
72455
43501
98071
12110
22498
77580
17335
23889
23392
11974
9802
94125
46968
94195
67181
56603
97458
15574
49336
83885
15323
65809
74057
39210
72538
80252
23191
45941
91433
16689
65990
88365
51450
33041
22748
92454
25644
22798
35845
67648
55027
44883
10595
72712
34396
3261
13355
13461
36252
52613
49377
26802
68369
82492
79615
10265
72414
8399
71985
88308
28629
76865
92589
24331
12915
3981
49817
88874
77217
71049
19399
4250
37045
5081
32671
87586
89347
54049
20342
93180
6211
11867
46154
14439
53789
84617
94312
9797
96245
55604
36496
73396
95342
40956
11902
27187
7722
49602
6161
6577
51447
4977
30644
85127
54325
81506
72073
42592
68332
42250
47032
26800
46117
31278
4147
18539
97666
80847
47681
12287
89776
78452
26737
23484
95642
78976
20657
1039
49998
98272
19218
27765
5357
31935
77094
47406
32960
82991
30156
10343
29564
12477
1109
4166
62670
52364
80540
52970
22541
66195
87799
64527
77711
48994
95266
61182
70908
71608
68238
48610
97316
18140
12757
79613
20761
51063
67739
4362
86607
21106
53406
49125
43285
38750
7034
61883
17274
68199
58228
89822
3728
91813
62014
49552
82405
5549
6982
7936
62975
11266
57086
34981
80591
75098
12537
32461
51978
49806
96702
60840
3086
18595
49032
79595
88251
51373
34440
14060
2060
42422
35022
85615
90034
83559
79127
70750
20803
54746
10214
23071
31424
57879
69355
75430
41060
96048
419
74333
94177
80321
99089
36617
84472
77017
68100
95437
70159
8046
26742
30557
48347
58368
96213
6459
71433
82442
18486
4994
18085
59261
40652
97648
43604
92457
48978
45861
97188
74458
15601
93404
20557
24003
19952
58516
81823
76894
46145
75636
39296
81102
24095
56586
17192
83986
52819
59627
56713
8959
78006
95176
66773
71346
13913
15699
75510
1325
49744
62759
35184
1971
71396
70397
44191
34029
37141
98672
24519
59053
23716
34384
11996
93230
28709
74104
49381
51159
79806
26419
92022
36474
29030
12523
84747
25934
62510
83853
86763
53598
26147
53911
36119
46766
36354
18243
63792
58607
52950
36338
80688
26974
85757
90255
2808
27000
17397
11817
84450
8572
60042
93204
66826
65551
40554
42365
19130
85230
89024
89193
91143
67918
19522
66645
37771
35452
59620
98745
74161
95416
75039
185
75573
22123
59790
44478
23274
90927
73137
10180
19346
272
28622
49670
21230
55547
36490
11109
30709
19023
51650
3545
74573
89421
42632
35122
2438
96372
53989
26179
64305
18321
51113
70891
63056
79231
78171
79698
24009
84908
30726
99303
46525
25902
56444
67950
4326
83742
54830
76935
23702
34772
39563
56220
88476
10081
59990
51096
50909
38418
61428
82475
84276
22570
65822
35211
45719
32770
68334
67749
85529
8042
45414
88352
38475
30700
72930
62167
20344
22288
34298
80153
97344
59786
20962
30021
32265
90846
81347
78617
19464
8092
69502
99443
48169
36987
76230
21407
34067
93129
55516
64277
93472
2263
58935
26803
55165
40895
14833
17088
8930
11883
3615
92947
98751
74150
86088
83769
87119
89743
78257
78973
86335
95244
67289
74300
30995
99063
9695
95147
10594
96052
44974
36868
75740
3074
50445
44341
54514
87939
97001
65590
93710
7041
78724
28907
78261
38492
84874
73091
58387
4465
91681
31110
61737
89612
22737
45385
15349
22164
19367
77850
78329
31442
29972
22070
7106
57294
71718
43743
56536
65504
6239
92507
30325
60090
97667
88438
59036
94470
22396
92582
12218
42532
43937
76562
26839
4537
34202
71689
14431
38439
47563
8606
28731
50429
27018
10694
85790
66993
13868
83280
49419
40487
7989
6393
11871
39828
30596
53077
64176
48532
24688
25201
16457
93229
90210
22965
26714
13901
80926
94300
72362
74954
86265
50877
43600
97990
84417
94913
26531
79091
47445
20327
79033
13417
64518
50252
1103
50160
2409
11160
20497
18007
11972
45246
56576
20014
1643
92116
98408
40304
96222
57997
33175
69661
74716
57577
16129
85633
69680
9783
99148
48106
28800
40131
64376
77869
97284
95827
23059
55795
772
78014
29693
54354
3923
4052
99230
1522
59751
71412
26965
12963
86372
61055
13145
7349
71732
36599
72208
52858
35070
7477
81033
94018
7988
83277
56121
14693
41377
30784
78384
2500
92057
62762
65116
37363
42522
84116
49787
76900
74060
1928
79679
19326
46019
73691
95806
94766
79226
55511
10176
39372
52619
20456
85660
13601
65931
53837
1862
9652
23300
79665
60669
84785
42097
58133
45872
54579
6260
40254
21848
13008
27758
70351
3807
11516
96133
61331
67969
84703
69460
24835
50772
30652
37858
11608
58960
59118
10448
87740
11906
19158
43468
99228
83019
71164
75721
80717
68454
84039
66483
29427
60480
68370
6455
21683
33995
93509
65985
33751
1930
30530
78536
64467
25348
6391
34134
64707
83822
96440
83574
52826
10432
19028
6949
23651
62066
49353
72999
83955
92347
65212
75180
68345
73384
44200
42263
53205
95439
57055
49190
72431
59996
57091
53507
83003
6170
47838
24691
49809
61094
74731
59953
49825
82897
13977
67232
68786
9891
28432
98499
13895
9870
89251
2153
88594
93278
62019
97720
30835
19182
69481
39590
57316
8237
26576
92086
87858
67733
34439
94998
27131
84611
47589
48512
37696
13943
60926
93754
70800
51971
20465
85176
19143
42779
34276
58815
40905
83378
12990
65219
54626
84699
53371
8176
46775
39758
57363
13383
44750
28185
55215
4732
27865
7024
76383
71059
83604
48681
21107
40056
71472
27127
52246
39930
97622
44555
38753
35491
25621
53762
11035
23692
36210
53514
12106
1967
94719
37409
26919
73662
98040
28469
39217
50543
93434
5071
26468
17424
77148
94453
71883
95956
40782
1549
85724
110
94942
87088
37400
69672
60426
62195
15899
3492
79128
96152
6609
18823
60334
32823
81785
27479
83136
7637
41038
54628
5855
60744
38785
29541
37040
63974
62849
10255
75735
7549
25798
51040
73089
96075
48739
29041
86294
80621
75615
69121
70806
61926
94318
86421
3197
43652
73597
99769
4041
26619
54380
37054
784
10021
99137
83759
68745
24700
88174
2238
27549
2666
45415
78885
58276
76149
9952
74608
37608
21323
23730
43355
76363
51501
74907
20128
24834
35530
70012
87838
86633
57493
70352
34585
16965
74596
73731
36475
72968
84033
70580
4702
4464
15243
92558
20319
85139
9382
74803
56454
66130
94730
29565
14935
24982
97144
53638
95257
13899
96814
61857
74923
42162
41951
48543
35425
47296
98290
86950
1324
57170
19553
59563
44724
38238
85238
5057
37501
17893
42283
22324
97584
585
79847
1391
58868
81621
18374
55504
5014
74643
84148
58497
19702
42635
17000
34390
9105
8294
22679
54581
11283
99736
11145
77009
76011
2311
72142
308
97237
30839
3246
63962
5421
20077
91969
69465
37466
24892
21563
23647
93792
43622
82218
17868
36386
19546
23882
79075
4200
90010
21686
17867
25362
46271
80553
7461
57784
63303
91655
17845
15488
56150
79533
36912
34891
66772
54537
38006
45886
83502
80600
90326
8388
38427
40041
94175
76401
23768
24127
33964
72659
27901
92551
53971
1552
18412
65100
99274
30994
29598
78474
51344
70645
75467
16720
87094
49131
88509
73508
50551
23084
69701
42456
36082
10481
19536
65634
44178
26630
68155
18485
19941
54622
38900
76294
76482
3360
77443
36418
12725
30239
70355
38865
51005
25088
63243
39753
25178
20304
1959
31556
45733
23859
37245
34061
72467
42027
55005
4692
95362
22672
45157
9813
17141
114
82233
38661
79482
49082
70315
85122
19429
15898
88859
86148
22367
78387
42056
98143
84996
66686
58797
11992
8324
63341
16361
51600
83152
5632
53966
73112
80423
69796
19627
90089
27152
26345
23794
68817
64044
32860
75674
72476
45875
3790
74865
7151
91975
24932
66669
57333
80403
82803
36964
48702
15686
37774
90307
16626
83034
52076
89173
42907
1167
70625
39147
92372
49831
73664
85018
35357
5012
16961
25471
16875
40835
827
40786
48823
74908
26272
98556
76071
46777
8482
38672
88785
79179
22391
20870
68529
84912
56700
75772
78083
12016
87696
40536
62031
91120
27332
98205
84954
72586
4548
82403
75111
75700
70572
329
5672
59830
36589
6697
51541
32852
24258
37762
49605
92230
15451
54341
44833
92625
99555
6048
72429
13080
31824
3042
66366
5412
30780
58992
17245
81484
48571
47617
12176
95804
52404
41275
61084
84174
56938
55741
23156
13684
63122
43396
19090
30914
64696
24386
85796
65287
44046
35656
8474
10582
98496
99711
62211
22407
21899
71804
98311
98761
70098
15738
65633
92298
85971
50641
53667
12654
79638
23480
90777
39383
47434
16105
49676
79642
99335
99485
67055
44654
38112
35592
40414
73491
15954
14569
72911
94529
78200
42649
87855
10871
53124
49912
76248
36445
38202
16946
52787
18726
58774
12795
58951
37386
27918
50353
48583
63088
89807
80967
72915
19228
86202
91763
80543
99666
70173
57597
64590
99225
54737
93655
57958
15770
29766
67297
69376
70638
95465
91686
89780
30827
43727
95433
53258
7094
84139
89511
92296
61538
76068
4401
56667
55702
5955
47500
18289
56165
18819
53912
55586
40058
61742
16784
58877
16065
55695
14249
81049
40843
31637
17434
53670
41014
74911
86779
31815
19891
9243
70723
47477
49525
20466
57280
79312
69943
65702
21158
8977
40319
77497
33208
70981
59024
92083
6856
26852
53646
16828
84850
34420
24461
77554
35772
2475
73877
17085
88357
56095
26187
78032
9730
87483
95623
53831
40411
58277
47444
24382
23913
15533
8628
78670
84837
36107
31263
59813
68955
96555
66938
28233
33576
75527
29615
80834
78943
90243
74913
21171
1211
23372
1795
93342
79830
84533
7816
64138
72070
24656
84452
43338
89801
47067
10617
11676
1400
55789
30636
46960
62349
18852
85006
56769
76769
20370
93356
40486
46530
17634
62098
54570
32521
62873
69055
94838
8343
93407
21573
43471
5893
5035
35974
8900
28345
75105
31158
73065
12395
77400
89608
70464
29796
618
49017
51804
38070
5011
73006
62964
1980
55257
73426
76057
75533
44216
60311
10375
30806
4447
73756
89534
37754
26663
43348
4187
11074
38909
37314
18077
9728
52107
16757
41671
8275
55028
34651
70308
44694
20174
5709
99232
74820
47979
45671
30178
75159
12017
70528
53362
24871
33804
14301
92255
9692
14546
14389
33480
74879
4149
32916
21043
65774
54300
36052
78061
97423
79258
47737
46456
53027
3929
68168
14337
14398
53733
79947
44784
54094
73991
57327
43847
28209
77419
64256
73024
53220
68137
42966
34323
31191
68973
96963
75047
7630
82088
59262
94610
13476
50505
36218
724
93967
60115
50490
21087
67202
41743
2284
78073
76380
638
36077
84687
60314
21010
79042
53405
76574
49637
63553
27819
674
14980
43820
70499
95463
80745
63261
76517
21096
2126
41661
36776
22894
25996
75800
78779
35735
57344
52833
33317
26687
30815
86464
27961
4985
19674
58976
22915
76701
38950
91589
46423
69298
18764
87198
8811
80603
87569
95564
4124
25328
42078
46802
29711
56250
42943
32568
8611
2189
28747
85292
23687
81999
94016
25030
47139
32363
75203
39394
71431
32178
40495
69265
19290
15245
21146
34878
63003
74939
52168
41466
64539
14650
44631
20090
92537
32511
97259
16056
21919
6417
31932
43919
24793
18146
76501
47951
55297
68179
82419
57427
90230
51948
79294
86000
19517
55828
66038
42298
51519
79934
30775
91741
2987
25174
62980
81345
81379
31231
94075
99415
83838
36682
62403
24524
12388
79772
90308
24647
6853
67292
31624
17570
6931
83373
89201
88926
54719
26863
56304
57797
24362
93174
62225
95055
49803
14801
42710
52016
29027
57346
7007
29523
99408
13882
90312
54971
18236
98769
90358
60014
41837
10172
76106
7423
54529
95450
53466
36160
64712
49661
14564
4739
54384
99672
77944
24364
74204
87320
76619
80568
65879
37832
66954
20758
41084
79100
53167
49838
22339
79023
59228
77243
91246
29804
17191
15873
71902
57015
50364
19679
66995
42164
45992
81212
6810
98151
61542
80633
80377
67339
55298
64506
79905
79837
84938
86439
87751
17478
22707
38860
58510
87461
81708
76949
67875
5466
3942
79319
50491
75915
85023
39225
94084
76787
51894
3963
41694
84076
64079
76299
63878
68435
1052
32201
10760
2557
38697
88757
89874
19502
97868
65020
42664
38538
56533
69173
295
29852
45111
28059
5253
29894
64461
90070
98196
56945
12606
15819
13842
5411
6771
75428
43603
62318
20188
90304
50751
12163
62600
64654
4915
42479
26370
43582
99469
13647
72888
77321
66654
56572
2358
83090
74405
85759
30805
43946
88797
67377
59524
23967
26890
38770
85001
81797
35997
66381
45424
91523
18026
85115
79568
82017
90559
58461
28237
32348
87159
46361
18287
87791
51590
41908
70835
86289
28680
88290
86649
18382
39149
62142
84223
80903
30158
83905
53104
55775
3503
85653
99329
32535
18615
5155
32170
78237
10826
45509
22870
87197
35151
70679
18826
81328
43200
52810
75859
26254
60126
46723
89174
53221
85303
19151
41270
79542
19088
16454
77602
12679
31084
17151
76441
24675
90779
78730
46405
33867
12437
84305
22493
45023
37375
87987
71659
55666
15264
56664
85463
33348
7552
25931
18406
23394
23476
473
43826
49765
56894
8936
4163
22794
37075
81115
1934
56612
22777
75173
71358
82160
90122
17277
52504
63684
95247
90954
52161
34699
84494
36304
99678
10285
79404
89357
43816
13141
73905
83728
46128
72975
12830
38680
48657
30187
10290
88419
63912
37450
94000
25640
16541
97808
12959
78727
94244
93638
69614
78328
18371
16202
76093
84273
99220
64886
48819
3236
88005
33280
13165
17273
50725
61302
13116
32025
7026
84175
6585
23382
26263
49889
25707
73742
41402
88181
70285
17921
91038
30306
60152
84756
43578
5013
53136
85253
30103
42335
95891
67621
39417
91914
43928
21661
76502
73582
76737
16143
2794
87419
27026
56285
91579
29701
39304
32165
86492
79963
86200
52204
30303
38297
56728
39892
95644
6353
18046
29397
68347
74973
52208
68748
64344
31862
79543
35139
28990
58332
44741
78185
53229
58749
67067
99738
22378
25854
19113
13896
11945
61023
68388
22130
99564
96601
43025
8871
47433
94424
78114
75798
65883
40777
29338
81188
59263
53245
97389
93626
5751
48150
43013
48113
27969
60447
36363
63455
89007
64833
73977
15848
14320
43951
94982
37758
58875
12801
15408
79676
67422
14020
39690
28457
32788
76799
77585
38731
93657
76871
60795
69137
88194
52068
66967
37220
48938
222
65618
27259
46785
87121
26906
90186
22309
13371
46119
32673
40284
81667
39883
66716
8515
83064
42216
25975
62407
86398
96615
36544
64876
9017
39023
88704
37033
65877
22156
54057
50761
33282
9255
44218
95983
95761
77087
65372
32581
28368
37343
72926
14306
62490
34449
26956
68497
50381
73173
64121
56224
1434
24797
75694
87843
99193
76181
12464
80162
16160
95246
9406
10929
67185
96494
57029
82813
54664
62491
32266
24878
64652
51973
36337
62639
32537
9808
45057
78851
69815
82077
5352
37772
31033
60073
57154
96286
67622
84641
30087
56698
18512
71076
33335
92319
28496
1920
42447
9277
36431
73187
45352
60987
1029
86164
46874
88705
58650
80479
24516
49449
85581
51485
73404
32546
12300
44858
28283
29589
27157
29512
74224
40507
20045
92818
37198
1554
53742
42509
8057
11219
69805
48423
10785
4819
34244
1339
80587
47837
93115
93282
49215
58261
75576
53778
49089
41419
44887
85873
70077
96861
39076
21967
84928
31850
27952
55947
76085
89829
11341
53093
41549
23931
27299
21474
24533
34990
59923
51714
44779
23187
29067
7091
35067
17766
89199
42751
2204
29372
68363
99835
88398
73601
58445
94684
94582
51217
42153
30503
55464
43260
82486
38096
63795
96296
61597
50555
99399
5539
85433
35672
87591
24429
9225
88636
96471
23918
11784
89026
66554
76190
13203
7248
52190
34901
4232
53662
63522
19349
23691
91719
40761
43524
14685
50577
26601
9389
48336
39280
7020
44168
62470
40362
19296
24837
4880
28417
52358
69941
60430
77996
21768
16177
51505
35867
82129
33013
69262
97983
54649
75001
56293
77981
35658
16650
27503
1908
67628
36962
89886
34135
59011
41652
2838
14567
78954
4814
8024
41952
95818
82246
56856
95675
10891
26012
50226
18010
71552
4523
71639
64357
72966
95787
54125
83704
4093
97312
10963
35393
5584
25923
22153
33502
94055
33500
61414
95401
78647
46025
93374
10032
24749
74002
51285
48957
53770
30006
13220
63640
59883
16204
50537
47006
89892
57119
62133
15786
58588
93284
4792
75215
90485
4718
56010
45341
71180
81649
56797
4528
88593
5817
79479
10305
58886
8557
33818
4571
42696
6615
70560
93648
22446
78230
16046
84382
25838
1635
84835
23715
44316
39016
64027
79608
94059
49010
82676
84707
75217
46178
91346
9994
68588
34616
32036
56425
64476
72120
77516
562
90442
62004
28159
78573
6257
87545
35418
47646
38090
57296
20575
69548
18231
30969
18483
7778
63689
72074
25815
85082
64595
38969
4406
986
40515
48138
25943
51500
26371
60598
71861
80782
5054
87273
90737
15017
28342
99815
98591
30907
71410
96297
15046
61695
28993
94280
42252
51361
38544
41069
9766
13381
25566
21103
58957
68264
34597
23488
36651
93388
82508
37509
58416
10066
72707
85105
50448
70976
14918
48074
67092
39256
60965
79777
93490
96081
40075
85491
94618
29935
76487
64569
50988
27972
17391
23342
69120
79151
32020
58737
80652
20424
35545
14396
41546
54745
30485
29814
35633
65766
10933
76925
34604
90090
89830
38174
59037
72206
95260
47570
11660
10675
84713
39670
46263
77152
25528
68381
23780
13756
49737
20812
7413
56504
38449
53942
23277
91920
6910
62321
1018
74582
3622
15489
11681
96597
15032
6851
18535
95108
19602
20224
54447
41637
73444
74662
83258
37303
93452
86619
90972
82208
70428
57600
60509
76733
86641
25627
63279
49473
94198
66664
8445
92786
49597
27742
82842
96299
30332
25106
40814
16066
39559
45278
96618
82118
33024
48284
86131
58011
71421
89308
64521
56601
41049
67093
11628
17502
26582
83786
5869
61012
45764
36646
21070
92111
74103
64585
2665
30372
11869
52690
6072
65311
75402
36428
58919
47634
69918
17965
21345
19842
71904
46899
82951
68831
13197
1733
20019
25553
93693
68209
67774
38828
62048
55288
33161
45950
62937
6119
81140
38487
52620
29719
5871
23772
26711
47786
59801
7276
42971
47916
63784
25667
93261
6315
75200
47978
42223
13771
51191
54208
51525
48236
95883
12419
69392
11167
54629
54512
62385
51538
2691
7272
84980
49099
11437
50056
66912
63879
57234
15166
36859
325
78041
94282
23235
79247
6680
36357
1935
97746
31985
83586
66581
62796
89151
6207
99979
95528
34195
26621
26408
38949
52134
1553
10893
45470
64078
68204
32121
9054
75900
40204
38977
21628
74921
99731
47318
58342
71019
43092
56142
2694
36745
92657
11490
80010
67355
58884
51878
26261
71516
87945
75167
70470
11565
69453
70185
59807
85692
18688
74603
58299
93367
30007
14103
49973
6080
75531
1089
41815
86993
54484
67080
53817
53146
85381
59254
42842
19436
36183
91243
43772
62714
11594
80455
80977
3565
75801
34744
25118
15071
77078
97150
66163
6299
7570
84585
73050
67817
9541
64912
42441
49
17328
89564
40073
77416
98148
38823
17652
2277
24094
26588
44182
32559
10753
53856
46297
72749
86876
83543
46722
60984
18683
2888
1809
17892
41611
18376
78493
15098
13375
89273
97736
99513
61006
15277
90099
81240
25306
83323
86620
37644
37295
7845
30377
55673
13646
22423
22606
9976
30695
12468
44578
50873
41595
81749
30444
7583
36113
10897
99978
72700
40363
64792
37942
29920
85997
9014
21652
66956
87466
5923
95997
76281
94861
29075
1992
37110
51573
33557
86167
44915
83413
78925
63674
46508
66113
65340
32229
29394
72491
72960
54322
41312
55885
95909
72390
70430
75038
26480
98731
47953
45497
96150
40011
72090
64996
61388
36516
86450
27234
52680
58896
66284
45857
60517
24596
87079
73810
20828
523
21134
15359
65313
22916
58873
14511
61251
27884
50871
75258
25103
37410
37430
44622
93691
1313
63937
26488
66573
18125
71744
37778
34711
65839
31384
93844
88115
66625
81882
39858
53143
87852
17975
8788
37614
91365
85668
1079
54212
99404
64612
93095
98175
32859
10198
38705
45736
84200
18245
47775
65757
36492
9689
30753
98654
90635
38719
53443
79660
67812
30228
46379
39411
21155
46096
49029
76582
6789
34751
75093
24049
82582
73188
91371
58800
17119
4293
22463
19867
46879
77314
6222
78699
11385
60362
86246
14144
73908
34469
89803
93304
51391
33068
56737
57021
31599
54203
98951
92432
65091
31335
89265
57403
91084
89871
41790
92526
63542
29851
8401
65298
9784
59062
20799
18274
83606
96174
99366
15418
10744
29187
95051
12796
25312
12924
85332
49837
52396
15605
61139
88287
27734
99195
6711
36865
58233
47080
23786
98125
51416
73120
93346
3541
26150
54511
34790
32856
2687
97784
44526
17992
68123
71140
48584
80271
92687
61068
11523
36558
85038
7947
23508
53297
29014
29990
70491
43034
78139
40282
45256
82201
83969
28684
57074
87311
17329
1069
74585
53523
37852
78125
12226
3849
10326
81912
86262
88158
78577
97058
88483
30745
66021
64578
57680
33735
63717
94734
70167
20904
84608
6354
94167
6116
28039
29524
96966
37200
36472
31554
94940
98342
15739
98920
28274
18777
79822
44543
62573
33436
5882
63531
891
23397
9561
87875
69642
56459
84332
41620
56974
1657
20003
44577
20031
55235
32947
88666
8390
32162
9370
1995
19492
42562
19013
66457
86
47877
55121
65000
30853
25663
50836
49949
26763
98957
33437
12398
73250
62143
9267
77714
48483
90488
44038
95892
62517
31286
61704
66404
36368
39830
39167
48753
27539
95966
3151
21050
31394
46985
78912
31544
22429
20641
640
79694
56033
41975
96099
56259
44857
76123
47528
74924
43485
31840
71690
48847
47971
58454
58855
67691
10866
19630
51812
34318
12365
21329
32954
69097
88515
31628
67951
68928
33842
36425
46939
45192
93613
50456
97571
36148
99227
69912
95470
43026
94980
1545
36467
3652
97553
27580
11124
17872
60740
35594
73608
10497
48936
73440
790
69047
85390
22496
62993
60175
77158
45568
4879
17076
56884
17401
83380
30095
62742
67267
68553
2268
58178
458
72829
40666
19219
51867
36257
65222
23033
4525
29119
95210
56116
80507
38046
98030
72279
83239
2365
47010
10238
512
97963
23378
31304
25404
43100
37159
13836
91410
71994
52552
22642
97531
26993
70075
17740
49338
88500
92336
50403
21452
25134
45677
60680
60886
69893
98076
56658
15583
93198
40526
92284
98415
96562
12349
71095
48109
84606
83614
54050
35947
31472
47068
72729
93273
32887
44016
91767
62889
16935
58363
28884
73153
8890
823
85703
38611
10732
3437
14269
30533
41782
3813
58983
97634
93351
76724
86616
27092
38279
27605
45769
96305
35400
39625
98370
18653
73094
63482
99493
75566
20150
65814
30574
35844
24397
71847
38651
14574
40790
4459
79034
30653
62833
36367
15397
87095
7961
66832
44686
79590
61532
43983
24146
60322
18705
69778
50638
35991
62119
91660
7444
51097
23847
5141
42636
5363
66186
93166
70195
29602
70547
89048
16372
74220
62116
50210
58856
81918
9188
93791
80939
36690
27156
48371
5019
72650
94011
60890
41615
70217
75295
6047
64224
34767
64493
7886
21934
87647
49997
62018
10360
67569
90281
89224
55177
27270
85301
98774
58647
9758
11045
65542
25446
40565
22267
86853
62410
85136
15064
65690
91754
64036
98653
25579
58347
27827
93316
92323
67515
94137
93350
60932
43060
95086
58241
42713
12397
91114
64820
84753
80886
24000
14572
69333
77088
76130
31428
63299
62058
38881
71631
94083
19939
46620
86723
44105
14409
44499
82346
18032
19145
11154
34076
50122
848
12756
20647
86531
23919
50876
2248
49031
91766
91852
85402
17840
30670
26873
17304
61003
79937
75358
2140
27614
50309
35689
6187
62788
13406
70236
4832
11576
20446
63281
77212
35197
5317
94230
39620
92195
58674
23045
57862
24965
89076
92824
73631
56551
7991
91377
89343
33140
31596
30733
73622
30487
88932
1435
89810
44256
9265
68820
39597
80709
37810
98081
85709
69290
46100
75980
45774
70126
38553
90429
98390
22961
74406
89416
27239
47859
42895
1707
50496
73910
2157
74487
78390
70809
64348
96853
5002
43931
12779
33461
56072
70831
26706
5162
80129
36625
9990
36952
96327
25658
56701
94419
85714
37369
21702
30199
45168
24378
6818
71054
72081
61865
78880
53345
84771
62515
59959
5154
93361
5956
89744
58190
23245
53689
82602
36152
56178
24384
57629
21371
85995
80630
60189
73412
23177
53247
83454
7953
43774
67968
16953
65625
89179
6344
2106
51038
6356
21343
37022
69340
42984
48101
15742
41175
65525
51608
34675
71838
67595
28773
21886
69519
94118
25485
14719
57777
77725
10996
22059
36244
14092
5573
68502
77228
39592
22768
76260
14402
21981
33431
95347
82993
95821
2199
15673
18946
79452
77659
67091
87017
57648
35814
25207
31372
79049
16790
1686
35648
40331
7505
36054
93948
53153
19778
74564
85832
16333
91590
94785
85200
59513
86891
8159
73886
69711
99939
77300
98152
87035
71923
37153
85520
4468
15454
12065
52240
71177
53881
33809
37733
38876
88978
70024
17431
40621
12954
78956
69454
25226
28774
35456
22508
11290
35811
72766
31647
97613
117
28776
81902
95670
49028
61134
16879
31665
47535
20601
17581
36917
21255
43830
47470
96250
64491
90179
20973
93408
9539
33876
93617
83583
8160
67402
51913
96041
91648
59667
74593
84132
37582
54375
7001
7862
53931
88433
42293
47548
99636
93607
49331
88293
93521
25960
93289
83275
11132
7485
38248
7257
79383
97287
31938
70774
22291
60354
35131
25009
82004
60384
43119
77232
62428
30751
40908
17377
61300
62153
72833
23461
88852
63485
30434
98940
41926
93757
79230
54530
48110
38757
91388
29810
72354
25599
10055
41023
48467
60448
31014
3369
88349
12159
10237
18542
89681
36838
21302
87232
10938
35276
61740
2735
54109
41435
38355
98307
3171
77197
70080
79365
61707
64930
5450
41284
53101
76922
38739
71124
46054
99583
75603
22147
13443
11728
16300
56326
9320
93562
65435
34948
31360
14513
2804
82236
80141
31240
75698
31711
2689
29108
80513
73699
44472
91416
59558
45684
60185
21060
16213
60548
19200
29462
714
38885
39732
22765
3078
11398
15120
38634
70406
73262
69043
14705
91344
4909
76545
71491
65876
12112
75414
41155
66089
8917
69868
31409
30213
71037
18461
28937
12883
37070
27666
92145
73285
2674
96422
64971
74704
37432
74121
74714
52318
5262
89819
43185
31699
60583
33122
19368
1931
84849
45216
79057
96862
61608
76722
3313
29486
12960
80686
45483
5637
62898
42579
36007
68355
91641
72113
50057
9522
31967
50007
15505
45346
88049
36892
87011
89789
72910
70476
83155
13214
24576
34656
84899
21258
83007
21986
84814
59776
74374
77178
92108
75183
86651
76066
93673
59256
62525
68836
82903
37280
61395
78039
28243
76147
63568
61463
39104
77987
30820
16904
58938
86612
91861
8136
31565
25193
44682
15000
8753
78909
84319
90762
31927
25263
6149
37902
84744
58746
90078
31602
80631
72879
20048
13376
34266
16337
35715
40459
31204
27783
88305
34942
97298
81609
15475
25628
63465
24024
43171
16164
66586
51359
98242
55981
17207
64022
36911
8679
76679
67783
71509
45840
82512
77398
78074
91391
99680
17764
15047
67675
55813
32918
34903
49198
73758
99698
93642
26777
37235
92598
87672
21495
62001
22949
86902
52747
13104
47952
75877
12659
76108
28568
11046
52995
58879
43042
69386
19835
22917
47630
5877
29621
68731
50389
37389
83509
61016
24648
88213
11502
83088
50526
12416
27848
29646
69713
89499
19868
33027
8289
58841
50650
60876
78369
41653
40769
2291
86714
95913
34422
83764
84017
76616
28460
84819
66201
39343
19246
87650
72444
81603
37256
10284
22972
34890
21406
45444
19898
5858
84745
36983
17213
78799
3638
17615
83762
27610
13356
39723
8843
51340
23757
30210
86865
66894
72427
82698
2590
8175
22325
45332
11936
22172
7698
86405
86248
11818
97240
71555
57804
37234
56343
33849
76747
73149
87861
13299
98863
54997
23293
29248
65292
7780
15433
32528
98554
80179
66074
71114
43410
27396
62727
3582
4972
92382
98877
50255
60944
92969
23004
60265
54916
26319
29162
12626
2484
10578
13969
65470
95271
74638
10091
39929
22158
70304
17787
86768
93618
17690
90697
60486
18724
61449
93543
57415
96321
75439
21002
89438
84816
46518
60117
2186
20829
84125
59034
34230
11348
58285
54631
93399
18740
39439
71154
26814
56060
87149
14930
16613
425
1066
89941
97692
49678
20219
1730
69406
37024
1421
86868
52429
19317
90008
91439
34394
90668
69705
55543
74499
46219
815
9488
83504
95505
84961
71934
42338
32630
51087
66205
20016
96348
89787
13293
9298
89674
85539
51897
69826
96013
63028
97314
32640
59787
36087
79563
80175
13210
54769
30146
28205
38758
87608
55909
8038
87658
86681
18624
33325
95687
37140
89323
77645
31625
5854
46490
20034
4004
6415
40144
40694
14408
48772
87480
78344
88542
88472
564
50961
60657
19587
9284
50907
80259
88351
27908
74999
27744
78998
74492
28455
84941
15958
48427
42870
80291
22200
66608
61226
52070
19481
85208
98398
27632
78009
41698
35053
60287
39920
79678
99652
17255
38368
11119
65131
86821
1755
85822
4099
67263
10841
627
20079
12718
99561
39894
5776
32026
17585
35859
54859
88885
23064
24680
91854
69613
35073
62979
1670
52281
85645
20078
29294
50107
9222
43630
76312
365
3662
97138
87654
82473
52765
8649
10720
71436
71675
80974
64291
6621
59350
47596
53532
47543
57175
43163
99773
35325
84869
81474
47333
89579
17626
97810
51406
66037
82562
38587
53747
59762
23001
67330
86024
4199
47234
90934
17876
4002
61297
37899
91456
64241
98031
59188
56348
27797
41190
68622
26292
33199
91725
45722
40063
21872
71630
62206
30823
80845
69211
79524
16936
79146
4957
96246
4054
28614
28337
13736
79315
84151
26690
63543
71862
31851
16189
94599
84622
31793
48352
10334
61848
54865
51723
16374
62655
88116
81692
31102
32566
83874
14463
30137
76999
88514
84634
57796
4859
27637
15367
82043
66255
16703
44415
30654
38230
92719
62884
79442
42777
90473
12260
86901
43786
55127
64465
20826
98226
44913
50861
80667
15584
10496
98254
77538
30539
42919
73254
5826
67144
9650
70540
76948
82515
81756
44106
2880
80318
25079
30013
5470
1564
20312
98373
35532
36030
92561
16716
91071
99843
98269
28155
39688
59232
75018
37637
18180
50850
77386
11462
16917
36843
52305
12774
9046
68737
81865
18976
30248
23546
58110
83044
42091
39014
7547
91459
50053
96023
49404
99888
21214
57256
35884
41518
22483
75147
75015
3792
18060
22311
50867
88494
85218
66726
3148
14872
81529
93300
82596
92891
50464
13863
82024
61267
58613
86133
11489
59661
31248
58706
27038
74636
3761
3125
18343
910
9896
74630
35652
78591
86701
61592
8371
28906
44152
74883
12402
84467
6063
15664
4007
38065
49699
9588
29745
96599
35792
39542
11172
76041
11558
12172
96766
58506
58479
65686
64681
61471
92520
36115
97359
26508
96491
23712
65275
90258
57450
13339
42483
12412
90375
60963
81585
79935
17941
25244
12169
59194
43082
32044
14464
4916
39054
76855
85902
26200
16727
94741
50563
12825
20160
11942
16398
32206
25371
43463
85285
86848
58264
17073
15462
63334
9013
39000
75010
88082
89852
36116
8211
38991
69272
79432
26526
30505
19414
13934
89353
53865
61703
35626
22821
80305
71213
58854
85766
22065
1423
30198
46631
24927
8769
43813
86291
91278
61554
15727
56299
43235
94727
76636
92380
51439
79971
5930
51881
12298
29186
59389
22061
11759
35149
44699
18585
74625
92716
8541
40305
79129
97467
2932
58149
49581
1096
84841
81089
51965
46697
88464
58833
64456
21902
169
93664
54747
81225
37084
7967
55489
366
75866
93573
88475
9460
36158
80661
48411
25215
34574
61539
90267
87762
62462
69999
60112
13134
19428
78668
96863
39552
90234
96
20281
50219
49560
74547
96505
74461
38663
25443
37946
97766
90614
81143
7683
14257
48561
78662
53508
49682
77550
72173
40137
2014
89068
64355
63035
98178
51513
48686
3017
8197
53213
33983
31713
63078
90794
18885
66580
41282
79791
94867
42472
39651
13015
97209
71357
97747
8940
85693
83948
20271
4926
86269
93986
79430
91355
16585
14085
59917
4043
43881
99437
90529
56321
10768
78702
46480
13013
5005
79980
40396
69268
60899
80975
92857
99218
60283
12685
43137
90892
14116
80624
73884
6606
45599
97055
9397
9157
70298
53566
50880
46721
88628
92708
95877
1991
20997
68348
3479
85710
65882
23149
36851
74504
86560
75336
12785
19556
70986
37640
5419
978
57249
86613
84082
79473
14460
53986
48057
754
85664
61284
39736
45523
24740
76844
89976
5836
32310
77447
20033
83215
51016
30991
23487
42142
4728
67900
62050
13936
69976
62482
14688
5384
19951
87445
70363
23066
13652
70297
13230
13288
93220
83062
52315
56723
28344
57499
16559
79182
99511
38534
80261
54772
50426
11905
81166
82713
92360
1229
14013
57675
62924
76440
48930
44738
87812
23098
73156
51837
34480
16518
74274
89542
78234
30125
6163
46505
37118
65742
83652
81820
51621
96172
46742
75007
38389
11543
40646
13907
81178
45768
64040
45998
35911
4710
56369
33861
33347
30357
27853
70659
16324
2252
63113
86811
34610
16359
34293
40300
47332
24132
27790
76611
43861
15086
25730
1097
53255
5845
40703
95941
85034
26111
9324
66781
70230
75
16430
30116
33652
43049
80690
82435
69350
37740
41145
13247
12551
69760
55316
69131
6695
88841
42343
51570
5521
92247
47802
29453
35534
82388
99473
1322
65423
51311
28160
60305
23648
21076
9303
11235
61699
55467
63314
66322
18067
43731
37578
83432
28893
89614
30934
70782
534
19486
8473
4542
950
37069
99784
78994
81489
84474
13569
28223
22025
7494
25812
86518
89602
62463
88247
78570
99146
70717
3791
9837
1913
77797
17853
29843
75585
8664
76603
96061
64522
47193
8737
54880
17135
96199
64367
72418
25500
2779
90792
69738
25054
58020
23558
45083
68257
887
12876
18723
86961
26586
55786
80379
65736
43028
12005
17561
1581
87626
68431
72949
21473
93020
80244
23977
84312
58029
56786
12284
78358
45056
12247
89149
86153
16849
26185
12811
54956
59509
21691
82120
12503
54933
83770
59875
55194
16216
93179
65139
12201
45428
90535
34703
99765
29865
12035
24716
43883
12038
35651
54723
16203
1073
15027
84150
1986
13524
23009
24522
58944
19337
48345
68798
26710
17945
75135
68826
64393
80258
57061
94738
16140
13059
41345
72935
5474
3330
96552
20059
24207
17529
82900
82115
23040
2428
85063
2671
97630
43651
46226
26982
99676
91788
97070
46964
84526
16034
98810
60655
98498
78472
61255
54946
52122
62419
92280
94883
5740
55637
38562
57194
86652
72231
35135
72802
98339
72775
72087
14207
81490
25397
87675
85481
92374
88991
386
29932
70128
6561
52724
60375
58826
13295
83309
57093
21607
82655
61207
72311
2845
34331
74242
75977
47661
16146
53511
3033
16864
87391
36551
56525
23553
38123
42484
93425
78440
28035
16909
45939
36841
75228
87370
50046
12391
13077
5733
53892
74691
40993
72520
85777
54268
61201
56710
4505
27255
44804
53024
19174
65872
45510
26344
35959
60341
82340
8449
97561
20716
61797
72985
86340
19624
9181
41851
89736
34869
74695
96364
42280
1800
44927
22554
48998
7165
30274
94851
84414
23636
65511
6628
2534
96267
15481
8177
75710
43365
28239
3739
24389
56138
1188
76213
24147
6688
99180
86211
29235
47849
34069
45158
51064
67218
73654
19815
64433
97875
24465
23299
53029
61262
87180
46521
23961
60818
91423
82264
23663
69755
52785
70358
10045
39348
3178
80714
95270
19666
86908
69374
79912
96642
86206
61863
95957
69148
7942
55989
68025
59920
4636
90425
8531
98341
35780
71577
98334
16947
78513
71827
33781
1648
31104
34872
1174
65211
6636
7755
44728
12104
78442
40347
28194
35570
99755
59492
40700
72232
78579
79240
1689
90598
24771
8331
54740
94692
81144
71171
70672
92669
82350
34399
8055
95802
96728
71652
31331
51533
89344
16422
56139
48159
77113
90025
56197
88461
90963
64013
55711
12299
45654
87582
47560
91779
18829
46817
88170
86058
87996
73242
3145
41144
20189
41554
76516
53225
92092
82456
32443
56969
96223
8857
85996
21219
18414
31749
23810
11855
42923
44197
65233
69860
8673
44726
25492
82578
52546
25584
7797
5039
10700
30165
35252
7441
69591
69256
27431
60302
86305
53883
95035
14430
75397
38998
81647
76042
10042
12852
84629
38170
35518
7974
33061
57654
60488
39051
18043
74658
14659
91043
98856
63315
67461
37913
49241
40569
18215
73641
40341
64425
66709
19327
38200
69390
24297
49763
99023
70004
59649
52856
69820
47600
14386
89052
50749
32789
18775
85037
93132
97234
52630
57937
82714
9071
83736
6758
77792
15579
71880
40009
15632
87832
43089
92900
13685
87267
31166
42845
18241
11420
21244
13285
2756
6604
1511
97410
36901
86507
43156
75081
87251
48934
59707
19512
69206
62953
18579
13806
79527
3688
63158
86096
53783
84974
5359
76110
35082
52542
99655
65560
72036
32041
70742
15890
67250
44831
86750
66923
81656
75077
26434
69164
47580
59219
27686
14442
15859
53799
18174
17144
43242
49972
61007
56329
21197
83204
20149
2672
69882
23855
33529
25257
16697
25209
36929
21460
4921
69543
2912
42305
60492
96233
92066
81464
97690
62494
30081
30589
87031
77784
35609
38870
40444
72575
18783
92619
9457
92923
34346
3552
66648
21247
13185
10399
74678
28230
79514
45906
78276
1832
11654
84165
79923
85943
10808
35321
70265
71380
79535
7320
4848
11811
82089
19352
68461
83232
80928
53130
92546
61
55326
70794
91215
42315
68409
48569
42908
69654
20200
85361
60769
22140
62296
21089
69102
32414
40964
15237
78729
49548
54623
73767
13526
88147
14050
24028
10015
87467
92212
56843
17087
71168
43896
91782
72188
65691
51999
23474
44009
47187
78761
27493
9944
40815
64702
89769
10396
31079
4876
56880
98166
83399
95167
43858
52818
94109
99044
48595
31330
45387
55578
85543
12448
98352
26262
65364
85697
79868
27329
49766
12393
23848
50780
98895
75785
75587
56835
3804
26341
88575
65799
34641
34655
70741
92876
90241
45775
54808
80696
8631
99953
5387
59212
67119
75970
93488
60905
97520
79576
18074
16567
78574
1271
42174
86110
62818
63621
77967
11275
95071
71993
69801
20067
18995
24137
9751
27863
80079
41421
80222
66131
46565
90659
17700
67617
2108
74134
19271
41633
30314
16432
89757
59314
28920
33378
78911
66959
36486
23579
24948
87970
41801
30975
53155
28766
84521
312
48229
89324
94054
14174
64869
13068
30107
32837
28977
60910
29204
71103
73174
6110
48327
93335
14444
19080
83177
90051
29366
71094
85065
3555
45995
59523
53216
61827
88469
62309
7940
22128
18674
51507
13528
27324
41899
9502
10436
84397
38557
78240
47359
59310
66725
74933
86849
63822
90967
69852
81036
2351
7866
1301
53419
96870
55168
51468
18565
55364
45659
91637
89931
60950
39601
7593
45269
59201
32391
2904
61716
97046
2841
96124
40324
63515
96749
57160
8188
78132
52575
28798
22778
57087
98179
32722
55373
41127
64366
43746
69783
24529
19876
59876
52649
30343
305
44852
3680
93671
72497
14985
66026
33304
64178
2149
53395
61744
81243
95922
19742
5023
14415
97113
11580
38289
20700
83706
93970
83243
73903
12882
44552
89484
29299
17462
2236
31467
31210
63540
15526
98947
28600
66098
24320
29293
3474
93980
61050
58920
99729
81377
62824
88429
19215
54069
58018
46061
62132
56518
94920
12041
64421
99029
22114
48743
21066
12192
56673
21988
51248
33464
10246
75907
63992
71530
98004
5326
53910
46857
50944
31517
87737
91791
25066
14109
92235
50288
97559
24408
58129
75650
43265
50554
31226
72166
8075
15205
70524
44335
93138
96208
8626
54561
56231
2281
69761
3869
47986
73475
86934
29501
58036
98361
94069
64382
58279
39478
97178
55362
78620
41477
84764
95070
56177
73840
58871
42924
80130
47651
24870
15395
32446
60755
1267
68489
47784
5407
83008
96982
31453
72663
31830
11252
53356
88701
46760
75873
6406
37102
41564
91201
8288
64182
77568
26624
17111
99134
1272
98199
30625
21859
90215
53549
30506
898
75477
81850
44834
32150
53195
57869
66164
12458
7876
58024
83906
64199
74155
96468
5747
3796
48692
98763
86851
78852
43895
11880
49065
69077
30197
47695
71293
43710
92919
88707
6070
50227
29536
7673
73278
70503
32785
24896
62477
66155
5161
78696
36208
23511
170
80601
43053
94134
4871
86846
57833
69878
2830
67143
82919
50581
55642
92215
49112
86060
64645
8802
14035
12696
21331
7054
96965
29388
85171
70543
81896
86051
70014
3526
12638
48473
56349
75390
81930
69197
32736
47626
5009
80178
31976
98737
21306
70721
75819
34662
57271
92240
25069
33054
54292
11647
63859
64682
41809
31769
16402
91103
75553
79200
77230
73309
86234
64086
37353
26823
75013
10745
11767
88459
17153
97992
28721
70416
22724
23760
96486
87944
72668
27247
11863
48325
70761
54605
68592
71477
96062
62522
46278
32052
69685
7028
49599
72137
81067
68693
995
54901
947
60724
86454
58171
57181
55515
25229
50182
14862
46848
63100
3548
56813
3285
84860
3110
83992
53196
61086
95105
19425
37344
95064
41436
39622
61525
90383
18052
15588
28378
44444
42983
47740
98257
5050
70652
70875
52269
88503
50224
4280
69088
4045
41764
51082
67176
19780
92391
75816
27241
79567
68687
86030
71711
60683
84995
52
27571
86126
3380
24338
87919
49034
26570
31192
50154
71794
56953
78396
88190
29193
52189
4066
47383
81093
55167
4993
93782
66520
38668
74342
17537
8516
91285
41410
43811
92567
99103
47481
43140
46714
94755
63343
9531
35246
7889
33384
32444
99682
50080
4271
43450
66861
55764
51762
59810
89932
36010
20626
88270
88271
20699
59019
60572
79685
81273
44021
2159
13802
24971
70600
25020
78986
47410
55446
7918
13761
51823
87727
92971
225
70583
54342
79545
70368
31576
75701
52548
72550
10407
29534
81668
3577
35138
5133
83303
22534
99015
77616
9458
57299
63584
40329
16439
60317
32488
11071
21739
27751
30261
82363
79260
53529
56466
70422
33923
64286
56346
94478
2185
71535
52667
19493
61435
94669
31955
77372
69605
21361
37377
36161
6555
64679
43824
55865
45841
5492
31908
69994
80062
27959
37362
49908
59783
33267
49567
57476
1898
69363
45700
30964
1556
5298
64249
506
76304
30701
74108
18830
22272
82434
35573
34695
23469
29768
14196
52025
55408
44012
99547
90392
6364
35128
26876
20555
52578
49286
94089
12479
89796
71537
89443
31494
9882
64038
28930
55352
883
44146
77891
11334
44822
72292
52237
9770
55668
85203
70194
66347
1020
36412
93064
44479
29789
51163
3619
12442
14030
64423
76194
48663
29092
12050
27441
37488
76523
97905
98559
49504
3259
51122
5163
44274
67759
55811
48437
11090
48266
13643
34217
93866
42734
83082
2264
74004
1748
67087
24933
46890
50782
52224
32314
13978
93566
6608
78890
96028
93823
81266
9118
5494
65790
47526
27748
92311
46183
80263
48931
18450
21276
2057
32502
10599
57508
84219
10740
25189
75251
12887
70987
48638
1464
19497
42023
22361
13891
11891
88329
62194
97698
60333
1008
88323
60107
69362
98479
2985
61349
7399
43552
32681
55948
69479
31003
13700
74051
85175
3955
9451
68185
94846
34003
73997
61323
97013
88543
98706
43303
41645
84067
77787
43735
81741
37293
1417
24899
34165
36681
16934
93507
61288
82106
93724
98189
15572
49282
16769
40923
60125
61796
52163
79209
90764
32416
64451
41528
97080
28016
331
92839
17732
144
70844
4986
84919
74160
6607
34691
7463
65205
51419
17392
90827
29076
17443
80510
60773
81444
87644
62162
30965
5299
56694
68822
58083
22997
79135
61048
76221
7543
24247
78924
45107
15793
8484
87897
30621
50583
244
83671
60804
82460
15403
98331
43452
95875
22849
51868
63422
61140
78327
70223
58640
26077
79154
69263
53393
60054
59927
92419
18817
56734
34665
11394
94673
18551
96871
59491
50474
39765
59027
63429
54554
63069
50900
8914
16209
16368
35242
17178
11225
93728
79890
15053
16715
56554
14507
63833
11700
13477
79170
40710
48384
93053
55407
57610
87448
40890
73681
39573
48262
53586
5830
28437
67751
80909
9876
74495
85009
5716
79766
76293
1951
37580
36455
12181
51619
40393
74380
39675
60776
58835
97673
24963
51142
33315
412
7152
4532
5146
62739
26776
3510
36612
50653
20956
97625
92208
98440
73005
55655
65902
31931
51743
59767
28763
98278
82086
97165
84160
41520
85779
17112
1658
2868
399
64729
72440
35112
61948
43892
53981
44951
27093
17015
67286
96650
46913
24901
92115
12439
22921
71567
1224
7492
48518
39702
18395
93995
71495
33233
42076
45442
42939
67247
24777
57461
44044
30566
17169
56717
89127
20399
37192
91430
25266
30617
5066
21584
51802
2504
67191
88525
26141
70444
40263
37653
89320
79085
22257
90226
62883
96985
66219
74115
82910
92941
71859
24396
35510
19534
53763
3391
1618
85745
34187
24641
46250
48707
16521
96592
9786
89377
97488
81528
40742
96232
31772
17964
76668
56298
76356
4372
26615
39358
1412
49952
63524
81291
86451
24485
31641
40084
84668
33896
71316
16121
69840
48224
84191
46627
94830
78630
71467
29937
22144
60593
10638
18097
88311
14637
75401
2450
57668
60279
70886
68314
73211
97025
71645
67343
38180
85623
29560
32132
68245
20502
1448
52693
72820
86699
63573
70953
21092
87284
39740
71748
20507
70729
34883
92566
30030
65619
58522
62749
19036
8777
46352
20084
40788
25363
29024
66337
32875
12720
25771
99595
50453
96908
70175
61535
49431
98093
60184
55031
73513
3470
23656
56858
6706
41192
51189
92714
59640
35206
18785
58384
79093
21906
52143
92285
46979
44061
70490
26213
72651
22539
35743
35553
38771
8325
98510
15825
62208
49120
25383
97265
21570
54742
56530
55990
43004
17726
35085
64542
72855
17226
9356
70210
80102
91446
19471
90221
97965
26423
95394
57274
84729
87364
62105
77036
65676
87556
69357
53641
60315
26252
91063
76672
15685
31056
69436
37906
47992
70475
56180
27552
86936
49069
17562
75604
74711
72704
25742
10257
58731
37307
42846
86501
53740
60349
26740
5360
99327
57385
14520
35560
63395
82971
84504
70554
45067
74250
93097
78687
1191
94908
22039
61037
24341
10381
39660
65168
25889
4276
66601
95989
55676
82036
43733
36339
91140
23296
12136
39689
41505
70887
51336
92775
1038
83244
76439
20888
27288
3559
89404
78404
21684
45378
31529
3461
93532
58116
20310
64201
15640
20237
20981
54902
8295
34886
38571
22785
21209
81146
23097
35481
51602
80968
21775
70901
40879
16903
79950
31770
75299
92013
49344
84293
58986
27947
38664
44300
17491
23185
68695
46080
60519
16155
99805
53074
1881
83263
78797
94949
53246
35465
32292
56806
97577
96624
96608
31133
27278
5243
25080
79644
81928
15131
22721
31126
24342
85706
70180
26918
15810
43760
10427
44901
45879
66621
70527
24108
72335
83590
57811
35462
11114
41040
8222
67683
13207
25000
34684
88669
98294
7737
9543
97807
56061
97315
7968
3907
79480
71424
84154
31651
81737
2751
54438
12276
95503
41398
5809
35368
13325
56984
5577
32626
12524
58433
65128
95107
39516
19214
82543
99259
45137
79624
56120
45324
20062
78060
21901
35774
88895
92615
54882
40377
23616
4346
83702
88714
51834
64562
3496
19844
7899
51511
81727
46452
90476
96107
65958
90651
52731
72525
86940
71156
75389
33807
95855
9464
96145
27115
34565
35628
2413
96237
89476
54608
5503
85079
7140
98630
52474
73759
29628
63209
27369
20972
15694
91947
61788
88254
87674
18202
99301
93711
3772
96149
45086
65973
85680
71394
91902
10359
56547
21091
33385
57827
56758
98421
87008
56887
18527
54575
62792
94533
79259
32560
72567
42051
10345
88958
94678
11445
35918
20380
69402
2332
92603
85591
83353
38716
16846
62135
11716
89902
70246
84026
54076
53736
63128
7913
3138
61208
99140
37138
51516
90438
91821
57570
8422
42262
62240
47069
56590
64232
2256
25626
3659
60431
59193
79088
16064
66628
33460
79418
85462
51095
24534
53565
90801
31069
55399
35504
72845
89981
98627
89524
84880
19100
47391
67140
88767
73307
22242
36055
24142
43328
68272
68551
11775
25574
22549
92466
29127
78535
70656
13378
68106
69297
43671
63462
5762
1293
44232
33744
10791
42758
72646
39377
7186
93557
54978
5989
76917
39760
23992
96831
21075
3507
23152
66228
57351
35556
8732
96865
40325
29593
10271
68784
18938
44575
58713
54062
93774
45882
53243
46507
26054
78471
75024
89918
23078
3735
45979
42659
82465
442
50432
35824
54833
61040
87915
48651
79165
92149
66485
67931
2814
80065
61662
38769
31098
5947
12656
73241
31980
5620
9760
27335
81451
5136
74477
65105
6297
45294
87436
1329
54515
27723
52796
93276
17170
63001
35880
82244
23355
2815
51346
40903
58569
82862
91452
89798
79399
54802
34929
78837
40716
27572
89719
12146
93868
70730
81961
11305
32710
35816
23971
8287
6550
85399
66546
72702
22409
26986
17637
82792
67983
79537
75922
16440
78322
19997
73965
80820
37290
46582
31957
14422
32532
19728
79932
51585
18072
55176
94186
25728
22449
85364
82220
60063
20301
26593
95011
38295
51299
81012
4818
49935
22907
29805
96783
63217
50911
82348
10014
83391
94608
74246
14993
37216
57655
22566
65761
98866
90930
66119
2347
82250
41174
47138
31007
62368
4407
50644
49904
55611
53847
54253
59371
6652
49129
94392
56878
95491
15660
36713
22812
70110
84412
69000
13585
41170
95616
16563
82509
16657
29135
86691
61765
47887
22524
29103
54013
25869
36981
20571
78525
51652
2086
60684
18171
54731
45729
16633
84613
3691
70537
74163
11851
19801
62294
22831
92733
9989
86929
28840
93475
67039
74749
19396
50342
35004
4142
15851
3253
94978
34807
33167
39773
33218
80198
50217
47157
69456
45937
3703
76275
65389
21278
15625
23290
18267
98301
12909
60700
15177
3291
91577
27931
99910
69469
57579
29973
18870
81908
90998
58974
22678
11702
30926
58830
10234
96521
14631
72980
9694
93031
96594
49221
1033
52126
68833
4845
26454
80685
69684
90172
98439
68560
26695
51401
78552
24186
42024
75131
72346
21479
97469
30047
52599
42151
35395
93343
12131
29189
19650
10488
76738
83078
62923
66042
133
3346
12370
58223
76223
35455
48380
80579
32073
53329
52115
20284
74712
73852
76509
82484
82522
55729
35968
58022
13332
59900
91284
28211
64288
16382
57076
70775
27016
87775
15581
61894
20561
82273
21820
92055
53524
31345
86924
7015
76020
81813
27890
46719
25545
89840
62511
90259
69424
86670
65904
65283
25938
17447
99674
82587
20900
47529
40180
5816
79768
32756
68229
35220
94541
5456
25759
32245
53822
90369
59671
51268
24528
7102
86459
52676
68713
84510
10078
29658
92872
11707
98359
99494
46902
46000
39247
22013
93763
83523
63064
25692
74531
86118
44151
66191
83842
69695
16228
90791
14951
80341
33620
64772
74967
16878
61658
3452
91630
5372
10685
75381
89305
99834
66901
72896
47013
82344
17617
39506
85704
2548
48612
17560
63242
50320
12339
65437
56110
13183
12596
97708
84164
34060
40999
16295
95853
63608
27183
42473
5152
33085
62348
84095
23575
54641
75112
78653
4259
69809
3842
4295
21810
31680
16945
54907
1237
50984
49731
21340
90745
76525
43374
83833
67469
46386
71393
37207
60007
76328
23050
94079
79707
9297
1950
19077
42275
15253
54254
40397
17346
88624
27377
6382
47622
87312
61298
88354
82618
95298
61047
54822
95500
46731
96444
3864
39464
56004
48592
83958
31954
96317
62173
17679
29233
63382
52276
49349
61558
97460
90975
66869
27050
83991
80650
50886
58514
19167
14152
16750
92983
1184
67845
65767
62431
27085
27856
53399
54699
34549
42535
15096
34173
52964
28671
55120
25947
37147
37311
37689
4969
25137
33898
58702
76779
48880
36105
10490
38350
84780
35060
94548
61259
89342
65711
48645
66187
63294
57893
99633
76911
61872
38114
44280
63486
5405
4935
14113
44660
95088
78993
19826
41005
1235
93594
62830
40854
11904
59151
71070
34587
77432
63255
9584
69850
97256
15282
26483
88406
32114
95549
85362
52430
31179
24486
66922
67467
44567
48625
79133
18139
40353
59351
14154
544
36126
90804
51689
25723
97219
60118
29379
65226
60833
75600
92996
24940
55761
66196
96649
89003
34824
5541
24234
63683
66865
22958
16810
40845
6192
82542
77807
43056
10604
85077
27484
79343
98469
6082
32943
10161
40365
38173
91907
93858
91526
97033
48204
32776
86637
33319
97252
93049
10859
55110
21761
17210
4096
9077
36067
1433
37794
12357
77523
3609
19521
27122
72002
92443
69862
67264
40478
23164
65558
3523
17249
62758
41214
45030
37848
91748
31659
17897
21985
81624
44484
8364
87703
7213
69326
50373
67773
7280
58481
61035
59205
36380
79163
72432
43351
80006
75706
23996
91397
20845
82156
24968
4191
46702
53637
6992
93240
92499
65630
72500
14954
99234
9202
52763
14565
70136
93778
4025
8638
85584
78334
29616
97198
7884
70376
6313
2029
52235
5897
72227
29380
90570
66830
8856
61123
61961
48079
48863
90797
71072
64035
31017
16925
53560
4181
34823
12951
13424
40164
38574
49380
34607
63845
16076
90909
54661
33114
61512
73870
94080
85850
50766
42882
9785
34694
3682
48579
3331
54855
45177
2789
84357
28866
62608
45908
98648
7411
30830
59659
30543
4210
69922
76906
31421
90582
86210
70026
73678
9212
22910
71080
2651
97739
5401
20185
825
93352
45660
85371
88881
31807
22932
95435
93021
20745
78178
22653
26440
35503
18989
49255
57448
28846
86251
53336
32204
77369
87786
24592
14462
11958
25233
41055
71528
81843
15058
7359
6434
90889
88487
70845
15655
62154
97857
45272
51029
59871
6489
84593
65402
28297
16686
30307
1894
6756
31799
67510
45120
42879
85819
95322
64824
44312
22191
1144
87642
19252
53108
15244
36895
42728
16679
51338
60990
98791
27954
27170
81677
8510
41674
83
64917
83658
23229
8448
18697
57766
65617
42596
77006
39238
45404
54295
15348
2928
81730
88097
43502
36509
27852
87973
27102
24010
79800
89250
77820
83740
97473
76835
83129
56179
77401
75837
53663
44715
4475
81895
81466
84119
50881
52236
94335
2362
66971
38819
1576
69582
6998
97556
73133
66599
13217
35580
99715
6159
69501
95436
36606
78725
88592
57964
84287
51806
56266
35922
86388
64340
33997
26830
82531
71439
17512
54881
46068
48982
45770
41285
3318
30246
30302
1612
13246
38556
15471
99856
52432
16955
41374
61335
14187
1075
25660
47694
57012
49635
87884
8217
91422
52794
1218
76254
79444
29787
49992
14067
18418
96306
2924
19276
47603
73118
71840
90283
60625
670
171
8381
34164
12202
87891
5282
51974
56978
32072
94737
78393
579
54738
31738
61547
16451
82193
89025
14076
592
86555
8053
93708
18359
50786
47469
69772
77614
80824
81841
9333
863
6833
35108
21042
4318
69170
83646
56330
26944
54771
39223
4738
65252
70348
54064
84462
6475
27138
66574
28562
69728
46081
36254
76863
18628
4522
8761
94946
71726
49051
88404
65585
95924
7472
19022
75210
86137
89705
12731
17926
85454
14458
53325
58720
16891
12325
51872
30320
19232
12117
2680
39519
74248
23002
9484
41481
18969
77680
43403
35142
13456
52118
45316
46978
76815
79358
93004
38638
75371
17282
56712
34206
48026
49555
96635
5978
89223
29026
34118
47127
57238
66044
54718
22368
84375
33561
12808
5137
86323
82255
17927
46682
87400
70893
62181
61575
45270
53701
30399
96509
82802
81117
26882
4753
26312
33595
49456
70862
45122
1451
82659
46176
47195
9172
33397
10908
53418
54568
81207
86203
19222
66759
5530
39152
97929
78902
44839
53327
27839
79987
54129
71968
1718
39353
42580
88003
3713
19705
55192
97897
55361
6411
43792
54092
76192
33124
41126
92252
43495
60577
38824
86163
45806
62904
12935
84061
74288
7404
69775
45531
53068
23032
55459
1693
77418
51075
12482
17275
27058
2501
11976
61839
27485
83576
38177
30153
41366
88581
5929
19714
61419
64471
47633
77561
39244
13024
86629
74007
46324
46202
90620
76577
73709
47851
88696
36473
57487
85642
60849
15983
31832
94481
67108
60563
59526
31828
3617
19230
87382
3198
66964
49253
15752
82292
96343
80367
81353
29665
49645
78746
25017
89063
75177
60760
5028
36262
76064
51877
46076
31150
87543
64252
70325
31926
43588
54113
41072
92929
76101
37807
1058
44876
69813
13370
41297
96114
72008
29519
76806
68313
76578
19692
54401
16869
78070
53333
39729
226
9960
19202
38391
17538
4868
98794
65167
27508
87856
2262
91723
53654
85967
98364
86047
84654
347
84090
17567
72826
69249
56001
23595
57931
85270
97515
44424
59182
71452
44696
68570
9335
45685
13543
13879
41360
52544
83006
73520
80415
93247
86975
28102
32027
91065
37505
57868
12921
19236
25110
10661
74629
76096
32098
77627
82648
34639
87401
95706
77606
93924
50663
69527
93535
77690
86048
85823
65499
20674
47007
8764
40262
63142
6536
87636
8129
50602
58195
18355
71217
99142
25401
78335
81065
29879
27435
80682
18441
67993
98137
72260
14549
57558
62674
68563
2637
35371
73481
74726
39839
51653
64385
22332
71986
65145
12480
92928
51875
58326
19348
93327
45949
52767
37189
37302
18984
74956
64213
60496
15085
8598
29052
52037
10838
91049
3522
15458
46624
37465
48474
76721
20725
79718
84944
44190
11008
85783
65696
57308
54834
46309
86983
99003
74023
80322
81811
48607
28392
67406
29513
29678
59404
47236
80411
59852
41153
71753
56623
31180
13270
94111
52035
66365
21458
38364
89498
51055
23271
59096
65162
79469
8993
57051
78938
84972
11900
60942
12889
68034
7328
42748
96898
91909
47346
10568
67669
15290
74503
79630
96793
27522
48925
31536
29197
23611
94857
36476
23675
10243
74425
66736
5964
43897
75574
69385
67559
50874
42467
50025
61969
71025
90409
27341
71020
36377
45235
28644
49956
16893
89756
75075
73261
55170
29715
6906
64148
86090
90740
99651
28729
59858
60980
45994
76674
14577
28384
58979
5040
15863
63163
12906
6028
20068
14802
36070
11593
58500
86573
250
36584
21032
72428
73000
91066
65515
12383
77130
37948
48002
31557
91021
52479
52442
46090
15553
37905
49771
84661
63332
26994
63193
99139
74403
81687
46769
90289
9585
88375
69146
76877
54701
73616
92987
78207
28527
9377
12329
17863
95786
9465
52120
31322
45193
11048
24844
97617
4126
38366
28459
27024
57202
6597
18106
34504
29862
52881
94514
91208
33656
58649
28885
65521
23224
84775
55862
19169
84184
37130
71828
32429
20929
75757
96838
46537
11316
84516
75853
72043
77750
79618
68195
31292
93677
82952
14330
49040
58801
49239
81891
20532
65693
94744
48517
43945
89141
2745
99817
15876
12213
49061
78483
63552
37826
11829
19210
59279
99905
40653
74410
27996
98638
66414
3814
29121
71319
50405
92301
53415
26059
92845
12491
75896
95987
76089
57020
57932
65593
2839
50884
86823
75865
74860
72282
88208
97589
29059
29494
62955
1679
84572
47105
55720
50699
21334
91400
63186
74694
65720
10975
50421
76986
94900
42704
99874
86128
8464
54609
53649
63616
46509
17988
71513
48511
98634
65930
23976
67818
9480
47217
59210
73931
18070
4410
84004
55996
80440
74226
5434
6658
25555
32794
24726
72309
75999
65671
24618
4175
35338
41417
34308
22923
50753
69659
84851
14139
88617
41834
26435
41547
56697
99819
44603
89154
67707
94613
8231
52060
49586
56580
28733
59252
1692
80324
58515
36470
66177
91888
83667
49836
18967
80972
78100
9361
64292
84992
29034
77512
3809
47048
86608
72498
58046
88565
45420
63932
85345
64887
79303
30075
54975
88110
58942
31616
67173
70393
75478
14393
47163
81980
53702
8012
92405
4510
61966
62654
55907
33697
15347
56164
12980
52109
96358
16425
57355
37382
45411
26327
98558
68088
80265
7039
88873
50310
61762
39629
84431
44608
43466
26897
75219
85683
59433
57532
60670
86201
52453
68825
36260
15486
52900
86747
95149
8877
5278
99578
64561
96821
92922
91288
66604
70651
81863
53121
53378
61468
41353
63958
63909
49631
80463
35637
3088
47263
49304
90035
37287
48237
60147
6419
36940
84460
44055
51568
51893
76678
42531
9846
38741
73157
84245
80306
12483
10960
61263
7520
90443
45214
37000
69929
73068
46808
83304
57605
89685
45136
49232
80336
68522
69018
65727
22485
33552
68276
81531
88745
6068
9809
26110
3256
75448
51028
4203
26037
22574
51522
17114
43780
29143
49175
58422
15288
36196
92678
8407
9629
31563
6990
67888
52182
50994
75762
93207
30412
28845
37833
73018
17464
72657
17281
22155
30547
39524
14611
30776
77763
78457
83013
57050
47699
96427
40129
93094
89017
6485
54888
77499
70999
54015
76947
52411
15635
5251
89562
72230
41521
68844
99949
82184
90508
85334
66503
48429
46948
4391
16812
81847
42914
21178
9099
31718
4329
85130
3877
31295
67994
20024
24456
27219
73403
77167
78398
21654
75425
85534
5307
7270
78763
20569
42397
73937
97774
44291
86338
20581
4800
45093
58045
84203
6584
91576
43186
44993
41624
85527
23925
80192
48678
9649
95694
46474
61063
75239
19621
99167
57388
36945
8686
36672
48908
9395
17025
87523
49777
6144
25821
64246
28015
14247
25462
74628
12827
15455
49081
63923
16647
42140
52319
31137
21477
65075
98612
53004
8608
60568
51929
3205
3486
18706
37815
14200
3699
91098
60224
19999
81220
21269
42235
2041
52985
84277
96515
87459
8171
6102
96453
27027
90818
56452
60558
32752
17298
15618
60923
31124
67454
83390
86195
76139
41497
37175
58067
59740
85522
98248
35739
49358
44462
58456
15867
41619
55277
46424
96835
36710
1260
92509
94660
62946
49037
56553
80590
25611
32590
25060
50164
49529
24922
22461
67391
25059
69186
51229
77279
49940
71844
65113
64317
26790
91060
41961
83775
37494
50736
96656
83520
52112
59615
28111
82558
78650
99788
23564
1245
83382
19141
1463
69255
23881
19012
65616
45321
29640
40592
34382
77058
48034
5950
59963
14071
55654
61188
57624
65106
69577
57734
50929
75392
93714
43905
87506
80187
74964
30545
45925
79783
81751
10774
35717
31383
72217
44540
72165
42887
19406
16355
20339
24757
63783
93901
32427
29093
45479
45280
56707
13988
79854
42546
70022
50021
38805
91006
881
38806
67846
83794
13883
24833
81063
38859
65974
44434
97246
96868
93839
62748
37658
78153
91619
28510
68473
78470
91099
99344
46237
33275
874
90352
5001
53999
89014
15321
62652
26290
11063
4557
54054
86094
53019
60446
58887
61049
35454
70196
37390
26384
7646
90013
89896
4689
7541
48505
4079
17701
80267
33081
53385
46026
28106
77025
17318
69364
62531
83679
61663
76104
26243
47150
19430
967
40140
17415
82000
23617
21819
12624
37649
30773
20305
10585
82099
49153
89515
812
41576
50964
10035
81503
95123
17211
14543
9938
72947
23041
68541
60816
57226
73315
6253
1396
85008
90873
11590
78324
6675
26821
38727
74615
36835
6120
86780
59812
61521
71398
80041
56860
49412
10121
82769
41385
44604
47898
68986
67636
94674
40558
74906
91833
86192
40213
63796
893
92302
23315
84117
29316
7250
44770
88920
51916
92277
5257
64745
74565
25872
71323
758
66920
61825
73104
30638
34859
29421
82709
46041
44595
8565
37991
21157
9111
16760
54550
42987
59975
40818
26669
48493
45191
13095
75972
48312
20190
63057
64797
49421
96429
2984
8592
63894
62978
49279
95037
25989
29594
9223
69985
17715
71975
64631
39074
19743
55278
56290
70711
32300
8980
19571
42986
57466
12532
73314
68246
23609
76670
76544
33846
39480
53894
54844
48274
2272
40032
49070
85184
82526
84623
46532
20556
7594
71138
53451
29868
2234
5077
15631
60956
15039
89573
74196
59695
92527
30868
80718
72695
51273
28118
64353
29506
11158
51556
16401
15854
16367
89463
41914
70542
62127
2287
88196
41666
868
80139
54248
99492
43086
13173
49961
27252
72734
457
62935
77248
57818
97880
7400
57290
64281
82335
69391
52562
78236
35773
75085
47123
54433
40417
16605
33801
61775
20584
78859
4847
4656
97404
35030
18280
45554
50199
75045
33272
84565
56041
21672
43857
18779
45059
81439
91677
112
67027
94709
76527
89490
48426
4037
4285
78639
95783
15764
82870
77815
95811
21770
61804
31044
61661
36454
68805
3985
30263
81817
7681
8978
52902
68782
82890
44375
18903
25162
92697
20819
16044
90657
81372
69494
1854
88861
17543
80020
35420
5192
53810
53807
85344
41502
7750
77163
74570
31076
15658
25176
92799
53626
27835
11537
85045
20162
76135
13979
57762
91837
24651
94163
57334
93039
78692
85658
2004
43102
64962
51360
6994
39783
83937
88430
18005
91505
27491
56490
91091
58059
94466
94971
61177
39719
73912
69452
15404
28000
22629
56993
86515
31136
71457
73179
18703
18425
24336
79076
44985
75070
34332
73832
9032
7471
72254
73727
67738
71313
31542
9978
36619
42665
45990
40044
23899
27788
68966
84355
49003
18296
48566
24503
82091
46850
53873
46247
17610
74039
18198
55262
12189
48572
61100
48951
65601
60433
48810
88611
42759
9726
10967
29226
46158
44589
73215
68061
55609
64151
12709
26811
51466
29819
75561
9690
96399
67412
53282
98437
72016
49700
58441
39324
50113
68169
17677
46210
73795
27293
57659
20512
87093
12203
43370
5749
79242
64664
96257
85960
95038
89650
9385
54463
89313
350
14598
57353
42007
20650
67233
2466
38117
7476
43540
98722
32359
99009
89206
77162
18302
56406
68935
61630
10611
85525
82584
12857
70855
75187
71334
93134
94574
25379
14121
81415
42565
29158
76876
37420
26546
11764
52078
51136
64283
3897
22553
45291
8146
10584
23890
25169
76381
58001
5915
59057
69939
1510
91420
60754
25843
56247
9955
45608
37018
12805
90079
41045
20908
43585
72065
10303
96017
60119
78947
59435
59487
71014
34241
13363
28618
66538
44630
30754
73958
27760
33151
3356
46239
30259
99929
56857
10813
59227
8362
10103
84978
74512
69667
88159
19266
53603
993
17381
61579
57120
88810
40281
73277
68346
34400
57031
90509
94775
28529
69143
44966
42766
48864
52710
23541
2776
32482
47255
46182
76310
74974
46615
63289
70029
22434
19385
55150
11209
25695
63927
52057
34383
28442
39986
69688
12943
8903
40504
11391
47170
19357
42236
37457
92398
97635
20625
40185
68530
33700
87143
23417
89269
96201
42445
43057
68758
64733
51220
25065
1976
63464
1231
58859
55532
80056
41076
41052
3489
96205
25981
53698
8308
77596
94801
10415
73801
45487
24067
55320
42613
23171
72315
53094
45081
90683
89815
5221
82617
69559
77574
17229
93057
94143
82311
91949
44455
77685
23903
17870
9000
50703
9984
98466
1226
64543
97582
17321
84553
71623
1505
57079
246
86224
68664
67248
86494
19567
637
91266
13814
59132
39166
82882
29829
97885
41827
43755
54507
61321
9345
54388
98980
26782
80474
72200
77424
52874
54803
36203
26095
46510
26844
30697
29961
46652
38555
63517
1319
10962
85377
49046
55322
5085
66385
74162
75222
78
10138
82817
13380
79113
85686
59969
77000
85694
63189
2328
17012
66384
43022
1611
64436
52307
90707
27213
22445
94945
92059
95095
4442
18495
27894
240
81282
21763
39293
43864
32920
96117
53901
70404
88860
88074
26461
96258
48136
23854
51506
54407
10710
7395
22601
81911
26916
32886
67528
79115
23022
69138
92962
30014
6188
53383
5344
81077
84336
16881
31285
97689
17881
41777
69283
42407
84173
39137
63400
40892
83396
49320
4476
7427
56513
10151
44174
54727
64747
81897
26534
37345
7402
19161
69585
46017
1015
19871
81248
53765
71795
81998
51759
29091
47881
32018
87947
20095
1253
87664
95396
31380
41253
39361
83935
50660
5702
65795
55148
33601
33829
33836
25595
48824
94060
89832
75031
90177
26492
96765
46677
61416
85763
62932
36515
89986
65369
7800
22550
68977
80018
96979
25435
83800
65084
76536
89137
43579
64050
85606
94274
68445
73579
75004
62436
33594
55630
31986
15023
72174
310
8352
16870
15969
76533
47673
12160
40606
60017
30389
25925
57303
36255
78181
54229
54247
71118
81511
13517
51579
62847
61427
4139
57345
40877
65796
85592
49947
23311
81964
14243
13120
32417
15301
22684
59545
57222
36130
46315
61143
69486
26721
41612
75868
94804
59872
70624
57593
2854
35129
67573
45009
77429
13147
2813
18794
97605
57697
12401
58055
4962
84571
67632
67910
86376
89904
12405
65535
47103
82867
61386
25713
57373
70448
72878
23681
11495
19959
6817
12748
43530
13922
93468
78208
61727
22803
13154
12694
43539
96574
14674
66260
18384
39047
60529
82071
49660
31406
78401
6745
20356
27719
99968
5500
4431
54836
13839
50020
1447
22077
78586
4725
55130
36123
88918
56867
45893
78563
81434
94348
53516
76494
63309
71267
34153
3845
47265
60550
28748
30588
64088
11451
60543
74234
94101
13109
98389
56836
584
76452
5107
67729
34944
25129
28456
71333
37483
45743
3140
57117
89082
34095
61755
39191
54920
33523
74256
17793
49346
6538
8040
10036
31112
55525
29104
15536
8282
40566
71824
20567
66265
46435
66194
85196
83386
49721
21059
46367
96873
10863
31582
28996
5883
44240
65068
93829
31788
15654
43314
89481
3742
42276
37562
55738
25043
84722
39287
76079
39202
79266
372
71397
12348
11978
92921
54562
6736
70859
6265
43939
92436
30162
63075
48440
20652
67116
84605
5681
13942
85588
54804
63094
67477
71170
4279
74621
28147
14090
19417
28018
92692
17725
90510
37720
37195
24163
78771
35887
66525
77916
68595
95356
38083
33297
4263
52353
38316
92289
83946
561
65606
37721
88130
71557
80616
4627
5865
18350
27120
880
33820
26853
68647
58010
8716
86089
42271
26696
73807
7501
82095
26540
75250
99194
36927
70103
34436
72684
20952
71024
55679
42009
84824
9047
86043
77544
24200
63396
63721
11174
87152
98285
90202
8335
11794
39055
43782
3567
38267
24148
75367
20420
62434
34776
904
3987
21800
10309
64400
9604
33541
35883
97534
81021
29215
31214
44490
57295
90048
47672
14711
46496
97973
14341
14493
47579
27893
45043
61973
21585
99811
52695
99470
54141
92690
50275
9201
38621
63119
35926
85687
27142
85655
66
52465
58239
9140
32810
95201
80659
77292
83572
3212
42458
34077
63760
92226
27214
76936
15214
52605
67849
94035
26732
20838
26827
44582
50515
1294
40162
68688
10829
51951
1877
16996
75290
50357
28026
90147
14184
14368
19503
96234
82550
17057
40868
44204
48633
33337
9351
37646
32690
28232
81402
18036
50839
10728
87609
85969
63951
24743
98483
1453
52440
96370
36624
13864
36752
30423
86098
27136
88032
76435
70343
27220
92376
19075
41012
58003
16250
52172
3939
31803
76240
15116
53086
6701
86145
60376
73754
87417
66432
79604
19144
80362
7158
84964
10047
13959
27283
82883
53647
79492
90478
91011
28006
50076
53488
40555
84065
21403
86625
6440
87007
75054
43055
49595
13953
30069
26981
58398
32799
35716
41051
17406
99710
14647
4044
29318
41177
38092
80495
12045
79575
58577
94591
368
26911
68649
48825
55506
98097
50211
71415
86679
20345
94345
91376
21976
3284
61607
95254
53550
22275
23807
45474
18945
13961
88524
31401
13349
99565
56750
76644
40623
10807
97730
64873
87860
31589
96530
76822
28493
68727
19949
10362
31403
34294
5210
57970
4290
53334
54024
24404
68868
6797
67944
99200
11410
71486
78310
95048
77998
94993
10178
50198
61990
31377
63365
80145
21649
19212
87114
61977
43340
18904
6645
46786
51754
32964
11673
38138
32721
60994
50209
84227
24419
23915
57949
54683
41258
49526
94642
3769
8540
24894
5104
63277
53660
44926
93280
25070
7192
42538
78583
12513
85125
36725
52857
48144
3014
49059
9065
56439
79723
27775
64573
18566
64847
719
14308
77825
20376
736
31294
25903
35590
71331
68650
17750
46871
53838
40207
15542
8837
91535
9147
61362
22588
72901
86336
85565
33294
68273
30942
30100
42825
32063
96632
72378
77384
78017
82083
29133
16717
11122
76869
24268
82393
96046
52140
86400
81362
10872
72084
44451
52545
385
50273
95317
43046
92758
7308
53582
8639
19188
78550
80087
20263
25731
72314
39090
97593
83721
20336
119
64422
66101
22348
63863
41993
70070
78690
47438
48919
66748
9676
60061
22278
34928
23937
81290
34879
50044
5427
88343
31779
37990
59926
18931
39403
50597
32512
81307
40447
22868
75400
41289
59336
55195
60677
81116
21185
6128
50615
79991
77397
67872
51922
99830
39323
13186
77729
42414
93145
60353
63267
83071
92668
81842
52668
79472
32878
88586
39450
45740
75707
33143
9143
65164
34813
20435
21561
44661
86761
20461
24598
68752
84789
47513
96964
49651
27194
99957
3749
59800
25513
69611
54317
48567
86383
80176
21541
40130
90152
94237
77408
64557
8609
6453
38910
36753
46453
21315
68526
99537
60713
69902
35864
84950
65041
16070
47831
21159
62648
35751
16428
48654
8791
99040
21552
94279
99858
26116
29686
62062
77720
58346
97813
13708
57566
55188
46587
35311
87258
51708
40689
11364
9590
2661
86084
12053
68919
65328
44762
65964
73890
3495
27472
22919
5966
73125
87014
26525
67891
8889
86012
28981
42935
91053
34356
68175
95411
16774
89311
29369
76314
83750
67539
50064
64244
84155
44880
96543
93605
31611
24869
80989
629
71890
49759
66951
67702
79061
98287
90785
94638
27489
60921
1302
95846
12783
67672
30752
4130
47062
76817
18016
71021
59273
32189
37515
54175
13665
22068
40525
79352
90987
77914
39650
3606
20922
91318
31570
59041
9557
95311
57923
77452
77375
60829
29942
12768
52433
72517
50721
38962
33748
46940
48831
7521
72052
19091
84183
53427
13833
14568
58115
48906
98966
40945
18105
66754
10951
94648
82006
91742
59895
1944
24218
45482
51583
97322
99028
94057
1673
95798
54439
15573
17959
7579
7012
13744
11018
10683
4782
52526
30417
84905
92609
60468
25335
59173
75696
70264
18471
43619
2706
62649
8122
92970
94545
11894
30950
91255
87625
76914
35374
29828
39414
90660
90684
33239
52771
18027
77662
43283
27976
31435
81861
32023
94102
18878
36611
73985
66989
50172
21093
75435
18886
11189
94193
70811
70760
31416
58459
18179
10734
1128
87033
77483
63027
52221
90328
28847
4712
86595
35854
87765
64094
54943
95122
29748
99334
35666
59071
39671
35109
36946
89203
76317
21523
16331
61429
94615
48989
85490
52691
71031
36037
58152
93272
84823
68394
65680
17235
72420
64419
53997
26932
91122
80567
47315
46980
21755
335
38693
13789
31983
54469
61828
22641
49747
54311
85963
92644
7793
61679
15576
26217
7318
39938
60614
36484
32370
61218
41024
47098
70104
73919
31400
99879
55090
13273
97631
25942
89574
18266
7992
3977
44706
94658
7049
59855
30710
9958
43794
50817
8888
98258
13198
83840
4887
52871
56447
43702
41867
65848
6176
13158
39562
15013
17755
48060
18758
96637
23929
73457
28959
99661
29905
70468
31470
58401
89158
25044
64485
33057
21999
62409
86504
85643
12060
32976
10157
7131
66658
35497
98247
78339
1880
32587
55044
12944
91502
4082
14016
73796
98910
61485
74142
31423
18195
8665
43641
17064
20260
4321
28273
50218
33736
10522
63597
2315
34072
26093
59264
60832
3592
73128
80743
58511
28909
52760
4911
96313
62244
51993
22850
48185
14871
30750
71979
87653
10804
21515
99779
18810
18095
53744
83208
22649
6279
43212
84652
65326
77556
68420
96475
49546
48639
23781
29773
59683
86071
95485
76597
75929
96988
26592
75340
99685
27873
61702
17132
75232
29700
43777
57630
85754
73602
87849
22236
55699
89946
4075
59309
80349
29736
22206
11242
82205
86660
26976
45823
67670
82110
30455
32709
76004
6058
17796
83273
82912
27555
71318
92659
67833
7194
88818
84910
70551
21393
19191
47225
74741
94321
44893
38992
2468
67004
12763
84422
95073
26118
27481
77960
12559
61247
80011
59625
63434
12400
47716
93615
28897
60417
51390
53244
30860
27530
74459
73042
62347
56644
38724
3768
28108
86982
60843
29305
88643
21879
59292
18197
81075
50359
45429
52587
35681
509
12008
78064
12740
69281
67761
33133
29168
95289
85574
7994
38047
50840
30877
41966
56631
78188
40256
44845
98952
34933
5789
44361
8756
37535
29164
12833
39523
69624
63952
33722
94148
82462
10478
76307
72931
78648
43642
73896
36743
65223
66593
27397
35513
45027
72883
41215
91095
64387
94400
27583
55343
27631
10801
16027
19401
91501
30250
84491
79198
19103
21005
19110
6454
97020
15857
41433
17067
80785
29273
88521
58536
94429
62453
20903
74679
57268
62284
90572
85189
29430
95225
43506
23093
36839
98939
39966
59289
86792
40991
10010
46803
62353
30058
5556
30035
80874
98806
13823
4424
5586
46880
26799
96154
32053
67954
25885
34155
7509
11547
1921
22953
61898
8436
11532
6821
38005
98266
12279
5673
41375
42394
78451
20105
3311
97835
70330
85066
8902
15432
99878
8280
24434
25734
36555
39061
55276
88211
22719
95216
12020
93337
47283
48337
12
81846
31393
83514
45772
83979
36807
26640
82093
96916
23310
37528
68812
81196
44194
62506
20959
90691
24155
33382
22414
5559
26364
71137
19063
7811
21040
55405
14762
37519
2483
99970
81473
17826
38560
31816
12185
98723
60817
43745
68279
49394
16826
36348
32769
46363
19400
95681
22905
75910
90057
84128
58396
38482
10922
37094
90333
15011
93194
66616
42507
80165
56062
70778
33336
46384
98876
17416
91926
51503
50918
82906
76821
67237
64450
29477
75704
2529
24526
47425
76777
96090
44787
28366
41857
42514
20426
352
15473
94144
94477
26579
6296
30398
66452
85676
90552
54911
75664
24492
67921
67827
3979
94687
54498
83069
5102
65007
1970
63480
11003
55962
72505
77884
1169
18109
62110
22322
10423
4918
42793
90364
18756
89898
99145
63617
53693
17814
47356
10349
31323
5453
58211
62012
44907
47650
82719
25690
42816
21321
9764
763
55892
70497
12719
15667
60616
60097
63844
55434
51876
79969
36603
42876
76003
55597
76837
42985
72568
28591
58559
98636
56964
87078
74243
56983
83939
79293
48333
34482
18390
70409
10508
55450
7751
37844
15722
69044
59047
65175
80772
75073
98438
55398
39646
86204
24532
73129
90688
85289
17934
12103
52324
85273
29882
56760
83622
34393
96848
15082
88758
45443
77234
99367
3254
73032
52436
87269
66890
63986
94023
82342
90159
60767
29177
60021
90738
6752
13741
76656
74750
51398
95878
81479
13435
47143
14624
60397
35434
6379
66296
22056
1274
53275
87907
16758
50823
77274
97472
46325
80151
66233
74904
78292
59897
88555
37885
68198
5451
92424
7613
31277
96892
67064
40062
63038
63787
87905
77151
54134
64808
13910
19878
31315
76399
66139
95936
25387
30825
18155
18537
25154
91431
52062
44176
19710
64618
38129
55871
40976
15925
35979
761
54610
40764
9919
4114
97845
39106
32074
945
70436
88029
96758
87571
42493
51123
11156
79756
91466
58199
208
94370
37681
96419
84705
99188
97388
78901
56292
87040
62430
11514
89530
52196
95454
49411
14045
87547
25524
25914
20954
96972
82400
778
86314
42050
45923
82708
12372
2179
53178
94341
53274
42487
69112
94809
73726
10402
40810
74041
34005
83002
15394
70751
84008
58805
36000
39636
80797
33145
30855
10779
74540
54353
95773
92497
23490
49076
77965
24451
156
54678
33630
36330
15089
37440
65811
41957
34421
64234
7826
59577
79055
88984
80818
1138
38524
43341
55118
54245
1461
10312
19101
34947
95817
88597
40876
90112
87848
81424
97463
6639
78399
19170
93570
16347
85511
86241
78042
97967
17520
50746
42102
23573
81022
14992
98759
58802
24842
78414
25814
49632
74689
9858
11921
49957
96657
69220
51523
13854
1247
7839
17551
72772
7229
98375
62396
76111
22826
61042
2963
43592
9055
97377
74470
40719
40438
22683
87923
14046
3268
14664
80799
24143
97682
27474
27570
87649
54147
99724
43021
23401
79318
67760
27829
20944
66178
69931
8010
14271
31176
832
15756
59774
65025
79614
39250
63383
61768
96215
14700
51982
85578
27199
89812
89549
462
55491
93382
46199
85550
42329
34642
52383
65049
58127
54172
68604
51076
17968
87491
90191
36188
4727
90564
91211
78825
79267
33228
96880
24435
85107
52974
46975
32572
4530
54075
59185
51397
87487
76690
95234
6973
12724
91131
63709
28375
82782
21995
83481
17747
43521
39232
91983
41486
65042
14265
67524
26266
6436
59394
91550
81469
13294
61070
73066
34680
68842
38331
86540
48814
13696
41991
52370
42536
76088
4661
87117
83291
11886
66429
23453
76402
4583
54620
7812
64373
74953
80350
83521
64599
98829
67321
74796
37744
34152
78148
3888
97163
32693
44116
75818
62836
58895
66484
54087
45754
48801
42222
26896
12674
72121
26672
50917
31042
72743
67273
2827
78980
29404
84179
29201
51554
88748
60047
41843
89462
96029
20401
22421
54835
87702
44757
18790
95627
27295
25026
91786
16365
56647
5015
87535
84044
89408
91096
23134
77037
71339
6617
1234
43198
18553
27242
95672
6869
63875
81591
94716
1499
86503
42417
58687
861
6934
29210
6021
41382
40202
57287
26530
15662
84659
91881
15700
69636
84536
32015
33020
49096
56234
23477
7883
41310
78514
12187
11653
35691
82130
71739
51493
68648
95622
30293
91705
45493
80452
67236
10224
48887
28683
25391
32602
11715
47114
9035
15356
32534
6716
50696
4974
31609
26872
93976
64347
7959
55685
29934
28431
93531
57865
75179
13006
10909
5969
37977
50311
33088
69474
67309
2345
66271
37076
81627
20070
66144
51015
68862
89150
13243
85478
8430
50868
92385
21757
74866
19089
81119
26067
26212
90767
30084
71329
32881
56784
5020
93871
30349
876
89335
77410
4886
95996
98177
3377
58792
44934
12344
85980
20614
43101
76515
37508
48500
85811
93298
20537
93914
45904
27920
41322
78600
65595
42729
42272
42587
29304
23821
4743
38468
59706
8338
29735
67141
23244
40471
4865
93038
58452
94271
10026
89741
51765
96139
70000
7147
72856
65021
10100
92229
91316
99696
26339
9801
86055
89726
39017
59275
93291
12937
33442
87982
44268
49273
16747
24284
10514
50168
88231
57852
21095
38122
14421
38010
13501
29781
90725
33638
98267
50463
4846
11060
94868
29257
59884
12500
88815
61406
37593
39510
25852
91227
94389
48875
52602
56155
96589
6743
12520
78519
66856
98753
68851
34977
76015
73480
51928
69485
9535
82415
90023
92718
96128
66611
35861
2419
2948
81241
86601
76063
72676
70344
46838
87363
26000
3593
55038
37381
37080
60521
31741
88546
56383
60586
80073
44615
73702
23031
14358
69041
540
27505
36104
89707
98353
87218
5957
37057
26807
48915
9985
96356
1590
82598
43315
94108
36382
28484
46581
55799
2122
46703
72134
36299
13697
77738
59606
93548
22295
63763
31451
18952
81771
62543
26033
95665
58397
423
47173
2878
31534
46483
63955
28386
91149
64899
60493
59648
84348
99895
75146
34282
71376
8316
44817
17736
89363
95918
38810
61405
4223
68839
16480
452
38619
57094
38840
81983
67200
58150
44879
21480
43024
62486
7177
12058
27787
25339
43037
69588
41519
1632
59066
9743
52356
90204
71254
91147
83405
32645
47021
68402
55420
21841
30702
11546
10259
14558
74128
85904
41767
33190
47292
64538
74843
53076
37267
18238
35677
6004
61895
96857
72034
59461
17939
60230
55744
62006
89032
88454
46656
53569
4158
70727
9250
34625
6464
62067
86006
9993
79534
53784
25453
78717
26928
72244
19515
20485
47709
8174
82391
53023
17837
96460
60477
25142
34630
4473
1393
57114
21605
69129
71489
99353
70057
84328
49733
64473
47229
67010
9895
11262
84045
50575
48444
39458
79633
44074
11831
12387
81562
22862
42189
44896
17774
17061
87137
85906
21504
18563
74847
42157
14097
26090
66471
98092
78773
76913
94498
78963
57336
91732
51558
84858
48397
24395
83801
6053
23157
59395
99923
87367
80030
17909
95904
30845
94789
99569
73539
46417
14070
40661
12874
27946
76159
66596
20210
39329
99627
63690
45547
89926
81849
45339
46710
57819
92079
59067
28670
6824
16274
10748
60507
88505
70023
93814
13483
23578
36420
74834
53091
9727
54003
74649
54659
71787
97026
40674
19540
47521
87250
78193
57877
65184
37882
74545
62426
75417
55378
28559
25849
52844
60227
94234
6803
89864
54478
88825
59636
6502
9237
27191
75372
7390
77586
67498
65093
9777
10775
91674
80988
30451
35953
3576
54355
76162
4588
32163
11587
72816
38274
62190
86850
48163
56515
3770
25568
39300
47488
82354
56669
19525
3727
53858
87003
39302
65271
87200
54305
26766
28215
8786
8185
61397
57764
54754
50635
93625
18040
34571
22703
87701
30469
88865
22502
82604
79286
619
67118
91251
32264
694
79496
48155
25213
56446
58861
43819
58052
72487
41288
29194
6124
42471
38128
9056
2245
30355
80711
71466
15026
69814
52540
95004
92712
96806
57095
86011
59125
26363
62985
82949
67923
10394
69318
46696
91335
12235
36504
72627
44512
21568
32194
12278
17009
3575
92099
89891
47947
59756
3654
37782
69351
18216
32957
84604
26698
2218
92121
8816
44238
57878
92827
81505
90918
84182
327
99204
1828
11152
92110
46079
4720
43677
63649
83594
44481
17102
72468
73130
97518
49072
69890
85028
98527
53719
80724
93794
16102
82122
93960
30497
15340
33671
60948
5546
75176
38233
85691
31398
31412
86547
4127
19133
23726
48396
14314
98039
86499
673
94753
47972
76580
7377
11326
6060
24449
15669
83041
58343
39490
50837
78652
51007
64783
69475
47097
9230
79313
53256
23923
46149
95078
29147
38815
43609
57318
70564
304
29694
51756
82145
21454
81696
17974
66239
33992
45446
1607
58362
3215
50682
15084
37001
98169
83322
81518
43237
99752
60210
28638
94416
24770
12244
32077
3243
12527
62109
3366
49922
70063
60640
6277
16458
4132
9508
26172
12636
35835
23138
68643
25160
29691
99761
55281
49080
73634
71051
5215
256
88090
30556
47797
94277
58688
67047
47206
83278
17508
4071
78357
30678
87111
81563
33112
29047
35166
18504
46704
55527
65520
23400
54071
90897
76954
97499
88651
44221
25586
93370
65385
39236
59271
20907
99284
95791
31049
9038
78217
600
3962
58657
36716
42839
6088
2095
94012
86121
28842
8532
96960
53844
51781
30713
9653
47211
6284
36947
91000
52271
55022
66226
56770
41942
69111
8479
93347
57471
19292
47879
5211
91168
36751
94625
94504
63771
48178
15345
51146
57687
85417
71970
97129
73293
11223
65694
8267
82427
68621
11118
34936
32784
56154
58571
27384
60943
61065
44101
26520
77186
67318
74589
77077
6857
21844
15044
88062
70526
499
23398
79420
63025
60454
40853
20506
24369
95763
51144
5455
2411
11899
10642
57733
54352
5916
48114
36586
25278
23799
885
44783
66556
5471
3348
99792
41649
42375
54987
45117
54131
24682
71062
44744
69811
35498
41307
79603
92688
3487
3194
21400
12346
14743
52342
1625
8568
17523
115
9110
5593
89516
22477
20349
1804
18876
88703
82828
43932
72716
45675
15445
88467
94158
68793
50651
77622
97903
5179
92581
9394
61508
83657
23249
34851
36996
18575
79887
4268
57027
26795
65446
74755
95954
97883
86150
28032
26596
65685
97226
43834
66877
45539
56421
54766
71340
86745
25778
77407
14051
78955
3281
72203
36543
83944
85858
66866
52359
98038
37565
53117
61017
60458
19923
4858
64314
93679
94024
81816
43394
13871
15608
84445
61172
81979
5850
86266
82136
94223
8186
35873
59684
81746
92
50004
49951
48552
8832
8675
62021
28068
33543
16804
28816
14509
28262
73387
38156
54750
24891
40240
94772
21166
85864
88864
39289
51587
60627
25842
30048
61264
74006
23230
49056
97424
87024
32439
76559
90085
17143
83443
726
45680
39908
63109
62848
97873
28193
78860
47414
73869
83219
24368
66513
68667
1796
17177
76594
98484
14966
11975
91708
10092
82727
92189
96700
40367
95652
45730
57198
21262
32499
3447
79077
67843
7259
11814
90220
36620
17908
79123
64237
98844
87172
99060
89083
71044
6699
90101
33627
28202
76966
43947
52664
9850
32995
77457
99389
75096
10998
95735
20419
59238
84887
4561
79519
93131
80439
85146
5953
62467
3642
10552
19816
55957
85988
23512
12263
25668
6573
21168
19155
57156
69193
21666
44334
72940
62265
32872
71980
89181
39404
45695
7127
55949
83138
28027
72762
32343
42656
55097
31328
36028
27195
26772
68310
12123
63250
23813
44493
7960
62168
22789
35224
97349
32959
52556
9678
2201
46756
47771
38060
47274
84817
72601
86436
24734
6456
11403
50662
69797
30822
62826
72761
19251
84660
40523
44314
90405
51810
33283
20491
3147
52805
37306
85255
39533
96757
47178
38135
45164
66436
35324
58438
49250
76919
84674
66841
42224
73621
45198
77897
62185
39896
4485
66247
58079
41372
11099
26898
44702
10784
80589
98944
75307
15974
3206
77503
70969
87687
93314
71210
89334
20811
45780
6839
65461
90148
37520
99222
68311
50190
46917
80538
62303
57723
76851
60968
93112
66656
84019
42150
91531
80425
27289
3365
47515
30227
34143
12037
39350
38712
21593
79330
86716
72461
58094
21375
66132
9663
86074
20669
1946
59065
41317
45223
23013
84532
4980
20511
71258
56528
81350
4443
21979
5274
99154
44815
37890
19093
26205
43223
64206
88925
57872
42020
39138
15330
3637
49209
36547
55153
39792
29265
36596
70093
850
55600
98427
16907
31577
18766
44905
90848
97401
4487
29690
95143
12707
63723
608
2883
47231
14579
62587
20338
78269
14496
23801
84799
14758
56332
73536
54596
25271
96625
69068
83889
8915
12433
68383
19259
49193
27579
72336
13051
66272
25431
65715
55256
6884
45042
24609
39575
57802
16490
52288
21956
98590
28226
39168
2435
66545
86276
76491
55618
7179
59018
44500
79580
48276
67073
66540
8771
48904
50626
55323
96919
16005
80885
47718
26620
20901
46783
94495
15887
8283
85716
45514
76467
53191
59791
13506
93446
49356
74851
5594
5018
98949
55159
19309
11307
12961
87278
776
58352
26420
60360
75033
68824
30015
99406
45065
62129
17761
78684
99442
33305
68491
30461
38268
48792
77285
56189
39666
38604
69515
12741
70505
42753
6189
99662
85342
46392
70888
15049
65884
72332
12903
64918
92325
65477
26925
52175
19664
59797
37907
79721
38277
63379
30091
8881
51905
26730
83360
30476
27074
77668
28047
46691
98098
29389
63002
10834
54573
65190
26098
1983
49491
1281
60982
29744
32149
80583
44995
10443
40239
80665
85356
15210
97661
87357
19450
19779
6108
27923
9636
52958
49443
14326
5124
72004
79253
2964
4903
67188
32953
57229
70320
42148
88319
4663
44955
60834
77848
65214
50173
48858
6401
81997
52149
58950
22825
82551
52284
67148
80618
94997
28516
99107
99887
75011
49879
71984
7956
48999
31667
65942
62666
38754
8575
68274
1091
53449
73391
60173
19229
68671
59516
4205
46965
60211
13755
92713
54707
92292
29516
61176
47643
78229
24640
79976
56008
73619
27628
33657
47355
22456
40227
7625
51614
86841
59527
60247
36127
53700
68972
24467
50280
54996
89447
28613
81907
56803
83776
93244
30342
16754
63820
35701
78790
79279
91849
40400
31504
89965
88690
60114
57774
95697
39094
98704
96906
1734
5783
21611
25698
58174
42395
39708
13169
93736
20760
25408
44122
77396
70094
46340
64154
30196
47587
58480
12384
41990
93127
29364
49684
33859
48246
35071
85120
35355
62694
98840
50713
39201
30865
62632
23174
88961
35653
3464
65123
62631
24905
90128
62976
41193
6704
87708
36711
30912
33058
82694
78694
84304
57284
76360
80934
40534
1061
57642
44087
13287
43043
2643
65488
93474
82367
53996
29099
17309
78254
20948
28024
18808
82978
30599
75175
75599
65198
43036
94850
86589
8681
82513
217
87120
30949
43250
18791
70056
77474
66528
12501
7071
28713
72753
55236
27917
53481
42308
70263
55409
48398
29625
67896
24504
64198
69934
48216
1308
26572
61021
87208
51498
78340
75020
54435
29227
16851
32638
3235
59152
46440
13848
91057
31846
76107
1638
81602
81385
60412
39431
22329
10941
28149
42584
96499
609
92222
67283
32048
18752
68192
66440
2613
39603
52966
61453
147
77406
16423
11631
14052
22127
51430
49393
1771
30838
98028
33976
30717
73952
30126
66079
79328
48238
6499
42855
60406
79709
54770
71348
53776
9646
61790
88294
65202
14290
14605
27460
24548
38667
91107
55644
90944
83626
19356
75530
2142
63240
34114
98711
80867
68423
61639
63445
12826
61484
59341
26631
21664
88698
13007
91294
63802
90840
95103
38024
76176
68186
20423
54041
24192
27949
32471
5920
39067
77344
86061
5402
43866
44895
90317
6836
74839
14031
62316
18540
70277
47920
92843
87563
70820
36982
14969
22241
65284
5529
80003
77734
96252
73675
30643
99532
68863
70377
91044
8022
12389
99046
95992
19713
25874
46465
92873
66988
16941
51909
43282
20191
30085
61486
86585
61085
4274
68051
29571
10878
29416
31041
40958
37943
88266
68060
71005
58505
67006
93344
47222
62424
58204
53355
15443
85325
35132
12092
4255
28661
33062
58009
15908
24799
83160
61726
89616
72298
69061
9834
93415
53965
69924
59464
12693
75546
41493
67186
73119
81671
35952
27351
66097
3002
71046
40357
29401
84354
8133
39305
75680
86311
30632
88676
96781
89089
40039
62387
76387
27676
63936
71307
10547
86070
5661
50411
84667
80675
68442
63612
62226
96920
69933
45693
29529
45082
46110
97706
53435
1171
76946
35104
92587
69640
39599
60475
46734
23377
57081
88976
41140
53790
98837
8600
44593
63662
6997
3834
43958
19634
3924
7038
23624
20136
65648
12841
31671
92010
39410
12444
89252
5064
70767
72088
27789
28949
13392
13937
61567
90146
97421
11742
77997
50417
36374
51203
34579
77112
47977
78879
82814
12525
1027
28752
90235
33331
53980
69608
37630
81703
60801
83940
3823
35794
83868
57791
84987
48356
40512
2585
45138
16519
13087
54137
31742
15499
24865
49607
11920
6678
32723
12991
81578
70536
27416
43199
15555
14957
95455
28593
35929
41182
50146
61631
40766
77366
88086
61479
60298
84822
100
76462
67381
92543
28657
5890
19372
92814
77331
64319
15436
1333
65207
43620
90027
24832
98954
90858
31440
46116
10618
67497
58817
93445
53370
10182
41933
94030
6420
82277
18691
30386
68866
44089
74876
44391
73083
89945
98422
41065
57888
57077
4057
28130
92808
28507
38561
71098
65745
32754
83313
60978
18491
11285
65434
46590
76860
75194
89917
83926
70147
12032
36035
93051
29544
76326
97816
24379
84581
5880
87156
11778
3848
20580
45663
33672
4042
375
24433
86917
79396
34351
43150
21616
69353
92396
35156
42032
62359
70762
74280
78642
34543
92213
90526
3960
81970
71155
50991
87967
92734
67957
34874
45839
91041
60491
97351
79299
28705
84212
66059
84951
50732
26868
1812
3801
19590
52555
32092
62332
19751
44070
47090
5045
5333
20322
67858
8406
99535
76086
42388
16233
16562
43722
13291
26726
17587
85807
52376
44626
72389
40784
21360
24818
30590
75549
47034
19494
3329
12855
70028
10816
25256
25170
55570
73573
36784
86755
44890
95164
62994
84628
95284
98005
51256
76889
8416
5664
51740
7919
56808
42691
79551
34615
26931
69037
4905
58470
92794
91758
57562
80009
22393
89761
178
82501
78685
87694
6516
84512
21279
12978
90709
43805
84217
64323
17219
22610
56159
42997
46225
61851
31353
28454
43146
63765
533
27773
27037
43380
43149
6665
91364
84783
65248
991
18426
90171
51434
54779
9122
14717
66493
66533
36335
19480
19775
6308
3922
11371
61965
99361
73590
88804
44958
22663
43613
98888
52903
58885
73355
8559
59321
6109
88951
88457
80137
57729
98265
77304
1583
35408
42660
36729
61958
17446
69974
38763
99030
92769
13373
21497
45604
67610
26235
9950
23672
3717
84118
83613
53622
68415
39101
25861
71458
68360
9794
87392
19629
17173
79547
57125
95325
13559
77237
30031
59834
42557
59137
46088
32806
76943
41319
22797
76887
40582
16675
76262
89905
84272
92200
55693
37127
74437
76117
84601
84168
19293
43653
42279
64002
63582
97275
8155
67485
4325
96789
50180
2952
50228
78008
34707
81521
80371
84945
56532
5832
41529
62546
91608
51863
85809
59214
19873
88206
40215
96813
17011
29017
16527
66319
34007
25126
80856
70106
81498
20318
97175
10262
54526
6946
56509
3891
70271
9060
25955
6923
69369
98321
93108
98896
39249
63329
80383
30000
6532
33907
99417
51240
68741
79141
81223
10355
1989
65490
70237
81038
17780
59724
56117
15067
19975
77973
30660
2554
84805
82375
481
18574
86221
32815
35380
139
86171
8519
3288
28814
39462
56125
8612
56524
85072
80219
58008
72631
26837
60120
48350
19668
96895
82001
14828
47739
8427
71297
43124
74723
3583
85420
57467
70628
97563
3309
78239
93243
53484
57918
48235
27417
56458
58168
47147
98170
34843
14467
74278
93649
79193
36978
75702
81227
13201
54159
3841
18559
99648
31120
14002
76245
80212
52655
62471
8380
15509
80088
64698
33399
39031
53000
66099
94844
71163
63815
44371
9943
12894
19914
15480
49724
20286
47759
3202
89378
89051
38514
97829
87761
8880
11705
76573
34228
13431
21396
1444
8935
80833
23307
61106
67383
25570
57736
45612
30998
81789
76816
52187
48828
60866
5431
55817
55615
47101
14219
98531
94488
12736
32486
52027
43391
51049
86885
43460
60973
96874
3720
96173
20853
18024
79443
35342
29734
48460
49896
2053
45018
49270
3794
78055
64684
72437
65140
58627
12424
57258
76382
76433
54736
47524
67521
86386
90161
38585
2134
34994
73415
32465
83724
98216
58870
64574
92813
42119
51639
83086
21777
33609
65003
67653
83046
22655
3475
60071
54066
91870
71784
77746
59344
70599
86984
88050
28488
48943
17609
21015
49492
40344
56186
6539
35191
41938
16132
45089
97715
13651
52730
60582
22186
71341
99343
17420
54672
26076
16509
63563
34473
22343
5149
86086
75648
97852
39385
55886
95140
550
73527
22856
36352
90036
31087
95782
84366
38045
1241
7160
1338
49100
13605
23785
558
37855
75274
72738
1187
8031
89876
48923
88791
11661
82821
98691
11366
57608
1945
73889
75609
23454
66160
9655
67558
7616
4120
48033
83240
30429
43863
17284
44278
65564
51832
75086
33935
82360
38633
92782
26948
14648
71947
62355
41578
51581
65096
28765
50516
10630
21237
85205
84361
90189
45794
7500
13886
74809
99588
42880
94585
29754
59105
99520
71905
61813
37702
35943
45248
78987
96073
46231
63439
99999
54132
12305
81947
64993
77906
91486
41959
27585
81431
29148
72472
78605
58700
39406
60378
23225
95256
25172
5508
55442
67536
48582
58448
73534
96186
56555
14591
18301
35268
30511
91460
16897
76541
74351
89628
20242
63650
88956
96015
54586
15933
20905
61269
54189
91546
6145
66438
64670
51035
40750
61199
6831
39181
49044
96144
37272
51013
80199
41930
2497
40609
51911
14377
45565
87719
11691
80035
18536
7970
98946
16994
2563
17071
85913
91556
20259
27322
34279
3109
18250
64880
76951
95412
82338
19615
65624
99032
41160
98149
81801
69603
75687
75649
19589
89713
11479
47582
90015
80924
86546
38493
33222
90615
83279
83985
94826
11626
79284
71888
8938
15910
13515
68685
23759
14158
88497
55849
2244
77363
65104
29097
38029
30803
52431
97594
47467
24239
65530
72595
90257
88410
36234
81401
68462
8149
22503
50374
54450
45426
48642
78847
67645
90869
65718
20066
37710
60288
77507
67306
68895
53190
22126
55249
53066
82372
2870
40998
1647
13795
3117
84394
36251
73540
6991
9671
39713
39351
54965
55977
40211
77952
90902
97392
48565
97508
20422
58221
86516
100000
74580
81786
8351
65528
63843
64680
68856
68637
90815
4483
58246
4748
21760
3159
9789
45631
582
62398
29018
80539
54219
79408
11785
76025
91129
72955
47375
55013
48461
16441
88193
26314
7255
51477
44071
10428
81620
9555
84344
45930
55669
61577
42408
68281
18925
81780
98607
77621
7300
84933
33463
93288
30586
72243
26433
83424
49168
99880
80780
21381
18149
2621
37292
73707
76231
50350
65898
24199
91032
35956
79020
34047
97685
99092
37447
72307
8624
39845
85568
81763
99840
78102
55904
70334
31873
89973
21512
44126
47963
98919
94534
73087
98611
61955
14678
81147
99994
78331
92828
22438
5478
70157
81638
20443
39554
61019
22592
23375
77014
99500
30308
13877
97940
64673
17601
25144
19529
84890
88945
59496
10002
68930
3789
72395
13279
88491
73219
54456
95835
21647
92620
21136
47866
82359
93803
74084
44008
68632
28343
92750
32857
66522
20832
24637
67409
74563
56318
97075
72933
77427
85600
34429
70381
38645
2915
34791
38813
8969
77210
46001
9030
88344
92867
61494
68540
2401
31992
93283
45197
94510
35531
58502
39846
5025
3531
23287
38266
34258
95399
99795
16523
54567
78656
77428
54826
34821
90662
25501
97717
98849
99307
15029
55412
16378
781
8475
61769
5520
94374
92880
60201
8372
22359
89860
2790
16944
89690
17396
62252
24730
33251
84870
16126
32109
88823
43131
51396
78415
70713
24437
1993
31787
55098
16729
67834
66805
95722
98817
29806
50941
17829
60624
50605
1769
18990
15319
69674
45496
78768
48452
75264
26484
63286
288
76138
81507
86093
66169
68045
52866
22000
56535
65669
29137
83024
13259
98645
40476
40081
49376
27761
17099
36609
1142
83845
80736
22912
50564
56606
94526
39027
8284
21039
43527
60911
88626
65540
74930
64852
79132
31720
64105
54194
17983
14751
73950
66918
67167
93211
87290
50987
38956
24151
40389
52147
47476
35007
70884
48225
73509
30225
51998
38573
5117
95844
8563
37325
79667
85840
34386
14133
33752
67400
46885
35654
901
61189
28781
83638
85782
73741
43966
34613
70535
13852
42563
36831
91955
65427
20375
98232
7368
20273
13739
56573
37706
98044
87521
44869
24838
48485
1641
29145
62435
14629
63175
39
48751
69961
33803
9865
85651
92883
19824
91347
96704
21499
81164
47086
87235
91488
31981
48056
11885
16124
25985
27064
35210
78164
11924
64431
3887
87144
33952
39081
10890
81221
82583
85178
44400
77502
82791
93725
68002
56007
76751
72542
76780
21842
88356
42666
33188
69448
41676
29547
62221
83599
35360
38100
29151
94359
76652
70637
58329
16257
17961
33102
96282
72964
84094
63199
83716
57531
66167
5097
88905
45577
33745
2742
71219
6882
81815
85425
45852
36949
30536
70838
65334
21029
84842
15550
45579
54823
6840
41231
6099
73200
47666
55524
18227
92653
12069
8080
15335
8749
44872
83664
70062
63724
73973
3964
39315
83761
22089
86688
72790
89282
81092
46833
22336
36919
21223
73073
45146
8241
6635
71350
79082
42317
90019
91076
22903
12549
46114
11438
80064
88962
34175
56561
52012
21236
98936
51058
90195
32990
51219
28623
60601
94056
97189
15999
68938
57241
12790
28486
54551
90406
76417
24671
2999
41151
10439
34115
75083
69074
77033
67466
44732
34010
18488
55115
28071
38012
13816
17604
88478
7099
36459
82673
53361
79864
74490
48077
76937
73195
32490
14173
51048
50299
1350
30266
87773
21085
8041
75703
35292
35788
60735
91363
25655
83205
47262
1059
34186
74191
93479
4493
28515
62731
60229
73379
43175
11995
30876
36995
74328
64220
72195
94159
93233
5857
38151
42060
79562
12732
17519
19819
17674
40133
28646
20536
95914
70772
14307
78082
65743
38022
34839
80982
49762
5847
83216
47256
45569
87132
13248
99395
71959
72317
29344
95839
22317
89326
6096
4805
83507
95812
44309
5799
70617
68654
73101
88616
56282
64169
84552
33505
83766
24739
45481
63406
10408
94091
94350
25920
63120
36832
93372
2686
6916
77175
91671
23688
56520
6319
63559
93645
14437
36355
10037
97195
22337
63727
57253
66388
98128
17124
50951
82098
84324
30766
92468
78052
11373
9679
55875
25455
17408
27280
20029
60661
94893
96384
16602
75677
8700
48226
44984
53382
22074
49822
64072
5072
4269
94792
31594
2385
68367
28081
70034
48676
24692
13584
97888
8235
36520
32325
4330
68680
36364
95057
60880
26470
83060
29542
30475
44374
55248
38579
41709
48564
24851
96845
12454
52907
16322
36828
40822
82704
49663
18930
88816
9186
48703
45588
66618
15782
65188
80893
63230
7253
99169
39945
51691
40465
79481
77524
73235
88952
56951
54603
99512
19793
90655
18509
1996
13263
79548
61420
96109
99306
29109
60972
85222
97491
55621
2894
2736
92580
73340
37405
95895
29487
62357
98529
42511
57183
23240
87874
89930
21139
42836
83377
14369
93426
55839
57131
92410
30018
62598
93688
87162
75935
24105
77312
33269
36434
3725
82500
37738
13547
79611
95530
59223
68193
30552
47970
47794
93393
98001
68000
42047
77925
81536
66325
59552
76646
38591
45884
69514
76461
5316
16627
71832
76933
89389
44189
42789
88205
93417
37611
94926
85464
97760
13069
38190
19584
57187
47655
43116
72699
37085
18437
9669
92307
22896
54151
18349
57666
68048
68724
13451
95235
69844
96416
61689
96481
95340
67196
11098
23399
47392
36670
86327
55959
79538
98594
56306
46694
25535
41584
507
88908
20328
64253
58183
19601
62380
16956
79993
84800
28575
24339
55914
7754
87106
80562
38784
30630
79121
66836
58610
2307
22591
2180
88493
89467
8451
88596
11633
52483
38674
59092
38152
99428
40443
98027
61279
93733
19563
52538
84739
8110
33560
83522
95808
18229
85423
5000
41533
42718
80457
43991
34608
959
66394
32917
59115
85722
78623
4051
81994
83871
32362
12097
95348
45699
58842
1315
96522
76841
57281
43109
92049
50866
54903
22716
65955
3345
83803
38531
84906
20984
39836
58689
33544
5096
59604
68301
95967
76794
75787
5848
59401
84190
65406
41598
69730
5157
8467
57564
42370
82881
12399
62910
5321
73564
14691
3001
24551
37718
42979
449
4641
23404
75711
9151
80273
88876
21052
26506
27801
51683
10067
42550
1337
23965
29757
92819
79659
71456
9398
49878
57152
70088
18658
63008
52422
82384
60164
94499
13345
61087
26794
45664
40620
94555
13831
54876
71573
49461
38616
32708
20586
71841
82166
66543
88167
76226
93232
48180
95378
94619
87303
64675
67334
65031
8488
59572
11374
29740
29572
11965
83231
69992
42543
47373
77701
88243
57239
40423
31078
34073
30811
67022
67044
79291
39331
57084
92852
21019
9232
90522
17472
72785
65356
8106
45942
29714
91819
21897
80801
75505
84665
14524
29721
22722
23383
36088
67886
58708
7993
25265
17672
45792
67758
18584
38701
12794
92169
27061
17718
74619
84915
73023
48939
49413
88460
70582
99179
36122
12948
62724
47230
60394
29010
27881
64943
75960
69266
29110
97484
6241
74430
16918
34417
8582
13828
55286
8043
21878
5764
260
29202
93076
81392
28755
10119
77610
63587
88641
67166
89004
24215
10406
98599
79375
26128
49907
45100
54139
48082
36358
82423
42494
20071
98016
92458
98998
53204
4850
57672
52059
62541
58446
27385
14586
84567
65906
59809
14690
27970
46560
66615
23893
97826
16313
24201
37575
16152
74085
57127
804
20836
19822
8079
73110
48160
44253
1702
52129
10782
29907
38676
32093
83461
56385
69733
36040
5010
4664
9474
76238
38658
42274
32539
24666
63306
89497
55750
51265
4652
81567
59031
59555
42863
93486
65712
90302
12421
5575
46800
84916
77489
23662
57812
25199
35834
63087
789
89266
54466
39438
40382
19896
330
97547
43636
88761
70042
55572
89879
76242
8234
70437
48722
61014
38966
81929
74767
52636
62777
14355
64888
16622
94076
39056
55048
81773
98230
85155
23788
92605
96049
28726
51236
82960
86746
19894
89056
87062
31903
97600
49150
26875
4249
46646
54910
56413
9527
75794
32016
19640
91491
10082
44059
43925
95963
21746
64964
19117
8298
76196
7802
83592
52022
47107
57875
47405
40333
76649
44378
93345
77692
9581
58412
33506
98215
46977
36327
7658
18549
79509
87744
94986
53348
53908
62262
55385
87350
19752
95168
61882
15678
76118
95499
96962
14538
26064
28534
76055
3108
95643
27198
86312
10978
48263
103
86233
34899
70200
59130
33497
1360
5909
51042
25494
63565
30607
96583
59147
22150
81884
74302
83014
69791
70934
91733
84936
57717
26127
2602
11968
10077
66870
38995
12115
94004
3089
50234
30292
29722
76425
55848
5634
30496
32898
79584
51154
89000
79052
90024
65578
11208
67344
49667
92905
73934
86569
13735
31607
12989
42974
39730
22363
4960
85157
17801
64975
41718
76539
67398
94399
72441
59080
30044
1582
74764
66293
55019
68799
4197
31032
24624
26929
79518
38825
52937
50468
51809
37328
30523
10013
10441
71809
31449
79666
50611
51325
56733
66297
25427
61130
67564
94988
36176
11687
46693
17742
32973
57712
36647
59621
53707
91685
80058
99618
50096
636
98407
60066
4611
68286
90807
78165
27601
63679
41566
23463
31640
5810
78142
37349
64235
36749
15797
59566
27475
79632
56855
53214
87283
12822
73476
14250
81604
50606
70734
40684
25504
77598
90680
13344
92008
68838
32281
97921
36814
84487
95861
76229
33663
51975
90876
62612
39937
94327
25550
10631
98221
66607
1973
19153
57246
66091
29153
47184
86053
47787
82905
94544
91153
34477
55244
24628
5805
67417
3262
66064
23493
31541
79849
46522
50965
49446
60811
34852
85504
97974
59887
2339
15580
26399
55921
30392
39451
60871
30514
3083
48292
18592
85392
41207
11044
73782
61402
34225
60750
58176
95477
34009
1912
29533
95637
16390
43114
74091
16319
32151
50502
18126
11540
35849
69690
88886
41210
49688
41032
86044
87950
19654
31622
78538
83352
41758
26716
38918
50279
55016
42547
95569
1362
99042
51117
23823
72620
30973
38402
57464
89084
90759
72838
8495
71889
9139
98475
87902
67948
29795
73792
96905
29498
15036
77281
99153
57639
73486
90297
88760
84451
48457
36935
7464
46550
85187
69092
53785
46357
39477
71982
69523
3012
87522
50895
26381
42127
77510
43023
76268
91740
87714
55493
66475
36633
94854
41202
6461
9715
41699
89294
47553
845
97533
96582
10877
95723
24289
64789
35820
42854
92893
56389
38522
76626
70465
60326
79235
73629
27754
18792
53686
11792
9571
51053
70594
3047
40323
23395
19897
38593
75445
92684
88980
61534
97350
73873
45255
64474
73751
12780
41512
68157
2375
45080
44135
35309
54035
64770
92357
35100
12116
66362
57428
84022
98314
9868
62068
25739
72672
590
66342
66231
48741
83768
72687
69154
13683
83901
69493
14527
92785
33237
88282
5208
8820
7756
9670
62461
26397
26469
7435
39936
93022
95704
9166
39345
80895
49468
72212
70635
27932
38993
23319
53354
49008
57146
55636
38893
54068
37460
50842
17864
66470
80738
28323
20164
61124
26126
53453
95870
3726
93171
64635
25336
20772
85467
97681
93869
3134
80242
74036
57038
17430
47538
1547
66375
108
22884
37056
99757
67684
77921
55972
32087
91464
36583
14451
60445
16173
4238
35745
20205
90140
1940
53893
87500
38931
45259
66898
45750
42814
5941
44450
59739
96170
17357
33619
44085
84921
92565
68773
52425
61912
55416
48851
2771
52202
50274
747
66879
96977
57049
83022
15934
24796
88470
84186
80209
36026
64096
89465
11536
73197
43306
37071
98542
28819
54277
71857
55007
92172
31413
55340
72758
18130
25941
5536
18119
99635
41726
35877
59854
77464
96790
47345
99082
56193
14420
10273
11835
465
93167
12253
35064
15209
56680
11361
17608
44136
8262
715
67742
2402
18217
27418
27626
88688
58787
32885
22166
82155
30705
44683
36206
75270
21073
21735
90030
68120
24665
91603
36526
2251
19623
31528
17121
43187
88214
66592
70360
97701
89312
77482
17221
25974
95300
3468
67876
11274
60526
19765
43457
58837
58977
39848
71214
25522
21249
53082
8554
16722
46298
35115
20842
56445
64989
95355
26886
60808
67874
66701
99068
96417
36478
42762
89219
30581
94598
86862
10113
95762
47836
70728
5758
28719
90452
58761
46502
36683
50387
50585
16072
927
81098
72920
82461
5605
91145
67102
61330
15386
67618
66302
55587
72570
9337
93221
63213
88887
14541
76726
62136
30383
71284
57396
74369
67562
52256
19767
43158
20986
79746
63691
87513
4526
53053
65893
3173
27353
68565
72012
71912
10306
95955
14714
51773
35244
80841
84952
59352
74080
27088
18182
69675
37489
63673
97726
75846
43343
88297
95509
51955
38374
31085
42357
13699
81171
67700
52390
86927
9079
22012
55880
55993
25102
82895
89588
91185
58236
78392
30836
1114
70035
5600
98229
9781
59850
79120
21363
10853
72393
479
82752
42452
26513
39428
56839
43509
49510
8599
7964
96262
24702
76643
43068
28863
80193
43716
29772
99751
93478
98718
44505
43154
35752
90193
41280
24488
43736
12717
25381
26058
28908
3150
38624
12337
8560
37543
62087
68867
78488
59049
26765
11579
33166
23660
50781
69275
74660
74991
18378
31466
76971
43322
42167
76742
38929
53092
80509
66708
95398
23096
58319
26193
6376
57987
53030
13359
94890
55307
18214
68338
93819
67095
18455
73994
55436
69612
19274
64999
5831
56352
53631
58093
87776
58581
65991
30324
85131
58579
33180
69242
57098
85213
33197
66824
74263
93554
72645
6089
60581
69008
56055
71192
12698
22300
59484
72984
44892
88445
3681
83696
70275
19472
50024
88857
33450
71183
16321
5723
95
82888
82909
79002
41849
13904
49219
92106
6676
31088
2728
69161
63157
37863
21660
19805
97619
9956
54558
59048
58888
95657
42761
86146
26831
43752
20579
69231
38287
20352
87195
62498
1825
61756
39512
94999
9208
25197
11335
33015
88726
34922
77061
59954
4549
56651
13748
14620
16751
99921
88371
83863
83455
79233
32403
41587
1259
12216
36410
97328
51696
17155
77072
97258
1240
24704
94461
3248
74427
6307
36795
86590
66232
92001
35826
63049
38694
1603
41734
63451
67245
74612
32334
75465
93470
15984
97659
11967
58437
81804
80241
63619
22583
58733
36823
38792
48368
52167
30414
76378
37471
98824
26642
25901
49976
46715
67100
96210
97729
1715
27321
19625
73878
5332
95705
26952
96194
61031
98158
94489
79296
73791
71822
16459
51337
54179
35402
8644
90435
49722
41358
46277
12236
32459
91801
15541
58628
31748
24862
86054
17607
99723
93066
51168
12441
97712
4220
43229
91661
77199
92623
21764
94733
81496
65107
72293
25164
78541
58740
3983
66033
38632
91844
63801
39488
38883
25765
83212
54291
44320
13599
62802
29274
76167
71151
24277
90306
38936
92834
25860
59639
32226
88773
8260
20416
42782
66327
16227
66671
35243
48143
57559
90968
72722
36441
94903
91200
77417
55023
2111
73354
96809
59444
66183
41644
42690
71113
90578
60532
281
11530
13458
65599
12321
95438
71872
83767
3738
80171
78444
69580
7503
85042
42877
72961
39726
48928
21353
31101
65351
32376
6333
48387
31821
93105
92293
15109
44107
13561
67576
46707
62442
5190
89779
65735
15932
77064
67793
23074
56194
55095
46807
21832
85608
29971
22751
50316
26154
46380
22458
51866
67543
28815
42133
4135
17938
96545
41672
31274
14164
44751
20153
594
72553
22531
24053
49199
95262
13945
39993
69207
3535
60569
99026
75955
27423
16745
52704
91587
94695
12851
7753
21071
90403
89972
9438
82448
59903
47024
87259
93443
5780
78805
57976
62589
7645
42862
80969
55055
63173
66724
86669
26679
6441
65722
10969
34437
75493
6849
90454
44468
71584
29792
17922
86191
52663
72301
47767
56780
81533
13234
43954
53657
99645
67445
26785
50063
31198
3491
26809
42652
10017
60282
75041
28129
42727
14811
60163
22071
9977
4544
5444
7526
87438
5824
93992
19062
51735
56277
82958
87739
24447
45999
47899
46593
25642
54618
50726
14335
50282
46327
44287
33579
14794
48346
65860
79428
33729
32548
44395
28782
40278
44209
69505
74616
1402
34598
74202
54220
5741
30762
73690
15713
35958
76391
13808
96500
33653
1739
14602
46930
10466
607
47811
73135
89536
81664
9241
25516
35305
69793
49388
27371
50169
35089
16990
2222
76394
67142
12728
18988
34049
81525
66141
80292
74994
56450
97153
77374
59930
92379
48541
13194
34904
92098
29409
51770
60929
21491
25056
60667
81538
41927
38891
7827
58180
22595
36602
9363
84513
40379
56382
74119
89072
41363
48513
65808
79162
95678
18185
31116
39780
86488
18475
62292
57770
20025
12098
92652
14626
78209
23403
96247
1282
13390
23222
85389
98841
34955
70040
89078
34123
34747
63237
30663
14268
14689
93826
72748
82031
22360
72558
34729
8483
23596
51753
74744
24102
92577
89488
14379
99875
16417
7458
77213
67897
77832
21199
5887
50730
60665
79819
85322
85934
61748
24685
67072
80672
20559
57478
38655
61151
66755
37196
72105
47461
71090
28605
61153
33069
83686
29872
29662
5763
4351
65994
2996
34987
77703
37474
73587
79635
53206
55846
22914
27323
91268
18268
71738
641
34104
73562
13734
15212
65962
20995
91776
73499
19682
1652
98058
11473
14781
20636
1014
68058
79529
78138
83418
31928
82773
50371
24319
81183
16713
49128
85059
48134
91228
35722
82768
81514
70756
44033
42234
2310
55568
11303
39520
45690
20934
84126
61210
24741
81337
6468
55785
82072
16370
71401
55740
75681
8987
469
6936
66985
10601
4419
1562
58718
15723
11381
42994
43767
64125
69201
53416
86875
6707
55487
97372
1977
1397
62556
3095
38775
58673
63590
58249
33454
91635
17063
93630
92427
96316
259
37324
19887
75647
58431
20990
42517
36888
12803
9422
77415
74179
12530
91216
84580
38080
74522
71367
95197
33614
64242
44175
28044
83644
76424
61381
66094
85219
22995
2482
6223
67912
96479
99918
90380
72963
32174
91047
82989
94484
3562
42801
81940
29633
59668
91735
86293
20971
69162
27347
38681
7282
77953
50757
63310
92722
99174
42327
1233
72795
64659
73922
8507
12684
7316
62040
15303
49507
54454
22386
10687
6602
86945
16991
75471
13241
64765
5558
7017
93574
27359
3766
27235
6180
45524
17171
1813
26431
59302
89644
51368
27542
58166
88838
13457
78715
55797
80946
1798
75597
8471
75091
237
40477
70418
24980
46375
61391
36546
34735
42170
69949
55413
31203
45439
12129
65836
64834
34943
75827
30616
99315
67692
35000
40889
79153
50849
68323
87509
42878
77367
99397
30730
51261
15589
74480
15126
37523
70340
87578
47919
66660
34090
29023
29752
79803
85542
15374
20001
5804
61101
82643
7697
61921
78212
75888
34450
11240
97334
83726
62881
87929
16709
69383
14923
51864
54368
50854
60786
36043
81309
16212
60518
4573
3754
4979
2293
65148
68537
2361
10670
97387
94721
85928
88071
99450
80434
87069
98878
42437
21177
87206
43196
49566
35257
52141
28067
3826
96645
19558
47281
28224
30999
69470
12653
7706
81694
94224
93998
27075
39722
50250
77560
68044
9509
77890
20565
95104
71865
31627
66334
65034
83233
43549
84270
19996
74305
79411
31370
56508
33539
49594
45396
41700
72029
43507
93571
78325
98485
23599
49911
51026
8729
56157
39080
40637
37017
77034
4445
96849
8109
11943
96727
10382
74095
33018
5308
88738
84482
12755
96918
95648
89038
87277
88358
34042
60513
48604
17503
62916
56738
49610
27804
14767
8618
46869
30131
49511
70684
53552
11604
11230
2956
68759
83163
27465
79668
53078
58424
69542
22347
39922
5409
88236
41846
13799
64650
79582
55791
72996
97345
14438
30618
76267
58035
38360
48534
65786
78930
52769
68474
18346
96495
91133
26727
11027
273
84726
10712
49611
87213
3626
37376
12075
57735
70759
31762
89687
98055
26117
32320
98356
88900
54666
97551
97426
18263
1082
48141
65452
77664
26455
35258
89722
87193
62987
43166
36020
53452
82946
21536
8971
83949
51460
52563
28511
73209
90528
4214
31864
73299
28832
61970
59709
39279
5177
67446
75770
14512
26650
54458
58557
48173
27449
90837
57541
75035
19763
54589
81299
4660
29209
93567
39382
55223
52547
66427
56721
46336
25726
41480
27086
93453
19858
95864
89300
29980
47060
58980
69330
18914
49408
27953
22730
13796
24309
56212
92383
20906
62750
51970
16634
30312
38007
79918
4910
90937
91442
60889
72957
13875
19448
3316
28330
90410
10493
4171
56064
79412
58760
73680
32152
96699
23248
8603
73164
69345
50784
46216
36870
63960
51734
31809
78522
90250
15944
82830
60701
58019
66921
69557
18399
32504
76675
74686
55643
88753
62828
15119
72939
87949
85257
95079
72372
41440
14733
46030
77796
59951
57326
81162
34682
93965
50084
33034
8025
13070
15718
63642
79696
20554
70065
85126
96899
53467
42239
85771
59181
4524
24076
21580
18716
42399
72677
57110
28275
33926
86339
95522
66786
33477
24669
39927
34326
94780
15559
37808
61681
96553
75385
25760
80605
97206
77766
91357
25652
45340
82701
10832
18508
23908
56954
14363
84178
15350
37747
64453
63731
63271
96353
35045
99091
68883
24806
18692
11325
49707
14661
86087
56006
8200
88284
14786
75281
60146
36199
78354
45347
51908
37096
30284
39177
36264
82204
64233
18636
52652
33575
88283
1797
29808
90677
56811
29559
59865
50582
17174
4167
75796
19918
92798
67226
9879
58743
4457
13245
51932
61949
72846
16299
90782
30448
72042
52085
15864
45174
39948
42658
86183
2856
12407
15952
44114
87262
49357
95688
5884
7262
46684
62566
89662
27429
33731
71215
48757
13479
27046
68879
18518
84631
8778
97262
8705
2934
1706
88482
96683
47118
89558
88269
23136
48272
70086
5475
39720
44983
32767
60597
16133
26560
24514
40024
76291
96659
94116
53935
63377
92916
72158
96973
73103
9664
71614
66770
24725
89538
18701
93321
42719
54521
660
27964
26611
19757
96032
9662
2629
43513
5329
25795
98710
50506
54932
84346
91248
2658
20039
29042
83283
81383
99675
68790
72797
94200
15938
97527
22598
91658
11611
55684
55309
91341
67123
18452
64126
29003
88133
49217
89525
65494
60562
12243
69396
40891
3232
24274
65074
63864
40424
47892
20492
29297
1731
47354
99345
14994
83854
45179
55783
41183
75522
66887
23824
21024
56870
38781
79983
14834
29767
4976
17126
94761
45801
81971
72353
50548
98410
46823
47451
36905
10337
73526
38657
45885
49616
6365
61072
3196
7025
54381
53939
56468
44000
56270
4632
29724
56388
56626
82211
53677
3787
36214
27098
70877
99912
57982
47208
23518
21364
91934
12548
47697
80293
11346
62514
34673
41496
3106
71754
91848
23861
20127
30102
97417
83850
32199
27825
57900
37177
78145
66667
37044
53028
43241
62972
22020
20362
70251
59269
30715
91835
67457
36298
6071
80024
35229
14034
9931
70493
83796
37493
70124
48463
41825
72256
88390
84476
75345
73206
72149
45581
41788
20311
6437
80990
58698
55982
13418
76095
56955
55363
30224
79911
18341
43159
62075
37296
68559
43807
75199
18662
32171
17505
9384
5490
93783
90957
12363
61777
95211
23139
51145
56879
25293
97938
60019
79776
5769
2181
17771
52100
32522
87830
46028
45712
95874
47082
69807
80392
6871
19718
78889
62037
11515
65881
63523
44
28401
14845
12418
10311
12609
90432
22978
30987
25330
93042
31114
58359
3620
83893
37393
83473
52713
96043
10280
70394
80964
34405
96686
43535
80239
85812
9187
12242
83123
14378
20314
69365
27444
18923
61195
23085
55503
24568
7128
4015
63099
42858
87429
34701
50130
23227
93143
67115
1044
42749
39230
56100
67976
56101
47319
42647
55079
4339
69592
88434
66644
28357
551
54205
73365
12784
17288
94053
43433
82820
94855
13944
91857
42995
54222
36778
10846
28664
98400
90580
40491
51258
83503
6304
127
10080
23738
3385
43637
90854
14329
39994
62743
38596
25364
69130
4923
14183
79664
19226
43632
53861
83128
97645
72808
13766
64018
56527
91845
72050
64602
65456
41152
40369
95059
38445
35631
51021
45533
79511
29100
82652
21510
23947
37412
29656
67416
2762
85666
78866
87807
6603
41613
80180
82253
8216
69858
71426
46515
11413
44881
54437
50588
54022
27814
47352
84651
27267
55899
18676
27091
25762
33854
90427
63070
1056
40594
88549
14972
84415
97703
37692
68878
19455
28617
92176
5414
45558
15401
66400
11762
9414
55052
30655
33720
82963
19988
41265
67257
87566
98338
25003
37722
96935
38515
254
43955
17302
43893
64835
56795
48673
3995
96557
35941
13131
31538
78966
98061
24405
41744
21206
78029
17287
31293
35793
586
88392
41670
73734
18689
30765
17699
68691
4529
58897
14877
39487
71856
72338
94471
89940
7564
20382
58054
21648
69321
96936
41381
72150
23112
30127
42401
39466
18081
47227
91938
90857
41281
97624
30141
27967
77039
6184
55457
46543
22212
30844
74306
42438
9184
11205
4038
90981
40373
16346
24103
20418
24693
80106
75558
89954
47653
74661
63044
53830
21556
38372
60999
98670
63134
57108
82395
39009
91988
53538
19538
56817
37785
34092
44471
95461
13797
62857
49880
18405
70373
34573
39448
55624
57407
92227
50905
38790
65012
28048
92313
88496
82588
91115
14181
76017
1441
63500
80189
4741
88637
12256
17995
85052
68146
297
93269
3808
78274
28704
89991
82144
41604
66217
29448
3326
27146
63236
2388
75500
78347
27457
53002
48682
28475
58053
47435
51349
59312
15269
93480
9076
17049
88144
10059
93702
2048
26107
60476
81670
37089
96177
36140
3341
70258
31923
99896
73337
74241
285
28690
40816
25661
68733
28183
66813
63578
72308
71869
66468
89823
19986
50535
84362
8069
69243
4153
63107
42383
77444
54335
73581
83042
7488
61693
47268
49706
56952
23830
26024
69991
4729
5744
74456
30683
12021
22265
71811
72606
16471
20432
52711
77001
89592
41459
46282
42145
64274
77459
63231
12296
58164
29269
49675
31300
6988
17223
57273
38264
70966
22024
46288
57413
31743
26146
51657
67947
92451
7245
37122
33928
10364
38788
62183
50628
32820
94802
73574
337
93502
67041
46967
37704
56080
27176
367
95663
87666
46312
50120
57386
46963
34144
62682
43238
84054
93331
34545
68232
89501
94962
63830
17024
3634
87291
89808
28720
1276
93681
6876
77207
6825
34259
48359
62242
52604
13166
89742
4631
89624
25352
11458
15088
41444
4436
87161
40557
26542
93157
57725
69819
95160
93012
99486
90415
6023
19240
5235
22793
12941
41181
56493
9024
68536
18588
58675
2633
93748
20756
30584
40888
26265
46125
98736
5134
40142
31329
47341
7666
18612
27693
23634
7510
80254
72665
47696
40608
11472
12445
25512
18200
56279
26607
22352
46448
96684
61942
13550
22514
18223
4545
56898
78391
49450
87952
81288
12854
75171
92572
22303
54783
90394
5732
28693
80214
9200
72285
19046
59357
67754
722
86412
92045
5305
43646
10635
63881
19636
73037
15913
1566
80961
3646
73294
42822
6632
36302
87560
80181
16311
76013
48790
99506
3806
49856
59748
45786
78566
51752
78213
40320
76945
88821
16746
54886
97407
52991
83699
16084
7407
5627
6720
8189
9703
21056
27590
82858
16818
81467
48073
89927
65363
4950
56865
63392
35029
48624
73510
62662
55401
67836
6112
65430
10248
97591
53287
59609
26405
631
36135
25701
61379
95890
3238
72047
36080
84485
99118
418
68904
45353
92387
30298
29725
34445
50940
49778
6238
74738
67808
10023
46888
9824
14313
19581
11652
93412
52332
86341
74385
39712
60909
43264
5754
90138
56772
89585
36095
88036
37839
44103
19152
95834
17457
5487
87886
29402
80835
97353
39647
58407
88299
87469
75640
80266
40934
38313
99854
27807
64245
73803
63436
64559
87407
37933
63239
11859
66412
95845
12812
76207
17084
38845
13675
13881
54627
67640
55313
96885
21475
47022
7226
48874
5687
46112
47657
88993
40599
87189
76723
81857
7013
62473
9889
35902
48022
9540
52928
3371
84556
94207
15865
11881
38435
35318
51654
77136
36871
73670
44981
30886
79488
97242
34871
19477
84426
80501
87138
38879
96820
64986
39270
85795
78318
53182
74208
34736
31464
85466
19820
34222
65474
40887
55903
2819
17595
53671
93761
33724
18693
85736
4704
57599
64790
31461
91218
17659
99992
60441
9817
27800
14684
32753
2599
92939
99623
19363
75253
36692
35533
17471
78936
78637
97146
12913
64894
74322
95185
96598
46561
7068
84885
81779
95386
15680
34271
17584
58466
60906
5518
91764
63880
32624
94276
43141
49094
66043
9354
73613
14537
16845
14573
70985
14235
69417
17970
2965
1893
94523
20106
76820
21113
75731
26889
21447
81051
52949
75236
9832
40132
30623
27623
99781
51388
93997
3504
65704
80113
84367
34208
83162
50947
91898
35668
72141
46445
7715
82178
46430
47427
1460
35771
36221
25332
68182
4828
95615
57790
82530
67925
36924
10277
40651
74047
62690
68633
96226
50927
42527
79627
65752
69706
83714
84682
80240
80313
69183
57855
51983
21643
35483
4349
6522
62647
77205
98523
51010
87712
81190
2848
23228
99976
39904
89772
98392
78931
77715
80233
69973
33778
81011
23005
56789
10818
68432
24190
25809
67165
33498
25294
11816
98043
16726
42616
21544
91886
75699
85540
55226
18354
45133
2102
13437
47835
76495
552
3245
65232
64598
99613
66028
43451
41859
52302
54819
24557
58810
59283
72548
69967
65728
89541
40029
77164
14772
49145
51546
33517
63019
25910
95250
59408
42754
26311
7120
81554
76276
54735
26136
15599
37967
24950
48873
17327
71592
42253
57082
97088
24505
36772
54365
60057
94154
75021
22007
69239
68747
65826
78063
70719
49588
314
28379
33467
65235
80814
45151
78868
22743
28258
7741
60525
92550
23063
20499
31575
68098
87128
60971
45239
1037
29251
82469
40010
23448
20448
72789
58007
90004
29256
76497
7508
36506
44005
62617
63362
33623
40920
96426
96748
61270
60634
28165
90872
56174
17804
1799
28228
77555
7082
14264
71165
1307
53472
89916
20248
37
7903
36308
48157
82298
31896
9595
93461
93139
8090
31436
6492
86225
81993
10688
39120
6996
5485
11670
59856
69171
23482
45071
2941
86155
25933
68149
91458
34490
94569
17697
69361
43247
23123
35642
7119
49774
69691
54056
72249
43111
68689
83753
71910
19435
17526
33358
41075
59368
45212
81655
87006
52679
89207
3409
48484
51433
5070
38457
80931
85570
7880
2925
89735
78045
65315
49124
21316
84193
44719
79957
63324
94094
15383
32774
71146
68739
94199
38975
17047
40027
9180
71338
70700
81137
21456
47987
46307
67655
5247
69825
45142
71601
4101
41311
61557
24300
91473
10519
17402
48439
98734
82653
48100
49333
11481
61997
5714
59542
16162
91908
97514
36759
36137
61162
60174
4946
41445
52290
51793
99567
56021
80447
83427
7333
1032
68162
56935
25912
92535
96724
25888
40642
40290
87192
71988
29861
82438
98581
64563
1331
98369
34146
23172
4622
7042
27903
28941
48340
33603
65063
90470
68036
53709
5367
11448
29475
59030
79647
71709
48766
1741
79719
20792
8462
94551
93458
89195
59064
66801
79110
36531
5408
11861
44611
94502
30066
13595
83798
15447
42804
16166
19549
37797
31791
77791
35196
84519
3081
24772
38222
64338
70689
52988
490
70496
18431
426
76956
69388
6557
84274
25130
20
70506
90388
40907
56991
50055
56229
48666
87045
89375
4807
53059
94127
271
59608
83700
11656
26553
12952
44260
32526
48573
34354
91662
99644
8546
75223
40517
61513
11854
90095
81200
6337
96609
74366
98696
29154
61230
70058
84877
72086
9064
6064
92444
66742
85331
50570
49887
37805
48685
43426
47909
667
92850
57716
47507
89911
34856
44155
902
61010
84635
78926
85215
64505
29576
51710
57679
49225
35401
55304
14054
93525
70222
38139
65907
95595
91238
12539
64798
96148
67649
32884
1065
94295
18727
62134
28715
72823
65842
39807
41173
79456
31523
59089
77160
23198
72462
9550
91476
33009
33554
33815
28567
88972
38786
43533
101
32284
57477
33732
64221
86944
13556
89727
16048
63700
53183
18285
29238
27746
8313
55001
61980
75619
18080
67345
36790
85826
6162
70610
32940
29019
8645
4559
72527
13037
57677
95854
29479
42716
24731
63556
69007
16366
46381
779
25929
73976
31373
85641
33941
65582
36387
1884
82326
46318
33291
91812
61128
93325
97370
11030
57641
80823
65241
87704
97156
5553
65332
68987
85069
74641
22213
25359
26741
49603
33913
86959
64531
16301
68995
30639
38847
78892
73361
10886
31258
93279
46403
82645
60487
60113
88778
65405
26715
54093
65476
89721
85062
57244
81512
64596
57171
78098
36155
26390
44211
86279
99025
80575
56933
76654
97135
17436
80733
34280
75508
93016
70326
89188
8190
32666
48585
33373
53729
45717
8907
20666
17500
54474
24126
97077
49583
25183
29798
87215
10917
77326
95658
40900
27021
47817
38275
48614
34785
51125
88987
17573
19086
71053
77827
25733
75316
45883
15657
35214
84636
83121
13319
10499
17773
95943
17795
65458
38421
54107
5430
29522
27651
53442
25442
57536
33080
5945
96000
4803
29115
82741
3497
56182
33570
57410
4582
39923
16638
69562
72464
58693
60798
88512
34755
56399
13803
27566
21881
21668
13218
53100
21181
55967
88741
21637
47531
85010
14078
7786
5249
80768
77066
16298
43435
63414
70949
25277
30294
95603
11331
4236
54606
72573
98309
88442
99559
45865
68963
22487
89936
68449
35906
84968
66256
47087
49591
324
16646
3895
24439
97592
51524
4437
34802
32637
28028
9220
31460
38527
36928
22093
76641
33847
56492
34025
47052
9281
8689
18463
61371
76287
3563
64914
21264
9698
18154
20213
94935
35756
76564
380
98892
74708
69169
49039
86568
34281
3708
92804
27124
15716
88025
55552
20459
65394
95614
381
41141
80027
78306
33577
25331
77819
30279
6076
44407
37521
430
25122
61152
33641
7684
36765
47663
84492
76028
23642
41046
36281
48832
34965
90893
16210
23892
49640
70850
591
22787
78713
46651
1600
35669
8007
30897
37966
58338
6763
36227
56761
72610
8124
62753
78870
16976
41323
43645
12645
74364
35750
5900
41109
12804
12775
97652
20706
41408
24843
42706
49327
82577
44959
11369
16698
97327
6266
4626
53041
46253
39419
99848
13666
28373
81551
26670
44721
54572
99363
77315
91543
73771
64785
25350
93812
79060
83527
85732
77681
41895
23746
91574
89552
56003
93491
39832
66640
24006
64384
77932
277
49164
88910
36429
74652
77309
66479
98082
55841
26677
68165
84314
74536
18203
24160
6084
34253
17253
99594
24615
7083
70643
44573
68097
5392
33658
5625
97102
88855
23483
23654
91177
58196
48593
81869
47310
7785
90477
21847
68130
21110
34406
5656
22572
18992
38832
61946
6005
51588
73136
15057
18682
41539
98598
52272
79779
71609
12319
93403
41124
82939
66308
45622
25678
76566
45313
60438
69554
93287
85214
20739
8011
44273
85400
82677
98603
8164
49091
61664
38689
52515
50072
22318
83224
33959
84656
77716
3057
31810
50457
68705
50177
42798
60422
18820
74669
49646
74067
93705
68142
20914
35815
66210
5511
89856
21925
16122
46383
97891
22273
42420
41198
77851
74228
26011
56931
88683
94358
88891
20820
99977
55645
39495
38647
81866
69468
59284
3875
96648
81679
46989
52071
85223
44397
15602
23784
35346
7878
94184
29335
28350
12040
56053
1335
38789
45596
86798
59020
49723
75544
8790
44884
66294
699
61326
57122
47719
52488
98852
80097
40632
44832
19700
7142
89553
29827
40516
54026
6974
16949
76144
39527
73663
30479
71514
8023
16776
79625
105
72079
17152
81615
51641
51017
20718
37746
10473
5907
77620
93906
43608
50791
50475
23953
50743
34619
35298
6705
59013
23968
20333
65610
68984
61877
87961
31320
71052
69420
32580
20977
86981
13340
78565
4403
51989
63154
49572
5345
52304
86260
38105
55275
66359
9935
18707
80385
37215
64967
71445
56463
62741
32011
17022
1985
64633
11194
11830
64813
1656
93101
20582
97749
20230
31037
15004
54601
6261
89591
14239
31593
70259
90037
86029
18033
23339
31921
69187
28045
82680
53889
32238
37351
50325
77810
26336
21680
99677
10724
32442
97434
17495
82969
36464
10567
93828
53054
38169
34906
18470
68027
36008
38780
38041
38730
78370
32243
81189
37356
28861
26453
5899
80636
41079
26668
42069
73159
28947
46754
59136
36202
76097
53267
31
15083
22557
3011
14190
54397
74877
44457
68590
47238
21300
30768
16974
75596
89415
92809
97208
21817
52573
82507
52377
95985
91196
59626
80862
88923
23964
23195
48183
45934
57773
3416
48120
93563
18544
99663
28156
32636
68999
7403
81209
31674
8872
27851
92170
43638
19376
40809
44806
80648
28810
67634
41172
8021
16978
43870
66022
31146
28795
35238
90236
33639
96310
43719
10260
31878
93854
26590
86835
7062
70135
68020
17258
15801
27328
99911
13402
26914
53519
20968
99199
5343
19828
50742
11668
67870
35831
52280
54343
52932
10671
69759
76200
39682
7724
67211
22032
81441
56902
4059
30288
51746
47685
35477
59532
4536
62379
34347
44592
66531
58135
93368
27421
18603
51380
63260
87184
39558
4883
45795
75457
70190
15266
45519
49335
40053
16560
81239
5330
56886
4551
28898
33158
82962
27215
69925
52904
37318
77350
36557
6493
46378
23302
60345
77263
80283
7796
34730
69618
20299
22670
35537
89241
69604
3692
79893
81584
58148
53764
9693
30333
90266
59141
57740
70166
76972
63991
44756
16763
53745
27943
87226
71956
35521
20184
60466
34739
46342
92186
28547
83266
32716
33549
64646
45776
64510
8281
68240
74785
97005
31450
4227
88253
15503
1627
68494
45696
5581
54919
88018
31870
53106
90841
33943
48186
84092
79107
2588
50826
5507
85003
14920
49106
44132
3500
51272
88495
10339
48734
7870
4258
59522
40066
86245
21930
96094
3361
54404
81173
85086
3871
72143
83864
62607
56169
9847
81105
66275
63137
52414
7558
94052
32599
4861
70455
2528
61080
82823
99165
38766
59477
71203
80142
62605
56032
34481
68090
64892
17498
68659
65057
6809
86970
2758
24443
54001
91195
76241
26705
38660
92101
58635
69458
9613
30408
22984
58663
60561
97702
64120
71595
39641
61196
66966
68514
42893
59148
69879
76709
95677
54717
95228
83130
85500
80061
44079
39472
28963
7244
27537
73864
54123
7072
22585
21524
23494
37999
63623
34793
40191
41128
92552
27887
41303
52043
92122
74779
58273
75030
48167
98623
51946
9551
18799
29875
48251
69381
25879
22406
3611
54831
52136
48970
61051
78703
21560
14652
92267
19079
89444
80840
22929
40627
17209
41082
66077
77937
88568
83566
91062
38018
26308
75078
60464
43694
78772
82731
73794
29811
74093
64429
9745
10613
83585
28899
47146
45271
28796
67523
64613
82176
34507
54224
29170
65493
44860
18986
40749
37114
40603
96185
67967
42950
98214
58214
25315
57479
86895
75692
29276
56171
36370
7271
34622
63487
41225
68677
35282
94853
90590
12127
76164
26138
85236
37932
54119
42109
47247
67379
37433
61786
60993
15930
77547
21618
13648
25875
12752
15439
43105
46701
79058
18460
94686
24727
32747
80416
17486
53704
84383
96110
56093
29696
94718
16351
44594
42404
3926
80965
718
46451
55035
96319
29778
29600
14645
77970
71618
54332
81619
60650
86282
19803
35185
46799
23885
34105
24949
47117
49528
36761
9473
75646
34166
23215
11263
13161
797
10476
59811
38835
74439
73040
42453
69520
67053
67750
13425
72626
8548
91632
13749
59574
2190
11549
29035
38195
2220
84558
47235
79517
76704
14381
25456
50686
16215
48671
16734
88335
86913
57845
20711
23898
60770
79751
10417
79855
19485
6595
39924
27896
40326
78649
98514
69445
70410
34816
23789
66003
94361
31924
29332
14175
23193
5954
64761
3584
73565
50923
23047
91805
91890
61215
16329
49704
36825
73639
52509
43298
54915
73033
78784
38511
71202
52352
92333
59728
20187
80297
56316
65160
97413
77334
86268
94129
54477
82938
36250
3020
3636
12404
66888
22283
42810
26374
48332
17653
40167
15185
49711
89728
30972
56243
76009
55414
28236
59268
75675
46442
45077
85473
17597
5188
86103
77446
68351
73446
41870
34362
34310
6755
33783
74833
46788
35944
8303
26270
41555
62902
14236
9130
10809
55042
28421
22437
71043
79820
97641
48993
8685
44066
1845
85750
86968
39211
5739
98089
78539
67668
31867
39874
81572
70306
88245
10102
54635
29895
11642
152
62671
32112
5132
33300
91306
24550
63090
35189
15868
79309
1669
32021
33076
31227
3252
26996
19616
66189
27859
99775
80235
66643
40576
28753
22994
20231
26426
9022
28834
31988
10504
81130
67370
20975
4140
90168
1123
66633
76244
2026
10993
503
68625
15575
68197
73146
73623
19768
83666
75841
98647
68127
77438
47126
40030
37142
28590
27612
36893
72151
93228
23333
59613
45490
6
50261
95275
34044
65714
92290
53798
52064
59723
3655
27079
5460
72405
36887
30189
56026
86438
14172
83363
88897
89431
76756
85700
22638
28142
1314
19811
48355
14145
47736
35582
57956
90237
58582
18825
86748
63472
36762
47264
7064
7432
87247
64674
39098
56192
88600
49627
26812
32144
57494
27642
23415
85715
54691
54396
21189
7171
18623
45183
28491
50775
94863
81231
80979
30180
98625
61834
21877
57590
21409
43654
50286
61413
77607
55327
26225
87281
62575
41728
62455
42948
93109
77855
1011
47668
66338
74709
4272
84529
70748
50744
50843
32577
30494
47768
60836
60258
48188
52987
10684
63390
26938
48220
10672
17388
27164
12317
25012
48976
5781
26843
37573
5495
44243
32982
31148
40275
30824
78305
20965
42583
29482
24446
16165
88277
51039
6143
66025
82477
81832
90744
23678
95102
9841
45853
73479
94420
98020
15972
50915
7939
86073
72706
30828
35574
26748
49648
72692
77320
78198
25090
67439
40286
54307
77466
44590
25139
51364
64936
13768
14885
97972
46177
88479
46464
29358
26789
55255
24125
5597
65156
97002
77748
54455
55824
62729
54230
20524
36755
29334
84856
33362
70856
19771
80876
65249
46878
625
7824
89800
20453
25072
7100
60710
4478
99610
50492
24535
3838
38032
19834
39113
32861
58016
21623
59935
92182
26005
46311
90634
52983
88644
44922
45813
28635
92441
60003
72485
73824
69731
94173
78984
58005
66905
833
85867
58656
54648
72897
58834
86769
31610
72531
32296
86517
26222
95579
4207
15611
89446
71681
50002
1546
96578
36267
62609
46268
48603
30120
65415
70510
75312
61580
39565
98288
97664
11377
11752
83145
87924
5668
47330
28025
8916
63366
12898
85549
28599
79876
88836
8699
63891
45342
61548
14100
37077
66969
94699
22316
28400
49386
46213
31173
99548
93614
26609
25354
36687
71877
98828
86349
32197
31683
91387
19269
80034
39960
16377
59226
44509
73419
64009
69028
16323
42291
11750
31443
36411
92682
86425
56825
44337
4618
65861
71264
86113
9611
33733
44837
1585
98261
85165
52316
27595
83645
50174
67018
63041
50133
91174
69116
43747
37612
3797
4860
46404
85002
49066
42229
40882
70718
68220
52424
37427
32969
52860
47551
85333
22369
77062
97804
39308
54763
81598
3674
77402
2121
22760
77846
65772
37030
68811
42046
65238
11170
56578
80871
11017
32282
54070
57942
64735
83011
97279
6341
62122
46875
42412
58124
13153
71627
34552
16191
76308
25083
70274
91887
63050
40989
64183
97268
90863
85350
11789
37854
56994
65622
80190
80387
14491
787
50332
19084
88362
48861
22079
99185
23869
1232
83257
10147
80915
1694
1788
95482
69743
30251
889
5819
6878
86197
96794
81045
95487
91804
36378
90286
21937
77761
35264
23470
79771
37923
87065
60106
74548
86160
71545
7917
18650
1516
37583
79952
40897
67571
41106
59191
98299
57362
67973
48728
42922
69166
82520
86295
30512
13472
99849
54674
33522
52511
78807
57104
41906
32309
76693
22752
22344
65444
77739
33375
70941
19285
47374
58137
78944
91018
41916
47984
47647
26148
80342
98905
91659
29915
1839
1140
21604
38071
5394
66264
96739
88027
85848
46771
33453
2806
39220
46594
60049
12573
76997
86632
80681
87780
48132
52449
69296
17156
52920
22219
75297
99884
21221
68446
51318
92322
94957
62871
90450
99790
17575
82483
18448
63985
41074
24073
55835
85587
42064
48315
46449
83183
71158
98798
6340
5428
50354
65286
1371
58722
98371
53390
9399
12450
59075
94010
87930
67747
32877
50008
28836
28695
57719
66909
41750
4097
71930
71579
33871
98064
7837
91964
77340
40506
21636
69978
48868
67190
40630
84955
16238
88492
44665
24998
33126
59512
45221
97863
87572
12174
64001
94770
26459
63908
16130
25801
3515
93384
18037
37383
73163
59465
7263
4851
78056
94343
85921
23887
28012
5837
95535
43455
11333
48883
62412
79570
56310
72921
3757
33010
66864
48142
29258
75214
60485
77966
8798
31972
5894
44282
35663
34300
4100
48890
64516
94412
3054
44233
6805
36316
68611
21202
52114
60947
88679
51056
27844
1500
14283
49761
60220
60712
88893
76206
81916
23329
27230
81096
23900
49149
53890
97009
74893
44865
13861
51129
38404
3400
87317
56430
85985
64005
5296
32103
37531
7911
50265
23626
44306
96747
62681
49948
3980
14261
94677
27535
48181
60792
43349
88065
87202
39443
56809
32224
78863
179
1614
89880
77930
41415
92624
30873
2673
30313
29624
58162
1698
59313
36542
30418
44676
20036
2381
5936
97787
92006
95152
59752
30376
9094
27017
42942
76355
8379
19808
40709
52776
96889
71818
71047
42639
75685
18975
90417
80381
36953
97233
88192
77778
60410
15894
32017
72830
268
46847
18257
96930
29353
74402
18467
91437
17412
37558
62255
40020
88648
59778
95832
26460
79992
56696
93339
24373
38023
32398
43917
11389
1716
21748
46534
96914
78366
95517
49342
56378
19231
64070
91087
8026
77071
40302
90864
67308
71251
54519
81306
40756
96156
73095
72579
62563
90211
21804
42608
25036
20389
21546
53732
79370
52729
96253
1255
95384
93318
16894
40265
83119
8996
58547
23884
71153
23362
32610
32699
91339
19711
82485
86594
13442
73863
95341
13941
9961
56023
22838
5261
55242
77992
69765
45226
61367
64858
88930
30258
13430
36649
33545
24841
34018
18814
57126
77883
21435
33559
20194
45978
46156
85932
82425
85708
96385
54169
93487
42730
19554
27414
29991
32040
60508
2008
49363
16307
73084
15254
93930
42361
89232
11533
85387
57971
47654
93126
56042
36180
47727
68226
81159
5113
54082
66935
18168
41165
97793
27370
44638
39539
55346
27874
86797
85118
13459
42048
21534
14521
29393
82788
69596
14414
4208
18769
37564
27703
94715
20875
65095
89754
83835
41538
34201
89850
30208
37661
90141
48334
16035
21846
32064
72349
87238
87242
14612
77553
69764
90711
97922
57885
57022
53032
9800
40961
61342
74990
89795
48781
53215
62017
77412
14770
14107
81977
67518
28602
18177
81954
35983
14904
19018
50312
38447
93989
91541
59363
60027
89750
93978
61998
94620
97866
84554
63918
41998
32007
55523
19653
75379
5086
8249
38348
5748
5985
31914
49886
75406
44943
14197
80262
98191
37650
8201
31655
23379
28104
18798
32593
37478
45691
88684
59298
56915
77712
70451
43326
86035
10128
45388
90661
35972
3448
23099
43232
97180
59575
35924
26680
77488
51297
35208
89005
85778
19940
22425
4688
559
35542
10386
79871
9902
19394
92210
30374
47924
97884
40002
14515
94179
49846
96438
23576
44210
12340
67800
18230
81369
9839
58585
56377
91542
52851
6828
46610
85279
83412
42373
70371
1213
26954
37981
64497
36173
23862
59478
54106
10754
8391
40087
15931
99695
19447
32520
74068
51663
11623
20010
77609
25412
10555
20877
1398
40706
31306
29169
556
39295
41970
66181
11057
27619
88317
46107
77624
72127
63018
60796
77834
1745
9449
2033
48764
95830
94451
56591
18501
8712
28728
80599
45333
36407
1775
67762
87285
37124
32394
5105
57892
97989
78462
57418
36782
7717
9344
17131
27716
58507
44196
41029
59654
42917
26349
33633
8666
18502
42662
24445
76366
82915
49160
33187
41485
10001
93213
23433
51789
44171
82987
45153
99915
31907
99660
80160
24299
75667
19278
22177
42385
59135
54315
10848
97834
71518
89992
26040
93188
19937
60622
70696
12531
59567
39756
29231
45970
72832
63934
46542
25830
66367
10844
97574
30490
43657
34517
27824
51091
58591
95148
48845
41135
22092
4518
44349
47774
47497
91352
37279
43729
76353
79197
81071
16327
19328
25107
95382
90305
12726
90699
27750
82446
39430
20663
10353
36385
27497
6873
70287
1345
34130
33371
32827
54959
87943
68635
93635
57365
26824
59119
29554
24322
41773
19545
65429
70595
31525
20774
35361
62394
11574
18596
46961
27504
11727
68882
18780
44421
28620
11009
59750
26964
39919
55725
82413
9177
28737
42544
13030
5139
30626
23309
80420
21688
6093
86979
78801
82555
75642
7369
24410
86575
46811
82457
60195
51012
79174
41940
7478
21638
14718
16637
36737
9194
89984
61322
59354
44310
17115
31872
70187
64691
78195
83326
13264
54046
84134
24762
60612
51794
14049
84215
68642
89442
28010
62335
63665
97104
37935
16641
58512
29319
31781
50158
14331
11644
55094
84649
98412
28088
74774
26968
44761
78456
82972
54030
50926
72537
49014
91162
16768
80860
74817
41840
33694
612
4508
91472
691
22516
14155
73859
81348
53572
55867
55438
41869
42540
33213
77181
56926
91498
24306
64472
70584
78914
69059
7110
6105
69817
70313
22708
14227
79867
43748
40402
3975
64015
50066
45176
99589
55627
92689
24391
35660
47463
35828
41703
36855
22556
25748
60639
68674
6264
43923
96465
59669
97400
27785
6954
24209
65218
60505
66017
25799
83839
48546
79305
2239
59530
36897
33489
11424
38623
60928
47179
89907
9136
55339
36525
84923
73789
73828
68114
49833
69198
91884
63296
83755
62936
33254
49500
39731
3080
35442
20690
4932
39973
39684
91959
65245
16872
21112
7566
3753
15856
90561
95265
23621
49695
45643
18290
61745
8630
24236
88156
81090
215
4786
76373
50953
93821
6057
16739
59980
51742
15380
91249
70754
76209
86484
34066
19930
5527
38377
47432
85616
25372
52116
81364
90556
32453
66159
38718
52734
59128
23639
42400
37802
18237
68757
53286
99475
80311
97542
46410
25977
48442
48068
50305
80572
38181
51133
75536
56676
58385
85163
50136
60052
95170
75494
25006
59673
37079
51666
49170
9433
1751
62880
7914
92594
24450
24856
52788
42799
635
60369
98090
74045
43461
72972
19470
74346
73224
2260
48028
53233
52569
33118
50860
86674
68321
68224
37402
70307
14480
80288
69594
11036
67038
61858
27847
23158
64243
62227
10765
7561
17384
92487
22239
14475
13350
79722
64738
11137
26350
17501
42626
73895
90712
36388
44497
87359
75748
23370
89922
35693
525
10227
93405
44198
75479
43174
5618
89359
33865
76602
22659
72725
79914
35776
79477
22381
78428
65043
83488
98626
10330
23402
71606
1568
88728
10217
25378
6402
86957
46891
31213
80232
65580
82762
53012
86420
96272
11357
73894
85717
46328
27658
43277
75758
87471
61833
20744
69422
95939
10325
29902
548
26133
5125
13686
79192
432
80229
49795
19917
26861
55539
9914
64122
1735
49197
84595
88870
79985
57989
88711
6214
3185
20341
98250
29385
27940
88364
62643
15709
50959
85465
28843
62801
4928
73983
59343
82824
74118
67159
53564
64528
80827
37131
5773
22981
43246
23276
27388
43643
730
18254
21627
12121
27891
53951
80804
27812
32311
44633
47847
773
33361
94950
67611
42541
57190
81184
912
76368
98113
62971
53563
77723
62797
8415
93879
87833
69036
98332
60533
17354
63437
53365
62891
32425
47780
45349
76201
20897
18694
76940
81007
87098
52838
76243
49917
28131
97481
50993
37023
720
54217
39891
55292
13232
68177
59629
15529
29399
42180
12222
37569
17333
3382
44239
69538
97304
81410
63463
1304
80296
33644
22900
56921
75833
28652
1045
41757
92515
85825
42499
72769
17671
61757
27892
11121
31614
44452
77329
86278
68528
4570
46720
62189
18129
87595
40454
15159
87802
46909
56280
50348
81355
3603
29072
82463
42549
61291
6702
89561
46235
79502
61013
66287
91639
32196
2300
9666
22859
49816
38559
5658
16620
77227
76187
23114
41542
12633
38326
96259
87931
52382
25691
52038
86333
84781
23631
69058
1424
61268
13491
50623
3816
10245
38286
54818
49784
74776
27578
6497
24928
96160
56942
40061
72101
54419
32108
49470
26360
56402
9768
50330
12126
49299
20330
50294
43384
63150
66358
97452
93953
39808
36844
93036
92610
26613
60892
18387
49930
46339
32455
61093
87570
4754
20987
18076
96496
52894
71531
55647
93988
99127
67771
18019
13393
37525
50101
58348
33338
75920
71882
32283
71825
21173
10134
18443
18318
76786
39109
78629
58487
13878
65330
34316
31433
73585
52084
33499
39127
7875
80382
60276
77124
33089
34930
94305
76520
38650
87465
6820
87413
15073
49423
41507
86858
39259
35014
14519
87514
75653
64276
33875
10230
64553
30147
58759
73088
37339
66872
17577
33841
59407
10451
53192
19235
65143
46583
36906
26253
18328
88673
84855
85820
19156
78341
77974
81255
19998
82209
77634
6175
21850
5022
75760
89704
16814
51589
19487
34002
97732
13297
16497
20976
62564
58386
16572
92465
57665
40496
84922
20781
7898
1848
76858
33893
57826
81224
86218
6748
12936
12749
77379
7059
23998
13971
36491
15634
57265
72209
50533
41011
20966
2129
43201
56147
70082
36500
68720
12252
73383
83617
31687
31964
4801
62280
40633
54969
93383
74620
5613
54114
51646
6298
30174
55355
67500
30280
18235
18519
92063
96869
17363
16883
37857
76336
84754
6783
10397
54588
6867
42808
51264
47270
28759
99223
71244
57755
78527
60387
52011
13289
36803
37638
77626
41634
36703
31000
5626
88769
34157
29853
73122
37759
45127
89867
68810
67776
43248
27576
74021
34969
37042
66066
980
32550
49435
49432
51862
17904
67804
10422
15965
35101
68701
11683
1477
97280
39062
24223
29780
44967
32313
48319
20244
69697
93597
54633
30401
49226
75125
73055
78103
57518
85391
21665
42956
13490
77173
38747
91750
37749
25790
61475
16644
10475
79835
42980
94296
1573
8460
46011
58025
4113
21942
17813
63994
60734
26457
71643
38722
87540
7341
1139
4112
61594
93104
60105
48317
2741
97332
68091
76150
9396
47329
82398
2656
24578
34715
87577
14041
99658
61309
26304
86762
7573
16557
23752
49360
46554
46157
53661
91876
1819
36997
39680
12600
50186
79285
43395
33326
27687
97042
61642
61518
8305
19001
91800
97061
27928
79829
57808
29739
9203
99171
53841
52139
52092
85078
64687
68184
20041
72612
32727
29490
86519
61984
19910
22135
92452
61120
51616
15354
34988
57871
22744
23774
99430
48049
1943
97396
18894
16880
45538
14547
50333
68609
8715
61787
64084
39664
57834
47502
23091
86052
63655
21505
90002
29446
38243
55557
64130
49785
98994
91532
68095
60368
29044
45398
17475
68518
84524
99837
38428
76729
49677
23352
42756
97368
89942
8997
13223
81091
45837
47747
23205
28604
83639
17096
22589
76282
22062
41663
85598
78523
48730
87520
32606
2908
19107
94380
84372
62239
6739
42184
59715
12837
90539
51432
9311
67240
96228
51314
79039
13968
98509
22390
62958
46294
47272
63300
75714
72977
51883
59521
86502
91950
94408
77541
1801
16285
73949
84751
65783
36502
11776
37824
48199
43959
12114
36414
39567
15369
42721
26071
91762
68079
84935
72186
3290
79427
12446
62336
20320
89495
76346
84363
56263
36307
78675
78108
37112
6537
55419
36404
10564
63972
62049
41400
92699
70459
95858
1215
13660
92650
56652
24875
68615
41901
57289
98889
78337
15262
21867
63917
24175
99591
36691
10413
4965
82889
47687
58955
19319
32668
21594
52121
12863
57195
78985
68159
17290
32006
10338
37021
38207
70060
13400
94953
16632
55082
76081
86394
91461
76044
45807
70644
23522
11627
42677
53337
31233
86229
93381
83953
36172
88640
45640
89133
92746
27309
71425
4866
60512
95790
78221
75419
7533
74070
72235
40339
16434
15682
45761
83465
12688
45178
22148
35273
76367
83153
10857
65567
88623
75496
48302
61088
70935
3152
37097
76842
25534
61352
85696
53525
93085
60122
16536
8904
65370
17733
20783
77979
65300
62766
9392
7495
63005
62737
56719
5271
17427
64968
19490
82407
51148
11909
72755
53320
11730
54182
51426
40739
70186
59106
69311
86154
24502
19875
72135
45187
16787
8646
59029
28674
46002
20830
24600
1902
12673
80115
75046
57891
39141
3990
57653
69849
89214
29412
96856
42828
85780
20295
76886
40571
50071
28089
63009
69644
58916
40085
84598
68392
80302
26430
97801
63651
9553
48064
89478
87092
339
82334
65224
81818
32695
68580
49114
62804
28250
12145
75029
5126
38818
19336
58918
47210
72750
42248
46421
7712
99362
3647
27915
54563
71668
18352
63782
91286
78204
42998
27296
77361
14627
30631
99294
39402
7448
54607
67840
72981
73757
44957
68646
10707
9315
14281
29472
90117
35967
70691
8691
41129
96058
18219
48081
5279
97548
54840
80049
23393
36554
81787
84246
50939
7893
56912
82534
20635
2909
3027
82238
57650
39228
47252
81390
74733
62286
20749
7628
51444
90206
99087
59318
25392
38575
99053
61801
91721
23728
25211
31894
39218
69168
69958
6195
97255
27608
88058
25370
1491
32450
77296
18317
94469
51184
35748
38107
2846
81879
95518
55225
16363
16358
52355
58966
93797
15638
90816
70556
93454
52919
58633
23092
71746
30747
69147
35
75424
92016
28699
66298
41526
90636
1814
57106
77198
54313
89119
54112
70354
64758
65001
99058
69610
4894
65263
74546
48515
12001
98593
59841
34078
65378
90702
66673
7653
76546
4877
92757
60343
28492
41067
99097
31808
31246
92025
76261
95481
77893
69741
73507
67415
80981
14470
63694
2555
10373
69368
4050
5629
95243
16919
57839
66463
75811
86717
25223
41577
22085
84873
56959
94750
6890
33889
96801
80680
4393
745
67906
98048
35535
89337
11259
75847
82758
24819
23932
42975
63537
56781
4771
36106
28463
35890
94473
76770
70632
39547
33917
51043
13779
59083
8677
76699
94824
46422
41035
24136
20707
34359
2962
63505
1197
343
58260
20340
15653
62493
86638
68709
10329
88739
77572
50562
61458
8501
85106
91699
9346
98932
94017
74735
76056
67592
48849
43597
63922
67062
92711
61815
82506
45669
38911
63481
14096
53254
21900
46629
300
82066
31212
48369
99325
866
57685
48646
78967
91539
91536
82107
62962
46441
97257
90890
75975
21737
9790
94266
88139
64073
38270
53685
17600
82717
28399
87532
76122
86449
61266
74944
85776
97629
59550
14194
90149
50026
59308
56350
91823
98680
59485
21595
88413
62245
35234
587
54067
66236
9716
38137
42342
81315
73258
12598
39968
77826
77101
34129
93032
59317
28887
81251
23829
58789
95269
64815
1918
24165
83492
77650
21579
55651
24712
49204
93460
97833
15937
10332
216
21387
48322
78034
22252
570
14889
61659
7859
1262
2561
70571
69156
70847
50292
46657
22184
58530
78438
55202
723
2765
78813
51933
77016
42553
38614
42764
25752
55853
69677
8688
23935
90500
25794
7559
48497
35487
73647
42067
29182
90923
5700
30889
63385
41437
17062
66124
27645
72228
52171
42486
1407
45819
43258
66019
38588
14424
44156
86523
99381
21559
37429
54676
2553
30602
46329
65103
75973
195
4806
7164
71212
2562
38229
92778
84949
37491
79050
70925
99054
54703
6764
2404
3747
9954
12583
86991
50852
89236
37098
60966
98451
26584
93187
9073
45075
29699
30264
87992
182
98102
16573
25413
40067
86997
66339
90111
64214
73797
30570
93845
76171
95606
96003
18
84260
93422
20121
80374
16411
39950
57563
68921
98160
73483
53462
34488
20724
29146
79166
29999
41277
32271
59961
75009
76087
48948
81623
5388
36575
76148
18647
27366
70011
87107
55494
12637
85147
71089
46291
63407
52173
62016
25737
81210
19142
8367
11531
46140
12210
50510
35147
79239
4893
69569
70799
69487
13055
81135
84069
60810
41091
44743
19839
9235
91126
92545
82284
51019
20777
98401
3221
77063
56359
81714
17947
17765
68736
82778
76884
7693
22769
67179
12324
14146
13177
68191
87005
87063
58044
63639
46155
68910
89953
84782
75433
91404
32905
54029
68700
86064
47504
97093
50827
5063
80887
23282
96571
72777
28238
48884
42071
45504
92153
12555
95934
46640
17337
86277
52222
53973
84218
24343
19205
1496
74411
40913
93494
63297
96613
73674
68
98009
72178
98068
25481
30379
46988
26416
19468
19402
62077
18606
34350
36300
87354
60806
69499
41292
16802
34896
77301
45536
73604
77653
17759
94876
85972
50719
34623
84542
27398
82361
16714
76178
76968
94904
361
18700
31249
28966
84392
9924
23625
25
7925
41532
41370
62125
53509
27683
69575
69455
51282
65979
97753
85833
63108
25425
30720
96093
21694
23537
6796
83282
80830
10049
27726
98698
9638
33316
8016
86397
40276
94934
2359
7864
42294
66343
14869
23385
85092
90563
77775
54993
39369
45546
49054
32306
96355
21007
51775
83037
78497
36930
92790
83349
12602
55479
50748
41296
96387
29856
33063
59353
44340
47536
2511
77842
81014
43
33764
64957
22246
97141
9593
89196
50034
46359
459
68686
26247
36156
39025
69108
16254
78119
64017
4202
36955
88178
83428
4313
87681
30610
50853
82603
39028
60927
85631
15661
37536
83246
64870
24164
67168
33610
84792
77639
19237
74760
13405
72678
90077
98692
50052
44956
48303
37584
51542
54612
45974
44612
37326
66175
12767
18891
77138
40959
31968
68694
98686
37398
96685
4722
65935
62822
78913
28447
65518
27725
33245
59123
65210
30409
20691
77455
32814
56757
59068
73240
40820
4773
21853
51611
8886
62527
6692
31336
72199
88508
49508
56668
73909
79276
7324
66386
5585
24707
21496
52178
13973
76640
4161
48687
53460
25288
71120
94774
391
44690
68452
37291
98786
51555
93542
50857
69835
3227
90263
87255
92097
10464
41763
32010
903
65450
50238
95441
95414
98505
95118
18747
67537
57882
95120
84066
50937
84084
70965
21273
34941
7568
53737
85379
70622
63594
46015
80246
60453
25511
52393
38777
82941
47156
95301
44075
60873
24409
50220
52045
32718
38827
53235
82324
31004
27400
42537
97850
28169
57694
77898
8668
1738
22547
35903
31018
97643
91756
85026
52350
89028
28450
3705
14111
92100
37860
90946
13981
6737
14351
88431
55463
65574
75848
41567
42098
97980
22975
20752
50300
18373
99481
52450
71546
71255
46806
16660
93448
8884
3588
58105
57835
30595
810
59290
53470
38981
38369
24416
98133
76518
72021
96221
39969
9948
98017
43968
79215
72325
2812
50858
70603
76897
70095
13254
75300
67704
47289
13598
396
79126
91977
85665
85329
15136
71075
93062
91471
80693
97408
57459
64269
44524
88559
78136
86933
59399
24766
93061
32097
28340
85711
69194
70435
17888
40093
83629
4335
3488
94694
27553
79663
22482
50225
8577
67566
35524
28659
82133
21037
61026
56353
49985
60187
59843
29405
23413
71660
29532
35555
17092
23437
40018
10620
83928
36594
12529
16264
65303
61421
86426
15307
47001
2767
21875
33360
77456
10992
92781
51845
30872
64526
20919
71991
3278
24920
21971
16504
62429
70903
90052
81605
33092
16813
94191
35294
62444
40901
21314
38577
94783
26088
31675
39917
38340
74386
64066
64098
90336
50552
5770
44714
54842
14755
90345
91559
30023
41159
3076
97818
29968
86635
71842
67714
30910
50112
85328
79335
86998
50795
12650
16822
95320
77641
27575
66016
92816
38583
55469
28325
55332
25483
16224
77377
98228
13658
34640
33217
71207
37868
45903
91
55250
47189
49624
49537
19423
52046
63965
68377
3458
84711
73198
68503
69190
25562
12515
14091
58969
66295
37645
20152
22091
24807
64722
73514
79921
75487
57404
61306
95094
67857
95863
5910
66817
49372
76430
70120
8994
29642
69277
86271
42087
58922
13026
77004
81131
23858
88941
53903
3186
46932
69375
5481
37134
24836
89993
71813
82097
52791
6844
49187
57030
3233
26392
28291
27855
79998
67613
90676
59287
84300
79583
31693
34547
78543
95236
77530
47839
92748
55954
83677
85787
89002
61563
46146
99203
73401
13987
78674
78486
93290
79037
91892
74079
48193
44674
75822
73389
70758
25161
40136
73740
5159
10401
58297
26238
78484
25248
9657
8443
14318
55381
99245
58104
64140
47201
86321
13041
21385
14665
83127
45445
55368
70041
70433
69914
15687
66928
4538
94751
36942
99112
58173
92540
61822
16259
53426
37663
86417
11345
30358
26901
45755
10492
13951
92704
61054
1131
5975
56107
614
86352
30672
66825
21129
65361
66300
64030
38176
57100
35646
47870
13280
32364
73108
175
62809
35871
73500
87140
39043
34292
95674
86838
18064
74236
61802
91005
91711
3136
89526
78033
5234
51559
98727
87808
71488
6024
57417
91289
66638
85507
60705
37825
94128
92091
71610
68419
74928
6731
40711
66013
85855
92674
35650
2449
16604
98021
75063
60385
8809
41588
55869
12292
11497
37763
27294
31617
75569
45044
46637
74003
91838
9002
31272
68600
52124
99290
24140
78948
61637
50586
85245
95200
9229
36333
61287
85612
26980
52080
2887
1696
83140
49613
20938
65112
99909
44338
39639
93501
55563
50398
34133
50531
71751
529
19040
61596
54414
47017
55103
19466
4402
91506
81532
52982
20911
55267
64853
21717
96909
22779
51910
66453
9627
30564
48788
86031
96539
66515
44535
39593
79118
23255
12670
76591
41883
96501
62530
72555
83471
79059
4597
94762
95207
78000
55616
55087
11717
59340
18357
99330
41513
87272
28978
29435
53916
55873
91396
80248
35812
68086
58021
97894
48012
39413
89656
2172
24512
57711
73454
66598
49116
16040
20081
66430
23036
59546
9992
9357
33669
55672
64572
12014
87084
40688
45010
46397
28582
32790
9033
6473
25205
95995
51737
61252
23710
43787
91665
15590
54898
3857
52261
37972
95667
65347
75262
51631
72622
77665
39057
50380
74824
87640
14696
84420
70576
44501
27094
15997
87529
27793
82736
73620
92597
25624
39581
92968
31533
77495
60992
77387
97457
36704
23833
42372
8564
7814
27256
56600
99737
87825
76236
62677
98433
14921
26826
88950
29025
96836
35018
28322
73719
96033
64350
32728
71973
96269
6285
76610
40126
13930
88934
61305
39110
99019
71987
94603
33668
70224
46797
52934
92764
64399
16100
98507
51204
51761
53158
83516
97604
31740
24581
48780
19774
65258
29885
46053
26124
92542
18213
95872
80185
3885
88328
20529
61752
36471
25811
88455
87512
29733
37330
28122
3778
44179
90253
84840
41473
81344
75459
14134
838
78268
67546
83476
19011
90547
49050
83785
78951
74812
86647
55495
53369
83621
63270
24340
15733
52645
62901
8526
90047
82672
79662
14147
90205
46563
96877
69511
3590
75452
10607
94214
12847
21047
48514
99436
40559
51362
7380
62794
16898
24983
33340
73341
28856
2743
53010
57039
94777
45308
37849
25024
80083
19762
82139
95911
94404
15061
27402
30159
32507
50977
44387
58227
20685
86565
30707
3368
25018
7617
60556
82409
77683
356
46369
22484
98687
27089
9699
94161
53653
68164
9325
71678
83649
66791
85628
97260
85403
19280
82853
38211
74698
39787
31960
73347
63593
71490
63262
40992
1129
22417
70452
26913
98585
10920
21175
63999
94609
56083
76323
79084
42449
21410
3673
70802
42595
88687
26402
61696
18421
26893
44652
15077
50384
98525
79460
48207
21731
56540
1219
17664
77302
90625
21677
13498
34373
74291
55427
20252
87781
27181
88108
41838
90557
71427
79320
2502
59202
81805
12427
68634
3517
71189
85233
20857
64807
70429
97440
65015
26847
68368
46251
99540
71385
51981
72825
85159
25212
58410
62450
36974
24774
60608
40468
80399
57006
36229
26796
18429
73142
65544
32980
67259
88664
39926
68498
25411
23279
21449
86839
13374
28894
96776
76228
80880
59595
95974
90045
69782
5564
55743
81000
46653
73902
95949
89889
35051
12861
19874
97735
17616
89618
48679
6881
25557
16087
30627
78979
48122
45751
13301
70380
16835
83196
67596
46072
988
36923
59113
8678
11766
14554
53212
36248
5325
46206
43040
30928
7517
9204
76465
57279
7058
35367
68877
50930
49910
34200
49104
32005
10935
89371
92706
85302
46945
13546
13143
48576
57377
34376
85418
72770
22100
23121
32932
26995
12631
23178
83640
21716
72751
48958
485
7460
19990
77172
51409
85512
84657
26578
91707
48740
44639
89486
91273
36925
82637
63797
8332
32642
18039
40861
39099
95698
53843
97464
32118
66796
61476
52682
78326
26038
29064
3917
69658
66361
91728
92178
47547
7149
96184
22515
36147
10612
43095
25279
92408
38979
78085
21208
43492
49696
81400
91178
10365
78887
86756
95387
85903
94530
53855
31768
29036
52582
64345
58869
42209
96345
45981
95683
53839
14021
4590
42380
8248
88225
16447
66018
27393
99021
46938
38260
63772
8369
57708
11955
95224
9923
3374
71702
16533
79975
13276
8922
91462
95145
1932
93842
49311
45709
9755
3051
18711
43434
94383
90402
60355
38282
82553
65005
70911
57941
11064
79880
98522
71701
66138
4034
50452
16249
77224
68094
59373
26725
61389
89633
39706
89888
34533
84557
3822
27826
26599
86342
57078
70570
5368
25804
5792
22804
47280
55234
20317
1630
88779
30541
77902
52764
10076
19160
63488
84684
19880
18045
1847
10186
96292
89783
37152
58389
63498
97083
42788
87340
48547
38327
44013
37236
38816
13746
44113
5757
39548
87368
23914
94707
75835
83375
39594
79004
48731
60238
74056
3142
39572
84640
87796
32562
89818
58652
35919
42570
65242
17641
94831
43209
8403
18608
47901
55010
1161
97158
99285
1366
59816
23176
94346
93234
8387
13711
55066
22312
96907
44261
10730
40548
56054
27622
51305
96824
93619
47878
68201
53498
88405
2975
47620
74428
65895
95181
7451
4535
31261
88639
46664
81180
20709
78192
66290
15352
84577
71851
2047
7904
49441
31709
74584
92721
68035
26667
66519
79733
77702
31357
80357
66984
48834
73331
18340
66490
85649
94182
63935
12429
61803
97660
89466
69319
24545
92188
5406
80210
6118
10188
18428
597
55100
42381
25133
20035
11560
60788
46842
58816
76732
52024
56691
64499
79124
70108
15772
75044
43475
59743
44336
6169
17199
19527
42218
80884
95937
43938
8245
6859
64744
54829
47058
98990
82411
48725
63829
15815
64087
58033
37647
27440
1604
5842
89834
42960
21082
93317
10376
11442
69064
24282
6135
30779
49713
66730
46300
39212
11116
37506
29786
99497
56556
41960
59760
48909
84981
48759
72900
43684
75629
48653
90339
15285
70805
67302
94680
39630
65641
6131
47514
55649
92268
34020
63427
14820
64667
3604
52918
67358
31564
23679
7651
63145
38799
29013
51960
27736
45977
59265
50386
39253
3589
91727
12838
72201
87177
88772
45299
32685
72807
42856
21583
93945
90042
3428
17349
62439
43756
42977
31408
7180
11401
59304
279
76581
20091
10389
59008
70819
23835
40614
8125
31888
67229
97229
41560
82138
59650
44495
9113
6198
882
98588
42673
25631
17204
27207
9771
44617
80586
39744
58200
25873
1176
64779
66396
90698
97132
47911
8498
24556
73213
69091
96558
26874
95865
58520
52241
29476
56802
57699
7487
32927
46675
89934
41467
82119
73438
23131
71272
59742
52452
71400
26196
76007
44111
88100
13034
3737
62537
40672
17398
47393
84235
22646
68136
4947
48838
84031
63791
12059
54532
54856
31142
86037
6807
89031
83665
43612
11911
46326
36064
56249
82207
76614
53606
64090
69014
54758
6038
7553
73588
51690
46240
43194
18666
58728
36443
72666
62846
96621
82979
51491
36144
34951
9747
2200
77732
18239
67121
14230
59731
99619
15144
32246
17803
22331
54952
95189
92425
45114
55386
37540
630
31182
65588
33260
87442
54899
13237
65660
68487
83821
71876
86600
57705
91512
85677
96512
99488
22596
79203
28316
95214
59861
33837
91921
78809
19134
60168
98853
38223
77799
98476
79241
93841
27902
18874
19568
91109
95137
13747
6294
97620
8157
33546
30858
521
41628
92014
57097
63063
25260
29510
6880
984
17906
99114
65784
58790
3423
41793
55521
91507
17667
20741
48095
54760
69069
18480
11147
1856
42812
90462
54302
96548
93082
36562
54083
44281
62658
96322
8550
47294
29981
601
45045
10367
33006
39725
36650
3183
16117
4554
84323
42136
51329
77879
94827
31391
35662
2354
13084
17421
97919
59610
92471
85764
5560
46180
73366
17971
64742
78036
61142
15294
11376
74623
39984
80904
5423
60635
87030
39115
16648
12409
3149
45048
86242
67418
22758
26394
52146
53495
43339
12939
84904
87473
37550
55461
63813
78293
57228
79213
69284
4842
88901
82159
68807
1520
84555
16007
16304
90908
7345
8619
98504
49604
71006
91601
36213
81767
58829
40291
50484
92588
44385
74205
17270
14179
90460
19542
70338
45638
68017
78059
75357
61759
92388
43621
97960
24001
80312
4793
6416
80889
54671
25131
57243
98921
34361
54394
48860
51841
373
46175
5464
66211
50114
9560
91521
27591
54464
74157
34554
32339
39026
35512
41770
41654
74989
4924
72508
23866
42406
66410
10041
26161
98085
88618
4671
60595
8867
91746
19884
14517
88355
88563
96736
7743
53444
90586
74707
68991
94739
27659
52003
92486
70910
27885
10222
41494
1724
79755
52725
2191
66663
38394
30060
3812
70336
70788
56486
59280
90356
75311
63116
43910
46546
706
17834
69876
17054
47160
21243
12382
44403
69767
87544
82497
78686
72866
45953
67230
16197
74301
62559
96195
21301
74082
71777
93323
77310
44417
85263
85343
66762
48950
3494
32896
9218
23019
1439
48503
45532
70975
67021
53328
62364
17707
9421
1629
23226
18447
98779
90029
99525
47336
15846
12888
36679
38675
9018
74959
27209
22041
55796
45731
96731
77782
2020
10244
17432
75165
26439
2623
57988
43015
38892
11658
43995
20516
3220
53454
39126
22871
45343
88939
99587
42921
13174
37230
73356
86252
15223
52654
54821
79833
28968
34500
76810
92884
19661
52963
38867
19104
58443
95230
42653
81305
38442
2573
35181
99348
35177
68809
92910
29279
36590
44330
33141
2334
51143
46138
89748
40944
92354
89110
48776
67859
32597
34967
46003
9226
45926
38989
62701
41021
71306
88057
10319
31860
94299
56636
21231
38016
13315
72245
14909
39530
32182
95728
50268
33788
10793
70824
77717
60450
29923
71484
24942
69141
6258
10581
80687
77203
98270
25805
20720
60180
4560
78037
42326
63777
51255
97474
36813
17499
11054
65272
8047
54891
56300
49827
88337
18712
67193
99311
62418
82874
82215
47565
85137
88915
71867
67929
32225
46062
35313
4708
67496
8317
13870
8439
42743
76277
47186
2805
33414
52000
19681
83066
44599
54033
27942
53016
44257
47957
43453
64629
94455
42571
47874
1385
13184
45716
23170
30242
79882
39805
11250
86287
22657
13224
71459
90623
42226
69006
63729
88001
27557
65912
52961
53665
49756
95712
82241
99143
31795
97489
19758
42800
60145
72242
55204
32773
23495
72747
59614
62112
29729
65215
45899
27592
63350
43728
96580
29864
26206
11023
74993
77019
98827
22452
59203
16289
37392
27158
48280
67624
15005
37911
49991
26747
28404
79661
32970
24857
61116
21927
2323
70958
96811
49330
95633
67853
17225
86238
76376
78159
73745
4794
96816
16498
82619
83410
20348
73029
45327
28745
1829
31963
69222
90616
56582
2921
41042
16214
99278
70143
70192
82027
63372
67465
77266
19307
58779
77043
80421
38251
87935
16442
5171
11069
45862
81430
78110
95807
33186
64311
72908
88868
60381
5476
77143
43967
51421
50865
42292
68270
4373
74217
26850
95692
13448
47489
64881
18920
33185
67639
84813
30493
88882
49617
86878
85480
44613
35336
84926
45639
56341
74049
26771
31058
3094
15110
82547
495
4744
6346
34006
31841
86350
99403
5686
36638
67431
85393
16482
98933
21342
83079
97539
96069
4734
61446
81662
26617
52330
28114
84881
52912
76296
91182
28464
53808
28808
16052
26131
48540
82826
10143
82271
48126
59180
97521
57304
39595
70936
81062
19353
68358
52718
27506
3930
78822
39673
6321
39160
19042
80715
59908
7104
69734
76286
48330
87533
75971
1784
42349
15492
59120
54065
79354
74782
19956
26761
53036
78845
93887
81044
23933
81934
14984
92686
67169
85259
69215
52543
19180
14029
87539
22967
68365
29140
37845
9982
65366
4498
49757
95229
52808
20157
37086
33011
46642
91372
44532
49237
51591
12695
20112
43790
30968
8814
73999
64570
58602
80702
9756
5886
25899
88681
24087
30515
58139
158
53517
70973
39145
74676
2321
31356
81433
18209
71762
83247
75040
97147
58546
70299
45499
65483
18459
17043
63618
87634
34998
54488
58978
45391
77764
6746
10137
19181
83220
7277
43083
92198
81046
93485
61237
39873
57211
88320
85886
38441
46211
99447
34983
44946
85966
61526
32176
46861
39355
51961
44049
41250
26983
1342
55686
1850
91494
72572
74025
31288
93315
35624
54249
50170
12297
11694
69230
48885
69247
23825
63615
1509
6075
96119
40773
89080
87685
37087
41695
32665
72392
50003
70763
17150
35912
41119
15095
72509
18684
48755
22051
58554
84153
28801
70722
652
79643
58616
48090
75391
67030
88188
48775
13302
78265
33343
89724
61599
65099
40667
89453
63893
3625
13800
78381
13330
55704
51592
30804
12627
70739
98697
79628
36867
18331
50509
43219
20942
10879
80409
24376
89237
83577
74130
92858
96248
22852
37467
90334
97303
16433
96950
96446
57397
44167
30375
95927
60374
97251
93527
95151
66235
28377
72318
81965
71800
78571
44561
59175
56901
40469
97216
81234
39197
66382
85569
76036
34453
88733
22526
87901
64977
49738
62596
94433
86475
64970
37783
55423
21482
8589
48488
85168
12985
38324
9486
59192
97755
80085
90109
58690
14952
22762
67913
43751
13510
99664
58498
38245
68608
79301
60868
27360
26822
59112
60619
43284
16287
35207
23053
7634
49619
67364
85267
3073
44052
57556
25049
820
3833
14131
34989
73313
39733
62137
23706
27598
44047
82983
27558
39790
33806
28532
95453
97523
13949
55857
45335
35143
73765
28754
75630
45406
51967
70998
50733
4896
44550
94531
16061
92144
57
88019
7227
38109
35054
91242
63715
53377
93469
42030
97310
18157
52063
13793
43586
87058
96079
47085
3381
54890
18680
55083
29833
15616
32404
6674
23208
97442
23363
23126
75775
43987
12832
23384
55709
96076
2210
85446
30305
99937
25382
25922
67673
66225
87027
69260
51254
84400
32030
60633
17134
59941
27153
81078
6249
38821
35260
92658
19753
75195
6703
99340
8869
53767
58265
73888
69702
53547
9193
80017
95743
87076
9088
10011
74307
25619
97137
86903
45098
65645
87976
30913
9171
84028
51813
92080
73429
48718
68378
46343
29880
83829
93265
89797
8386
45128
72675
5256
74212
59870
25496
72192
41832
3000
22522
28244
94460
16017
28302
89909
79782
99982
92948
96064
35017
94403
83241
57366
57141
72667
14728
67899
37969
41643
1538
62234
17588
96638
38639
4266
9972
30940
81088
17886
83876
38938
13619
24668
1501
66734
87597
31426
97211
58900
82735
35931
54215
51534
64960
74510
29746
93895
90593
43188
16943
65675
28710
5798
13126
74626
14638
65051
42345
96176
29986
13439
68744
4224
40241
4243
64859
7709
84359
75978
97507
85942
40578
22983
79977
28279
68046
67864
78253
48298
18159
32191
21974
30029
7298
66941
6263
28116
40955
12447
9252
65101
75140
34108
96402
2415
18247
70089
70163
30098
11726
27147
95420
76091
4716
23912
73535
16316
93704
34057
63664
19140
15025
68262
31086
60038
94407
82658
67366
79909
98738
90223
10596
65229
62196
64972
93952
69663
74090
48675
72130
78308
31874
70309
34389
43005
32473
93019
96397
98209
26864
82904
31107
92129
79499
16980
97409
2559
17852
9485
21575
33155
60058
98041
59675
13939
31933
99024
86673
56928
6360
51231
60986
31147
4078
44414
83741
10989
52669
95456
24241
92332
1462
56963
77445
41324
23162
43045
82599
28666
9686
34426
28110
10447
40705
70703
29390
91176
35585
88006
7482
88502
30430
90743
8148
31100
44700
29636
20363
8393
65227
43035
72447
52971
45811
94046
58939
77473
56940
55030
6246
64158
42464
725
67386
83255
65867
46907
62728
55905
82573
77018
16575
33090
75814
20993
37431
47598
75593
6496
14061
63840
18840
5727
2383
91224
58380
9894
11141
61859
7999
25887
4895
95828
75346
4633
34661
53134
48372
29359
30380
61671
65217
25480
99309
9600
89085
97895
65807
1475
47799
76864
19637
34637
41254
27471
3115
21849
28354
8974
42770
51025
52166
64293
15833
66881
29626
8808
7571
33244
48161
28973
96797
28424
1312
52696
74598
10840
61749
83912
27068
68285
61496
61868
70940
82488
46935
93444
34415
62033
72711
24098
61407
52095
85427
20265
40307
73226
51435
39222
1555
2929
94203
72466
84253
51195
5967
87942
1816
34235
22520
32484
6542
26945
13386
31483
95326
38104
17640
83589
93717
63428
99993
77165
14906
76436
70860
61528
39854
8697
35254
26523
36936
60408
24720
33022
82927
22014
65318
30659
86685
70052
67796
7877
15905
44554
47428
61394
44130
5491
41227
76481
2579
59544
5881
52320
1923
10266
17037
64567
96643
98116
48620
13216
92136
90773
84761
15070
31962
4195
60456
98797
40718
87316
88312
16558
98045
52334
68821
291
80526
18082
87617
63535
91729
81613
66721
86751
5868
32744
68511
34999
87682
52312
45715
93644
28829
82142
20713
99581
98396
29612
62416
84242
68655
66055
52096
99791
40340
27119
91930
25683
33958
59805
86623
3876
83500
14910
94501
9254
31432
91597
75234
71768
22302
59158
77450
46676
73336
48254
95161
94005
89030
79908
52593
29275
15569
84752
93533
30878
5846
22918
23584
86712
96662
5752
54639
55533
81059
86508
30915
33470
41691
11938
64620
58881
14186
93925
71935
89472
11708
53760
33393
61718
41944
98131
75705
24662
59077
48318
31549
8183
90878
353
66840
1979
4795
43470
16786
3894
99961
10336
4872
53429
74685
63756
66624
40336
98357
49257
85489
49262
92287
87178
7854
74978
49192
16654
30356
7073
16900
28736
64106
3672
62247
73413
21514
83631
44519
40103
93824
26325
19409
96746
9720
18675
77394
81199
88682
46051
57673
30456
3566
52825
3785
87528
59116
57217
98754
25247
99244
56937
66837
11134
54877
51121
41911
57980
17217
84644
54851
29280
38219
42057
44154
55086
57399
52761
56519
50082
72703
99806
37341
5651
93390
87587
49549
91595
94611
74005
17955
32992
85264
94811
8327
42041
46725
17855
11703
52250
68031
10994
44671
75832
91110
43230
58015
55113
57066
88109
814
96303
70178
90824
27907
19334
95859
32530
39275
21023
35467
9515
81906
81497
8835
33306
84224
56219
96764
11291
48445
17633
91720
46046
99727
98138
10961
21020
73453
48313
32913
16582
54861
45810
34973
87131
4275
6787
61314
56792
37963
32950
82674
96886
48984
79982
50567
69450
99850
25892
47285
60442
55650
17048
11507
42278
15609
49959
13813
79714
64048
79851
74455
96514
2798
91068
31939
44868
60747
43865
64558
52537
23510
91918
82450
30002
15746
52864
73822
96690
79748
78594
51842
71241
26464
95990
85220
55663
19029
54074
14445
29292
46082
5202
83743
51269
65734
35231
95686
62164
55241
71201
32256
1492
58355
90466
73402
43294
58388
24684
84815
23143
30042
90361
35557
73239
99665
51831
22160
96020
11993
57621
44262
23853
76697
43812
80124
96130
44937
77111
43676
86577
92094
6037
56929
21108
18101
78088
74800
82856
17068
38743
17824
19179
58580
77038
921
97596
49144
55473
88096
23978
39306
96489
47132
63653
37149
16970
68591
13112
22087
20269
96692
8491
4427
97513
64875
7466
77254
49893
73116
69039
15416
17238
97012
51920
19294
81921
88671
6605
21078
1289
15524
57400
79715
47325
15388
89433
88706
10815
94910
25572
85154
74572
64524
74469
83508
2044
13074
53885
58719
57360
60116
86754
60690
45597
95742
76037
30609
59794
57420
50695
41328
3581
14722
14550
26072
25285
39913
98615
26697
31009
93746
86353
83735
94880
44099
64062
55882
67301
65668
13489
73390
10926
41197
26708
46576
74590
86108
94649
37327
79810
74444
63415
11725
64849
86707
25594
8232
20753
29509
68282
50540
75618
5016
79130
13098
70674
72415
78186
42010
1827
52234
79701
75886
83980
19395
48563
40425
86622
69264
37106
18323
66889
18194
70375
40774
74814
54977
284
38504
38882
65868
27031
27495
62254
67177
15735
4623
73385
30977
53588
48917
33078
40231
6750
72872
44342
57561
99373
78089
42289
71688
30582
29066
26678
79095
4945
73421
97461
43299
97549
76040
18224
40112
84298
72979
65498
83048
73435
7595
90517
98063
47713
82436
11187
89339
97776
82954
29037
36195
17091
36399
58423
51365
96976
44201
91324
92564
52426
5129
56987
2055
58294
37371
56208
43611
9563
96830
41900
13384
28784
66208
70808
65936
84265
54917
92004
13608
13324
87044
74987
68096
92257
3349
69907
92156
37779
84907
14746
74869
97004
77492
32374
56045
9475
10735
8751
24453
32419
93851
71534
85765
52159
81202
69316
81839
68133
98468
84716
36175
94768
125
30194
12916
84345
47070
81296
14010
96165
48732
9753
54849
99323
31526
67838
834
21922
85751
59781
72993
6150
25858
58632
99191
97478
66764
39082
5685
44159
48354
72321
13840
13518
61850
3404
64732
54467
196
20879
82112
61400
22466
79159
61940
54714
13385
32755
89338
29944
536
5472
2196
41465
40153
90181
13885
74895
73099
27860
30528
89477
89418
66680
28001
62229
96352
83105
81987
58664
8238
18714
33770
56649
24687
55863
20998
85956
89459
28772
36109
90694
69533
69653
92368
28764
65577
4282
7442
6215
36979
36635
1964
33629
80850
94468
14731
43753
98473
23792
29839
47790
31946
86703
69953
61688
61304
79435
94912
22801
68525
29511
51166
70620
38491
65086
80251
38373
30658
46832
48076
37046
32190
10822
65933
93513
5021
95887
35761
82005
84096
15522
73427
20818
35704
6371
62553
60331
96067
19922
40139
34485
59708
83505
32167
50708
15007
1051
88763
18915
78167
22865
75426
93162
77733
24775
78169
33662
35603
95816
43393
53595
20227
51580
24096
61853
92728
27200
41841
15689
28837
66172
191
22031
67365
53298
54102
49183
32725
53262
79188
56069
41195
70156
53864
39186
4759
9062
24659
73606
19463
85394
75557
96682
40017
52590
75454
95159
54039
1351
38291
64195
58776
95632
52588
13508
5767
45744
10944
44381
49790
13278
25491
8020
31175
1201
26735
40715
89649
98065
91262
65708
697
25384
57591
21917
33503
44704
9437
36392
1939
82523
67606
52564
71253
59556
57505
52427
58971
80486
20390
48872
70714
40128
2254
52278
23196
19716
48531
20994
79143
29580
57944
32518
43001
42311
93624
52065
47715
45258
12230
6848
94147
92327
86194
80156
66504
82378
50594
23666
36143
97128
72812
49945
75938
43831
44390
21437
41537
54012
70181
80891
91212
75052
3663
52845
39915
50401
23879
81461
63499
99052
82149
73467
1978
85367
98259
63755
7856
44878
29627
49464
89665
32141
44230
64961
34652
52660
91592
98233
65871
14683
60900
87887
86403
60686
95264
4686
40257
24318
36444
34825
51903
38044
60100
74180
46302
93250
83369
25092
3687
72501
71277
84195
26903
79607
76352
92791
81716
99952
17435
24425
59703
51792
95714
45948
3839
79256
88558
3613
90501
40918
31296
57776
47760
837
61015
76496
51011
35838
26971
22755
78935
36627
9700
64963
77719
71386
73686
43213
38717
34329
38161
51936
32075
317
56729
900
73243
65316
11338
19836
7066
91958
14215
47863
21292
3153
22573
10020
70328
2793
31411
61657
27724
4428
73843
49027
36027
29458
59637
97045
77187
58576
42539
47266
6666
33583
97465
55305
1988
97199
62400
53060
93806
3257
42123
21218
87940
99741
26279
22106
65642
36605
47496
77949
89951
35914
58765
16195
64969
67644
48050
55294
6814
75103
79895
63851
50498
90271
8941
52367
22844
98660
24958
17205
22198
60234
77059
3933
66369
1732
58306
80121
23406
62139
99650
17769
65179
6742
48104
84866
81874
55502
60323
71575
44692
82767
1544
86013
23983
18731
42840
73026
34435
19665
52004
31282
5297
83281
84384
56291
76046
89544
96118
65141
4022
33740
82721
32524
40196
41992
92945
71504
88047
73321
38490
135
49658
62202
99985
13560
20134
80546
1154
39326
76463
46274
75517
58240
12988
50116
4305
99756
40198
53897
33
71899
69267
68008
30272
71273
92579
88007
37265
43409
84115
87353
49352
98450
59475
6611
43147
74569
15914
93029
68596
48537
39496
48891
41432
38309
71125
7704
39040
5150
9461
69617
95238
53193
2382
57383
99799
41488
92031
75633
1867
58661
62351
65705
26218
56899
60881
89157
68894
93804
20239
27389
64714
1672
68777
54153
60708
10778
73484
52831
43323
79824
29240
54073
13722
38528
26087
29774
52130
23344
83187
96461
82911
29469
4115
51449
5766
53073
23938
84531
15717
96800
95099
36830
41100
852
47128
68163
69699
78346
95040
16081
71232
97761
28871
36769
16688
84320
63969
62152
64104
39518
19794
80653
66168
32688
18068
73058
19632
97962
99275
21192
99411
8943
94081
37961
52965
89272
76710
9462
4506
62496
96832
27532
89510
22162
96193
50771
95169
20988
47572
93606
42860
57974
78933
77414
66474
48911
3836
69221
37503
65917
59331
15684
7124
80704
35194
49899
53497
55872
53185
1487
7398
82502
57283
24457
6405
78022
38946
67532
80167
3640
23462
25405
55341
14958
61644
71360
92460
66642
17342
59635
2027
47777
28293
1490
15353
22823
41088
28503
87134
37850
82931
66063
40841
77705
98988
817
4230
68958
85172
76137
69034
49276
99772
45553
41579
16855
99077
93608
80666
81450
31503
645
39442
96593
25249
33930
18604
10163
83293
91281
58309
35332
30817
37665
44894
42144
31474
31669
18851
99916
88787
62381
46621
69553
33863
71551
6225
8112
20822
80752
27041
2657
23297
1507
56397
19759
76246
14662
56261
92130
34335
63726
41273
58996
68408
60303
11573
66120
44480
47340
65953
14189
12286
78314
920
83248
87883
27639
20500
94519
20057
46574
67604
14859
87800
89114
94253
52803
28864
46401
90018
43330
53963
63704
16608
42451
61481
78873
25479
97785
15260
97572
83774
50287
39793
71320
63170
68605
11597
94448
81951
88184
85057
94567
80774
56066
79314
72019
64368
94537
61824
13252
56523
74319
22714
16375
40219
74631
136
42593
73933
53749
91314
19900
61320
27334
83634
62257
5790
46711
31812
4103
12686
27042
2855
32680
37545
68126
23503
53025
73172
87435
13583
27990
40015
39156
39412
70244
54400
35546
65827
23551
24768
25717
15176
99062
48796
30467
65556
76393
85450
29960
15807
94808
16971
76910
24627
98992
37458
88014
79436
63222
83580
4448
48844
18208
95165
49970
97294
75519
93853
46065
25101
36707
14949
91778
76962
80326
58037
54544
84386
89100
47988
88751
98114
80669
60781
69508
32342
68803
42316
13644
16938
39560
85424
63645
15514
61354
58151
93173
3524
35961
70141
47744
46495
56467
96146
7480
67642
56794
40175
74001
14777
39871
4533
51402
55980
39018
29321
14588
77905
38702
90996
80508
22078
66149
68846
91522
38745
87673
383
96777
70974
74724
16427
58680
91482
8089
72180
89131
83930
61846
50609
92021
93310
87954
85516
31117
12946
17636
96473
83830
60946
88210
46804
60678
80554
24291
37978
18861
85916
52244
34398
60648
94372
87960
36379
53887
38234
29926
47704
79862
73323
14835
45118
14857
72091
55919
62555
44912
33483
14576
20008
19644
64775
16018
378
80372
55117
56869
92386
36926
1349
25438
94245
40426
5612
23090
21984
95634
5772
65873
64817
32795
96815
70189
30309
29948
68772
70532
23700
59457
95124
84534
28153
89055
61638
72289
16906
54357
78827
76125
14967
4613
86642
40783
45277
49143
92363
34885
58984
27540
99833
33111
18075
23258
9245
91836
83999
55884
60095
6467
35823
12580
69335
37119
36017
52215
59045
72345
23412
37705
54378
73460
71943
55317
73773
4501
24332
36910
14596
70266
20238
85135
57441
77813
95402
95986
22957
27452
61960
17139
35925
66646
64428
74109
69433
34262
72885
89376
55812
52113
84506
21657
82256
91797
15390
80695
53157
28076
79463
40873
19115
21565
11463
75734
52768
66289
12443
32628
73234
86152
49515
8593
29639
85521
40206
483
49049
89081
81106
86189
81151
23072
45518
23137
45201
29917
77341
21451
28544
77083
45281
24569
83436
45598
46171
23783
2824
43251
78878
40708
57704
40978
11020
14262
67835
52925
4649
21571
50688
12063
48589
58605
53746
86138
7808
51389
68426
92999
39172
45355
61324
3668
97779
59618
4248
21486
15949
91421
26647
51249
78454
13426
15564
88278
15523
20763
96507
22925
95774
66395
18912
5062
32748
18787
60658
33273
63825
30989
38644
68243
77617
24593
46718
50203
26738
19072
70823
8830
74453
91070
1415
57185
5361
3093
36889
96934
24295
15785
43606
9127
73325
77216
86223
44591
42197
12274
84468
22602
58292
74312
64857
46458
37668
33814
12231
66559
35388
75285
42398
64836
32922
56779
7624
98118
11190
25610
18408
55497
32361
83993
9668
51088
10099
24069
54539
78753
24092
28627
28132
18313
74035
89990
48520
79400
86719
76793
15493
18307
82494
2011
37572
35459
37143
83501
38042
36766
67799
2945
42058
70461
45969
82199
11095
34136
29078
90418
26442
9697
54045
62366
19343
53128
62551
30936
30062
66390
62778
47121
61165
77951
63899
48737
75395
39738
4306
10931
13171
70817
42505
53187
38873
6727
39121
97986
60888
83695
14325
10494
33832
8340
29342
97062
12917
88012
16839
75298
99212
42178
21805
68998
97610
28011
81920
95869
88408
59565
21914
74977
28212
61483
80611
60218
2834
91602
42500
33580
36728
82586
87736
69090
25674
59085
72976
85499
88168
42607
18713
81774
25077
55394
54721
57232
10390
88462
1874
71187
86129
57720
63788
76883
82022
15066
2525
92715
98765
15918
80503
97740
18928
98206
26186
71199
76270
4006
88996
9949
51386
35897
32786
98011
32062
31752
4563
47036
67471
66496
58039
75991
95471
11477
62360
67484
74270
26216
60219
61253
4694
8862
23832
23557
48713
85748
87538
47664
41276
69423
53353
55081
14827
72320
54792
43240
20384
83100
65816
47841
99524
58325
36805
26006
8822
64185
29300
43268
75780
91940
94398
45371
19361
90483
81346
87118
7667
88935
64988
84857
96301
34660
4639
47367
97851
822
52347
75240
96970
62114
66207
6041
17627
27997
31463
57004
66690
8713
11135
37764
16510
30267
94899
58330
96462
92134
50319
83582
45630
19016
8085
82258
83805
20980
5571
86226
68439
42173
61817
63330
25188
74308
10800
37686
34714
31604
87880
83922
30802
41411
2510
79361
22645
46233
50418
47595
20568
52793
8128
38801
25228
21803
72303
69429
90459
23038
59143
52044
14321
61415
50454
90855
48869
7874
1134
34782
34834
11741
74216
34319
10520
87555
76740
9665
25297
89826
28331
76848
93969
6568
865
42416
15711
24042
7606
95548
33870
33826
99886
67216
393
28915
15528
53280
90314
23632
24489
17844
57638
87677
40696
50525
34592
54896
64591
14902
78126
749
74668
28649
63007
76828
68754
76070
35990
62209
30078
74520
40154
2892
58415
9748
84537
99078
73115
58953
90365
89218
39281
18474
88234
26403
17958
44048
22095
32798
93601
78170
99418
63274
6262
18679
71111
42646
57962
9175
79322
3250
77042
47508
88232
37813
16759
6204
82809
56211
27956
91806
5642
81192
59168
63301
17374
56659
50910
50541
41784
70215
3394
15836
3429
44119
19196
10876
72893
59932
34505
54162
38481
22349
5786
49971
48501
783
15055
24415
55529
91642
46538
48436
12061
36827
3707
47648
58402
59848
97498
38126
19618
95713
17252
49205
45453
12073
8864
46772
63026
32656
86974
30551
58568
66769
59409
4341
96523
37453
84238
78848
13918
77861
17488
76698
14563
72708
84720
69289
51363
415
14482
90900
55395
42281
66368
3302
30050
21941
41892
84418
11589
38704
48968
7016
34412
59806
30311
85134
28008
5059
58324
54150
53669
27043
13268
53015
53863
2648
81650
60763
66080
66743
75181
43565
55482
61842
70970
14578
76890
61515
98963
9991
74637
93959
55149
94665
43002
36200
97385
93893
71793
6518
49329
76010
18586
66852
98452
7818
99656
9278
35493
50981
50436
68843
74752
11821
67719
45827
12090
53500
76329
78129
25612
91663
76362
42005
56462
9020
88845
96559
26375
7733
15613
95539
51470
40296
18478
5726
1595
23525
5908
18069
36409
67839
59195
19482
77202
69540
82710
97837
74826
34908
47466
87244
79137
92479
7664
17566
4377
58075
56317
99508
12074
18704
14062
94044
20930
65524
53990
80524
48526
66221
87842
62943
23030
54698
96506
25622
33504
56711
59300
62484
14633
31235
41806
497
75348
43103
39005
95031
47862
38322
83299
88451
96655
60707
80114
61098
66915
2977
99889
88314
54587
92474
82100
11956
69568
22675
23336
16474
84068
99750
41527
88552
15358
76589
77097
85374
51995
42384
46427
92062
60847
41455
8368
26122
89623
88120
50221
46039
90337
44425
29577
81121
43912
50716
39949
80488
7087
69042
89630
6709
89298
28056
70150
43970
39299
17885
42490
36794
69599
54720
86654
60998
85192
87819
79086
42379
99113
62567
65773
27688
57749
41083
15178
71159
90293
52510
98904
60127
78282
54259
53055
91389
94987
53985
922
60850
4607
94284
81483
1753
50561
77535
40348
2166
23717
1743
4036
84099
43480
30299
43363
34268
8947
70205
56432
40489
20525
89410
72111
30674
9780
10205
97927
65539
87633
80673
47039
60025
5101
87324
69509
6533
75729
64370
72630
38433
75227
10117
78383
50328
8169
60585
89138
41760
8250
88853
95984
14267
66753
402
35479
63311
63202
70293
31193
77635
6259
82392
75109
45732
5292
70846
40019
59237
20979
77496
38242
10659
2203
79569
42752
31947
63490
44188
85702
54483
23014
2099
27372
14641
18316
86702
73428
83851
87957
35087
26869
30911
31880
90507
4342
35457
72387
14995
21555
61617
4944
80929
57645
65266
97947
57240
50934
66821
36800
78972
48061
91534
59994
5127
65071
55881
90288
12342
15650
89518
98456
27541
830
97299
65874
85571
12009
78491
45522
71556
76512
78989
45603
29441
32555
5245
91170
92193
81132
56742
65751
84261
43542
81109
99552
8653
12184
71226
480
58715
37168
90041
37154
14407
71836
25358
88081
54309
53639
38548
20011
1249
47765
29537
61907
19422
57948
52600
54239
78795
65706
58584
14296
77636
74123
81425
28878
7969
51185
29272
96287
84624
33137
43581
37570
39538
93737
20496
6168
40721
1865
72025
61598
41386
81249
27376
61009
21335
46814
54323
1765
2331
73885
44298
96802
28324
26562
28625
36236
77582
92341
75745
66111
41823
81325
15500
11566
37203
27
95651
51307
19162
16026
62590
92232
9146
48670
56461
24244
80197
74952
78544
7641
88142
71381
48009
34553
13636
42767
59052
70623
47023
68434
23658
42392
71538
59772
37289
83485
58304
38582
23144
25577
61233
41413
77085
40098
40570
96106
76489
49615
11914
97892
97286
28645
16699
6386
93787
37651
2229
34368
8525
86767
67553
7129
84797
54199
87029
72013
99628
35130
43151
51797
99531
77845
65987
76059
76898
64768
13300
10506
42852
38974
43700
45617
99692
2709
16139
37231
12665
46552
88215
27960
50119
14434
59931
24064
20815
87057
94483
64282
4933
47558
1343
25603
86498
75486
37563
54240
93752
49897
78304
50967
39260
78116
11847
20834
40740
150
46484
90770
37049
46654
7861
49476
18998
15987
49181
8849
49261
37955
82669
52910
12639
12761
14942
90126
15069
12814
26355
36142
91825
91101
14813
88230
73472
4031
81446
19094
33030
62378
2077
80531
32420
66631
87899
14937
50700
70133
14473
55814
60636
78379
695
54168
18884
97161
6843
5356
13423
64883
16704
27171
69142
54913
96805
27149
49884
98409
48166
94006
10377
45933
30402
51369
16556
85483
19420
77086
85316
88267
30283
21776
99942
42205
86351
67071
60330
46613
81587
75655
16135
59505
46473
23936
2986
34792
3180
38928
31209
65988
81396
76538
38901
95929
80131
70550
23129
90960
36656
66942
49754
54697
74156
21179
76470
46393
1594
22297
83188
14945
53170
78021
89073
18582
87009
44971
39092
81229
55994
45195
71885
21144
45092
44584
96504
9264
98700
96991
11933
44144
1493
17729
12361
82837
97748
89619
36294
27022
20442
78886
40650
96442
56409
82801
67505
93838
49383
79070
84442
71494
29117
1111
10652
4098
43590
23434
7434
48606
28632
79220
89318
44549
54344
95650
25769
30894
77096
2586
34243
79759
17772
38549
16866
40076
66351
5260
2002
3774
36182
11928
38505
31597
37228
52349
83831
19649
83578
23613
30537
6854
30723
31943
92114
17952
56960
47834
79513
41492
3706
55943
76673
70207
36413
34862
56214
13726
18326
28196
92119
50307
92216
28813
94086
90851
18427
90038
44010
17188
44365
78921
53338
31672
64031
10940
72247
93697
32494
59711
19139
4904
31975
18900
32258
5400
92498
32032
18251
50099
47588
63030
97032
99121
89771
17533
9429
59538
63764
95598
71788
66850
24956
71026
97889
25140
84829
26608
11470
63339
93330
52737
3176
11419
24810
25449
78158
7685
69472
56552
53859
37660
59076
66694
92795
40100
13523
48544
99920
56028
1192
54696
26424
38984
84902
34459
12976
68496
76449
78836
66991
44067
99128
83887
91580
46598
79377
7222
35172
11877
95905
129
26736
50569
11545
57292
10657
26860
41864
7224
9937
53340
96612
18222
82891
55179
68545
278
86677
43827
74020
98296
75213
48477
6363
83697
89425
52779
54614
76121
36820
64544
596
63981
15916
91046
53816
51711
81160
20405
12699
41464
33042
85620
40547
17055
91245
92318
86215
99149
94956
10752
67428
32080
45460
37617
58798
22494
97688
3087
79102
80036
89060
40848
57147
74240
19300
47520
99018
76184
78858
33053
75079
92841
62223
54523
98662
54225
54675
5433
78135
43106
55721
25565
3184
82759
85774
76687
94991
84639
45494
16393
94390
86256
36972
99742
59681
29977
62069
30436
58940
83685
33897
47945
64037
83039
42941
91593
70783
84579
94767
69209
39208
82747
81590
63860
53627
1182
43292
24847
76306
23950
74200
95928
93
40699
52458
15639
56281
45713
14206
16242
99066
28099
60738
53293
7774
30764
97214
19433
29535
35065
15591
31648
30676
7330
94564
63605
58878
70662
88055
21290
46153
81157
9190
78764
68816
14913
99354
47649
10889
49341
57452
40842
37828
17644
94170
86254
80110
53555
16340
24204
38232
21554
65683
36415
56907
69308
80976
18532
40151
8731
17072
17850
82420
12275
79164
32179
76868
42654
94130
8400
87614
1004
62536
88805
5782
64901
36669
87505
84032
97428
23635
64568
11067
27425
1512
36047
43358
99070
84029
70523
93358
8680
14266
15158
47141
29706
73875
26683
89980
25720
22250
44709
5562
29675
85227
97555
99786
63221
86886
48306
90513
11718
5730
44537
80819
23997
50697
80944
34812
10418
65546
81475
34265
65158
14916
79116
47176
17932
94381
5838
38166
77948
12966
58545
27763
20738
3821
43281
51926
61392
64920
13306
51343
95576
51609
33405
77157
61507
56768
69583
68267
59189
89669
27084
92058
94560
92076
22986
93905
83462
12257
87876
27040
49946
71860
84444
37745
80433
97381
83182
47525
94532
2325
82521
53165
12819
5602
82950
59423
6016
47298
58913
468
69547
57794
64264
58337
205
54288
76271
89505
17735
62738
80523
85235
77256
83628
73316
12178
56741
39038
24543
45753
85954
40381
25637
15072
18715
50530
4772
48291
20701
3271
60962
68669
64156
3925
39716
71353
99239
82976
75108
96357
49863
95732
40383
11857
71310
50990
50334
6631
41647
92889
44223
11810
46057
51642
52896
75182
87133
90619
88080
64420
8019
98694
69461
3352
23055
47812
34247
87332
86562
43469
89470
61155
29286
54418
61370
67443
38061
49804
61543
3528
75318
13503
95153
98310
72642
38986
45634
79873
19514
88212
17574
27581
46724
96841
85360
71342
9968
55456
86553
29255
57067
41597
20804
53796
94742
7537
3710
96734
89695
14017
81099
24355
74613
80842
82728
26448
39672
79048
54085
67384
6443
35720
20611
21468
24038
28072
45049
34013
98618
95261
37358
16985
66562
65543
89770
12629
50669
69082
61625
98777
8651
30756
51463
39695
53043
98003
69768
42026
60731
81524
45228
21870
47349
24601
60135
71328
36863
60722
28660
28123
14766
24166
73636
21945
30168
5797
17901
99576
2040
29987
89041
2750
47969
94344
52360
87055
19970
79390
47320
88370
84142
9341
44028
83169
86939
66301
5267
25231
95006
71096
90974
57743
31211
50949
5214
64029
67945
48116
15497
91497
35334
92308
99862
33049
57298
38796
47676
4975
15906
62843
76395
74219
39086
4228
36268
72880
34246
30904
53728
47304
83189
4495
55769
98497
21415
3700
42867
77805
12211
71451
23643
63818
55883
57538
99945
39470
55937
74327
45448
11805
5395
2589
53249
25650
89281
38543
51849
79136
68602
48981
97122
82304
73568
52739
10075
6377
16180
8068
23268
12220
62715
40474
24778
85718
32613
47250
98320
64990
35080
1382
30073
60503
86008
67125
18893
10666
54939
32133
15643
80473
87099
56272
91184
73529
97881
10662
38072
39879
11164
56256
94232
13318
69192
77269
17127
3537
5803
39449
79381
6472
12113
68912
47074
56800
95749
23305
58762
84002
96436
1591
79244
49300
61091
9107
98521
70018
36466
53503
28069
72569
79222
31250
36922
5195
29317
18435
1578
96377
4065
5024
79960
42347
42244
96696
38776
65064
61600
44657
445
2148
34342
97202
97870
32491
2050
46356
71853
7588
21641
90157
1261
57730
67662
34097
79737
12251
56168
29464
12164
80642
48952
8247
74344
38193
78001
73809
87756
60221
37671
18298
91734
79682
9814
47677
81658
7204
78526
47149
64441
89439
77103
43206
45267
90861
17056
7871
74424
5896
21566
81167
61841
39064
28881
79850
67577
91330
49350
22171
12544
7289
37707
89740
84679
12762
4273
58411
43538
96350
67298
93155
70462
74269
84827
67016
41236
35119
39482
42585
15861
2329
26099
16098
47612
30321
27957
47708
26779
59568
15430
12064
3902
31052
73543
76916
65981
68568
18211
86757
5147
85839
82175
91058
92072
98343
70469
11724
53800
16539
3084
10797
58349
1452
84596
80475
14818
54110
40789
38510
59899
73547
15593
47721
11265
62893
73098
3514
15677
25200
76771
22996
45988
3744
96540
55299
53896
7006
52048
19083
13463
66309
33135
40250
81437
50147
81222
60478
91034
26905
52899
97443
72083
33238
46840
85482
57158
81539
44570
96745
41206
26652
29800
56075
61209
47982
45527
36494
59416
58089
99069
45112
33664
9741
44672
94917
60679
77581
27834
72181
31358
95180
53357
9521
66548
3124
19736
2979
14328
78380
79620
24460
65514
45425
45175
91040
92595
89388
88663
20665
68988
45540
79826
29237
21656
89435
63659
47788
43305
28483
51726
94859
52859
24422
16968
33070
25585
26987
45297
78250
92125
22671
22380
24400
85605
33014
65597
39698
94332
20807
47967
84669
6362
90885
40094
44507
65631
8494
21267
72453
38144
59734
96418
68250
8944
96882
81526
23444
4855
16463
38393
81060
3651
24149
15171
91345
55458
66760
19641
56840
21821
54640
81910
44954
30108
71221
85455
57492
90491
20947
56368
22694
80853
75277
73193
25276
87012
43718
49260
29943
66206
16987
99289
73038
88638
27121
82026
14956
7232
22510
64324
59366
89452
84316
42038
48680
32390
89177
58291
25283
23441
21074
17914
83110
76830
60162
29250
80119
1067
261
48559
9289
57300
41395
69643
76001
46472
64926
35674
37684
35514
95220
88737
30231
56133
34850
9583
25665
80066
2603
5156
83910
88776
65956
20158
16570
51512
63648
99925
47130
59768
48088
2062
62834
5483
72834
5904
76707
6090
24183
73442
83643
76173
90980
66536
96819
38147
92599
41361
7246
95188
74646
8337
74272
46047
62022
85528
3711
83315
99088
30704
29930
96183
80985
13421
15289
90787
64215
73506
55460
87741
55465
33648
67342
25597
68312
25559
96169
49975
95217
76255
53164
80920
28867
68099
93627
42318
79167
22284
75940
87023
11614
57753
3128
36285
90384
897
72438
93208
49543
79556
8894
27950
60232
69534
41438
96544
10484
62057
78019
52031
94185
46638
8727
2100
71621
71462
48894
68089
29420
95329
76067
40404
8929
40264
76170
89752
41688
8181
33514
15170
10173
67552
43020
94887
5706
33407
97828
60605
12535
57745
70812
85226
91252
94123
86085
35616
54658
44226
33884
35575
8433
37840
1527
11746
80484
78826
92151
4216
44997
81292
76734
94725
87865
38564
19114
89841
7534
83550
45485
82986
71657
49539
41522
39485
68424
45989
64803
93722
34674
84086
6582
52211
49687
31662
87663
30348
89166
88938
68476
82414
90621
78844
4070
88083
38465
74028
32247
38576
11434
87824
85860
12460
95196
68760
42093
6870
92934
93928
36450
4213
72817
63185
93661
87548
16607
72780
34328
47095
46820
57302
15300
78785
13998
65367
54889
56859
57657
4328
95138
19962
58393
35808
78603
66524
35649
36726
55136
22358
90742
60213
24820
35894
21048
78843
569
45480
57056
33710
28125
11153
97374
76447
54290
79786
76369
64312
79706
37603
11306
94525
63257
86700
54857
34151
1891
44311
52880
52577
29307
37317
78423
83909
59391
98665
92068
12281
72197
32882
50284
6332
6015
24017
60666
77676
80094
86236
74648
14064
55514
25703
33526
48165
66095
27114
21950
62544
49875
53683
46911
54534
39164
83292
59010
25970
45072
81875
58573
19047
52260
67511
80060
68234
20597
94782
72956
29608
60698
95338
33681
57321
17936
49839
94822
73439
75974
34894
40033
34855
76576
64052
55747
94518
58825
92972
19330
88591
8870
39866
9642
67587
22740
77522
78589
89113
77211
41608
91039
54152
57683
82793
68726
30074
67538
67885
59666
60471
94539
5038
66466
4740
45615
87552
9796
61585
6964
39049
67594
49463
64313
2772
51197
7644
73394
99172
71561
98606
28986
97232
3274
13927
70047
1072
58364
22753
5498
7944
84718
2598
66681
24566
45686
74037
88009
82232
55749
88629
75302
26328
92107
450
29756
80613
37388
64074
62371
7418
99407
2444
51131
54926
26984
19019
43846
96817
63585
21862
82590
24911
79083
44536
55929
92490
67338
76904
61276
35158
78815
51969
5315
95508
89853
56607
79145
68477
31756
79761
86586
88954
79261
68203
18970
83539
28860
83384
27739
59463
98563
67603
63031
63305
5172
37422
80023
90648
94670
32410
14812
26815
20379
57075
71759
82754
14353
92958
42175
31161
58824
34833
81834
66392
65845
33189
1372
25295
50680
78671
13681
22248
72951
27253
98993
9262
23560
81462
51988
82252
10919
44900
11182
66571
87004
23816
72867
42232
3401
20331
62356
35290
66705
53007
6432
47532
88307
51499
55008
52804
72054
75651
95635
11918
66844
57646
54548
48773
61832
50349
31273
59924
37396
55238
64371
7820
92626
5892
97114
22612
56961
77667
41114
29313
53198
34801
15296
60409
16669
79096
67139
46163
82487
42599
24237
60222
28549
88092
74074
6236
45982
21550
86095
98260
48415
36317
16414
16376
9754
33086
63889
98008
97011
41213
9529
18025
24954
61715
62123
96910
91296
26626
24902
99649
8463
85685
70863
22142
16344
46166
25744
85851
35136
74898
50087
94219
93904
16797
64586
99894
19620
96005
44663
4292
57549
12647
63284
8304
90512
76053
89765
62070
96204
9791
94703
75869
107
12025
94682
29821
76193
4519
57759
44269
25461
12860
4838
23638
89090
43584
48762
28557
9905
83398
41799
54709
55049
65957
47593
42645
6390
70413
55384
35836
28335
90176
51455
47801
70611
49813
58475
47384
55135
83919
78295
91280
7497
57139
74529
67865
38659
57959
15842
77847
37146
73405
37715
88899
54267
42736
24330
34815
61344
40831
60319
59090
55735
80361
5389
28019
22568
74754
73968
25184
23814
78578
954
5691
16339
74614
39755
11819
60726
79316
52650
8581
77451
29122
68359
12962
5931
46513
96274
64877
20874
29889
75237
25179
28938
39257
25171
22261
23369
65709
94467
68305
95765
49272
18805
49071
78581
86580
92269
48903
74527
538
32813
29089
74830
15087
73612
85541
62108
94503
7303
99147
41828
12376
97709
97623
8908
96390
41683
30447
18774
22019
97379
67156
62956
1031
80500
94964
21619
59779
38907
75658
31705
64925
70091
93610
31342
17463
21592
4604
40163
98385
94812
76924
82032
692
41008
79054
6132
13767
21135
69898
13093
37533
78367
65060
29155
75344
35174
92478
94363
78288
63575
65465
52707
96850
88942
97783
76579
34692
15387
66622
3107
28470
48662
9631
26602
66594
41824
59828
88902
47153
56941
42061
69312
37561
12655
99426
27169
95917
10411
595
38258
38688
95815
72451
85589
83206
83449
59978
53137
42760
23424
78248
73975
29329
7150
58863
50202
30944
30879
46101
94842
63359
69227
94712
29060
18176
67986
70873
63853
30071
2194
6601
64933
67666
9630
39549
36730
37542
72889
85212
90203
9964
96669
10810
75206
89838
86509
12853
92085
95868
42519
59860
31459
14201
47358
17308
75413
64470
19484
15896
25035
31898
19227
92642
64161
80584
53727
88675
61794
68569
33914
53895
50580
44844
65846
60379
88376
81844
68896
70114
85810
55925
89360
2896
8861
96260
8759
63604
70593
46351
32401
61989
52069
39799
30097
22441
23280
36668
76249
73223
80005
6449
52714
76752
14077
91980
32739
40234
24620
20533
73286
24722
41468
50201
33123
29913
83274
89500
30163
98566
9379
7070
2840
82330
64413
93520
75891
7562
26904
70486
34019
17216
25587
12078
54621
52572
16156
97308
86621
96231
39762
11719
38563
73245
97398
65325
57838
78003
60859
74557
78832
47487
9131
81641
92416
33776
11710
24399
32193
32440
63609
17650
24957
36736
56294
42424
42873
17345
22192
61621
64093
53140
37169
16743
54301
1181
19909
39128
11218
657
57017
40683
64486
59925
39441
88727
81574
99748
30122
64379
11665
88517
4469
453
83635
66104
9696
44677
56861
53624
63933
53268
61767
18292
58013
36878
24225
71309
75097
2607
98424
74151
98578
12465
9095
91303
14178
38715
15361
69219
18733
48111
6594
52152
45762
32096
98291
9026
39010
51824
62464
88189
82840
53692
93183
45616
10970
45557
40543
66855
79773
53241
91694
63611
58300
42711
49550
19026
21714
73375
88589
43541
39376
81904
95494
19122
1158
21670
70319
40298
51262
29377
29063
65087
66105
7995
5353
41092
52419
6287
28826
46586
32851
45920
81838
67868
90003
44547
53913
26557
80051
79594
52177
20166
51407
30365
67591
65250
35766
69528
20169
55626
79507
31151
67975
36881
28419
88898
47203
94437
38254
3225
77747
56826
95671
31089
72796
5006
91509
3815
36094
81919
42003
12068
78356
46748
12158
15132
81757
25040
46551
45165
43726
97820
46943
55380
56854
20651
8789
30917
37682
52299
60931
54428
51128
6033
36011
73605
74634
83186
13597
59486
36274
92760
14027
39972
53833
24509
17283
37304
47688
11339
28192
86330
66873
52957
8569
9364
37010
52104
48091
34395
44329
39227
73682
53299
45943
62529
50157
13992
9597
4355
34558
53629
62623
17382
12002
87047
37605
37036
99210
58205
98526
15220
60602
90852
54145
39878
9309
9295
37847
74368
77590
76892
13964
81713
88927
79306
84777
40172
62304
18956
19097
56427
66600
17762
51526
36618
85338
88781
15312
77065
81520
58993
38365
71767
71182
61430
79910
2081
81644
61754
90696
12982
52102
17950
97609
53860
4775
9375
69060
56442
6552
50131
59829
90110
36802
83903
7640
86025
19748
53609
30546
71940
22542
16253
61313
18353
84295
45359
11431
85998
9915
38240
67133
12139
86367
25057
81363
38284
24501
89651
94373
85458
54387
7943
30777
4404
63906
12791
24572
94944
76030
4370
75502
67756
38102
19903
72458
73027
93103
28896
49418
27732
51387
47088
12907
34519
47148
14406
2498
39392
48428
49990
77137
34600
41945
31922
65813
15532
39087
34644
4451
28073
59896
82697
39574
73920
13090
5976
41279
12704
54111
17399
96834
62918
80227
25239
21915
82248
6672
34512
26096
55682
38106
76601
66244
48382
39822
96002
13493
38330
84350
36818
10849
19993
42251
83392
5176
5825
31305
11840
90640
37898
55961
35907
42301
15104
74225
99609
76358
88310
44944
41120
1529
18497
14912
46476
53248
82078
18860
73494
82387
15309
66795
73723
10209
9873
82281
59721
63941
90983
13783
52135
50838
99864
71580
18768
61634
85559
82190
29747
42191
16193
94791
68304
88485
82269
11696
32868
1024
51238
20325
77268
59726
62619
6423
57731
61227
34779
7002
78624
97236
59782
9425
50549
13468
40480
94633
74797
71747
37606
69115
18981
50400
61971
15712
84012
32984
3451
91600
20703
35843
17903
49036
26417
85290
40192
99944
97261
65780
77663
68860
50896
87892
64081
86626
98117
16859
70296
63725
21788
60494
65127
60396
51333
76061
88016
74692
36880
53587
33363
34466
86151
22218
91392
33084
42302
68248
61067
77518
52398
96852
28440
12603
24458
63625
13065
197
64693
27130
91588
68251
74799
10913
86471
76803
14713
63970
27467
52279
55252
69118
97471
31028
49211
27568
60887
16230
29423
3940
2716
57741
157
68469
60682
88402
73835
4674
82013
22705
3218
81013
59458
48446
11551
89086
80983
42429
92871
30812
46602
82885
36944
34430
64296
16916
58721
29959
65085
79015
15284
66250
34163
42254
36131
26178
62853
9633
88762
4929
10817
47523
98831
97373
38656
25337
64255
62405
23351
11692
50459
49343
77709
58807
41981
83675
68194
41792
14936
26386
15822
82982
6327
64034
63249
890
54695
99818
33612
41030
75917
95434
13159
24619
61121
65187
78270
40388
2101
18031
65977
24935
72534
2228
25324
5216
94547
2564
42238
29731
63046
8505
5228
34564
42419
60812
6369
49551
84655
64188
35327
15052
39786
72835
91859
64377
5379
34138
96403
79970
75337
13482
69745
54811
54860
2418
82902
83197
27073
13630
3903
9249
32558
74276
66965
47711
55174
90395
18538
99208
77448
80105
43859
16501
23530
19916
31019
411
56372
30509
28541
54413
30421
33060
90300
50547
42813
20428
67663
86791
66487
87081
41504
81862
82529
90871
32128
84291
20021
30970
70214
94073
10101
99233
19812
30205
15216
70122
33029
49105
42460
16091
45858
85109
47233
69235
27735
41293
21679
56564
72954
21128
92751
31904
22505
20308
89021
42446
72794
97856
25075
80956
15043
84073
28319
9709
35892
26288
74571
28839
16465
51751
94832
61831
97567
1834
76431
23323
45397
99490
81460
38085
53184
22895
93197
69867
55287
80277
45024
12955
68391
44043
7723
4817
80900
57921
78143
51924
77440
27349
65545
26780
89613
93449
74268
6798
299
76627
30622
87885
64777
12022
36376
4908
16848
23689
25235
49842
20628
88535
62528
53045
20207
91871
45365
28596
24747
31535
99047
11674
6157
73275
24111
48862
72778
65596
62602
32971
83936
98720
63626
86021
76585
9268
20159
11619
61393
53791
1610
72580
77015
3733
46955
24220
13637
68033
59839
90901
29841
11577
18913
71423
14939
28383
99202
32120
75069
6761
56210
17181
81950
32462
67544
5467
29929
13919
18116
55984
42572
18855
52618
62713
62220
25395
77707
93891
69935
53927
43170
34725
72157
50391
58624
20653
12858
68527
731
10438
46661
85386
30706
41583
19945
72007
53826
61917
72604
73671
80708
36162
81324
61212
31952
11406
52217
2367
99869
61581
8797
26113
32456
49769
42568
12095
95848
43360
45475
99943
37700
7663
40408
65678
1675
56646
93377
9011
82092
47675
78681
39508
64181
5068
94552
93641
23843
61169
83542
23314
94
88709
91001
60366
82396
6477
4884
81931
58100
70132
73918
48075
81546
30755
44133
11245
49400
7065
81214
87589
57060
18265
26332
51785
76755
51964
50088
38565
63752
81646
90955
38214
36678
20146
59653
40148
54729
23060
61318
2253
44170
65850
66262
22632
22182
45108
79263
11563
60043
75951
19635
23622
71440
68464
86807
41475
75161
90201
42103
60250
39693
76598
12564
68007
32251
28624
8920
13255
707
63873
74190
29105
85144
42121
39226
26511
8635
68107
53318
20272
12089
76374
97347
86776
59166
68023
73297
29540
11232
32050
83765
24352
89859
66335
29138
82536
84662
45561
65426
87396
56594
86587
56754
14084
7116
12302
48245
12435
98926
61062
82923
36684
15988
94180
84214
1668
68555
78323
43986
10179
93865
17606
28082
89430
7431
18062
36709
63757
83329
34493
19010
85291
30495
47293
6479
58321
33822
54036
78238
32672
96188
24518
69552
7642
19258
66323
85957
99051
12845
91031
760
27850
66947
7239
13081
59952
98018
61110
79919
39187
71539
71637
67893
39083
83771
99099
5646
40701
89019
14435
46341
7958
44932
13151
95584
70294
26764
98907
69065
54597
91832
60560
54299
42861
92259
95385
22435
86785
28054
13521
88578
33929
13857
37957
94211
7758
29687
7173
60193
40022
3295
14488
6216
57382
26966
74816
14582
8199
27845
48974
59543
21227
66109
40173
10973
42715
58570
61533
36715
79704
93311
24985
89249
94701
89293
5432
61348
40626
49850
22633
14405
24580
99847
42496
34443
57757
90218
1758
83990
61144
64494
84187
55173
87771
55678
74970
21951
83330
23430
91820
62712
6098
36453
51423
67155
9899
32961
72364
93217
51994
7848
83510
92180
98337
70880
62322
86946
5682
65946
3550
47962
57961
80001
31486
72655
532
78210
72890
27240
76000
66732
99086
13991
23281
35090
52230
6852
61457
42771
24677
59680
24585
13361
37600
64625
11671
21671
81176
22698
22607
70990
74872
11202
84508
65018
7738
47725
75516
46084
24144
13587
72094
18618
9586
43921
27936
98597
38155
82270
71437
3335
61764
15622
92135
86617
3591
57966
38889
30142
9500
35938
5135
26362
45302
19339
80755
69158
40111
60800
93894
66053
69110
42243
60851
22371
86176
4564
45966
42575
7524
12289
61915
67637
65288
42992
80289
52039
63223
46285
67256
10622
73001
1013
22266
50614
35351
31869
45029
52317
63420
48129
89315
37461
40649
34483
64302
33797
48208
84365
53635
80991
36261
28339
30185
443
12128
73872
15959
77912
44673
10646
88340
68779
19885
21765
24351
68128
78316
76264
39307
47671
28098
28494
38488
65035
2232
16847
49781
72632
69160
46599
68775
79359
55820
46688
1432
49424
51684
68407
65644
84562
77468
71197
47369
73970
56089
88660
10577
53531
76065
50709
21729
22416
58262
97691
25672
42504
9782
99110
1028
8348
76446
81873
36587
76390
76158
90814
63514
89306
79356
55158
98146
92038
81618
48798
32437
93319
94593
46830
44776
44718
63172
42778
22197
22067
48032
92019
76404
79109
12080
77052
68532
38132
721
54462
32803
67705
41414
45410
84527
63268
48365
13316
65419
52051
83534
25539
54796
31999
91385
38526
48674
11229
19499
76744
32046
95404
98460
99853
85501
19852
35397
8587
79579
56871
75485
54785
79875
16651
53062
49370
25275
36003
83458
21726
34132
10524
69987
25502
49965
37726
21608
20917
1078
80948
74888
94156
70698
1574
84477
82141
80410
47729
19532
84234
72425
97059
72129
62483
14639
68774
30340
80448
869
29760
2446
81421
45060
15127
10061
61061
65076
90654
11994
74639
2993
69864
95542
48881
38303
34413
6664
437
11526
48021
28397
62203
28849
41614
44147
68707
94218
79232
70597
51176
24007
74033
39468
74173
84821
41669
41722
98518
75924
37205
95973
88327
43514
61383
24154
81279
51232
93467
48376
23251
96361
40829
41543
24845
70453
63978
1542
13763
44748
82318
55492
52503
43797
78555
89955
64878
61254
68599
92536
29588
33881
59820
22863
72290
92780
45900
70342
3518
95277
16168
88946
57928
6372
51528
60584
99206
16850
54944
75921
67054
57574
53768
15844
8999
86563
30209
30217
45466
40681
3200
95768
7660
71131
75066
89900
60416
61378
42918
4685
55445
19657
71430
9239
69096
50184
91915
39977
55172
40120
94655
32487
56947
33791
50127
59770
28564
37443
90717
56373
39851
53926
91265
12927
30938
19488
77631
80055
57236
78811
80651
13753
4889
88450
48581
20198
14033
93420
81831
64564
26450
88381
9209
22830
84602
70064
82901
54654
81610
82893
72953
29869
32352
60784
56471
23284
7834
27933
43080
18745
87721
85376
26953
71553
26020
78489
82308
57491
54706
79843
47053
83181
87048
30831
64330
8580
33661
24176
66136
32323
96162
9238
7247
97309
25338
88789
1914
73397
63106
94681
73793
31987
67476
82973
12931
16174
5322
56804
39182
98583
67020
64012
87243
27519
15745
85531
98705
11440
39557
92124
64426
32782
55809
63164
24541
71224
87574
18273
13320
19275
49600
45972
88562
60078
78978
37099
12007
32527
83460
56371
28927
48124
16232
55163
12969
33491
43193
557
8659
98156
44758
29136
12309
60248
55756
91676
95259
38822
92574
80466
9658
14162
10738
52145
56258
35001
81300
8408
79674
94492
22815
22408
55258
93713
76982
23535
73667
81368
93186
32134
9360
54420
32421
51597
29539
27403
53392
77008
21744
43999
98367
69774
59745
41171
95313
75123
32424
57337
6317
10469
48631
21626
73533
57470
35037
95446
93766
9712
14979
73272
63670
29507
36539
86099
49216
56731
94072
48684
5240
12581
26169
73701
84989
43969
76792
51308
99365
64736
75673
41741
91414
41448
35683
61890
85141
54765
93902
71314
57637
79886
55247
22351
17890
948
17310
2115
25345
16819
31350
42708
42682
90167
53848
37385
59976
80352
90820
98778
79138
55291
79409
3729
95400
37631
51081
79898
76457
88024
17613
29006
22913
99668
70117
84430
69606
60483
96912
50595
15190
29672
8115
82226
3847
1263
39911
63215
41897
95781
52829
40026
6733
21532
76169
83089
85346
50841
32802
75449
32759
98487
25632
87013
45218
95800
71685
54713
73589
75766
18771
66277
11327
98640
28313
47271
68506
25258
5283
93418
82496
878
2112
82707
46958
21348
43427
72608
2711
13750
75136
23048
37176
40378
37709
36016
70084
45461
6311
96827
97696
61963
94150
34659
78400
72618
46432
70311
86217
78780
56090
29652
40001
31047
40514
52203
735
89405
68261
14542
1844
65986
97335
53161
99877
63388
70015
85143
8166
67623
5493
99560
65941
2592
22035
60983
25826
97437
82695
3679
81781
82872
96518
16820
25877
50329
84074
15909
73070
65910
4254
28983
22806
47929
55633
48192
22069
57957
75025
64692
68047
28180
90287
28174
21885
84369
77046
72383
91179
47973
9155
49829
49409
82656
94362
9526
26465
52648
9005
67005
56328
72739
79589
69476
70396
14141
86618
31062
12358
34172
45161
87018
70810
40497
937
26912
56423
1121
24398
86168
99369
19781
39272
78054
1209
94586
9795
76761
20983
42868
96519
11898
53735
80368
41807
84003
85636
89211
39555
18897
83804
26307
88655
46074
6966
14486
56583
22685
95036
22635
8781
13929
15691
43559
11439
53103
43849
73611
93660
78612
66735
99744
57738
72782
7220
48125
26023
79398
67725
71512
77467
62083
34213
26937
59674
57930
9533
95679
63068
79225
79217
99604
27665
82632
23166
54841
72698
55562
44231
12953
84847
98308
3118
46736
49502
33368
98775
77200
94696
52887
51891
11882
7638
71237
54412
84330
7694
90370
11432
26818
96484
64786
61514
31382
90633
33100
72264
57979
6889
34154
5596
89753
88967
36315
89288
60743
65320
34269
81893
50471
50890
31934
40677
21215
27858
56203
3276
43231
87038
42578
57907
22619
87441
30453
4480
61374
84114
22888
90282
9965
46835
59652
9528
9280
4333
72488
31936
86872
56495
44538
86805
41484
10757
78075
51023
28126
22110
4482
12972
38851
35763
63280
29742
55640
36270
71038
5447
13673
64855
75993
16111
10190
36517
12396
75332
75436
6020
36804
16942
79053
8353
38506
29432
81718
91774
72033
35091
2216
91722
43318
17686
81706
30504
7711
60001
82168
41223
42307
79003
74554
4996
20058
81740
77277
97745
82574
17039
32625
60212
22581
39864
92727
49933
53956
26273
71008
83311
92403
90932
55860
18210
633
43244
53011
61908
96949
21079
8034
1524
43801
24260
65858
33711
73370
53210
56191
33067
43518
33349
56925
28478
23057
71646
57024
25916
36521
14933
88955
87263
23507
4507
85040
95778
44785
24745
23159
61408
7949
28895
56639
28727
63794
81097
66696
44039
81370
73998
83846
81064
72773
77542
72394
68233
13582
38713
20508
40795
12754
23348
16830
87071
23260
68283
43239
19393
95910
42637
22134
97671
44134
19944
64329
86578
84994
19098
68556
65855
25274
39179
98493
94705
45409
59997
43918
2143
95026
77469
40919
10110
49092
19335
408
2810
96376
57616
92959
15552
57248
83691
20212
83808
24802
97817
47424
18458
98074
10664
30155
80625
59793
4826
59206
36961
96706
13902
62339
51079
21311
57010
81340
36402
38038
20017
62845
95780
63693
54491
68848
70598
52872
88409
20365
99592
33578
36120
22370
95351
34508
88833
40982
16364
64740
90154
93476
48479
77864
19245
84053
92724
33201
22468
88420
25280
44897
13679
13047
96573
63089
39591
58751
75218
93676
22527
90733
82764
76669
94943
81153
9109
65054
50922
49869
91895
65302
3947
307
52437
9469
27620
82665
54980
56682
83075
28932
10164
68711
48249
81031
32508
3155
72423
70557
59190
19082
96631
55280
85195
6478
56063
67009
95699
22805
70906
17930
14562
94834
55220
3289
93743
56109
23501
9219
29077
2043
51795
8191
57218
56704
38595
57216
68297
20201
63550
97086
44990
88077
77253
86263
45304
91640
92048
28631
45447
95310
55105
4415
55002
8795
14943
13189
29270
38919
51111
25374
4938
26565
35187
60342
8553
13484
48063
63706
11629
39612
19168
61150
59995
96065
71672
98977
47401
80039
89717
29328
3992
6572
6014
78585
91901
49312
21362
77809
90087
76782
29012
79792
65844
94062
99946
35698
57381
71359
60404
59243
79942
23046
17517
88258
9497
56465
46364
8212
1054
96244
70341
42470
60203
6221
35661
77956
53420
7121
22481
23475
47054
66437
39321
81335
88973
56828
76398
36985
36811
89022
96315
70281
28467
60676
55722
12597
4496
58691
53147
7529
26729
60995
41367
42883
31892
39757
11255
64280
45399
70364
12261
56056
96998
88002
50372
69136
40611
26382
96270
80468
27774
50869
73777
36393
20723
23629
1310
88028
49479
67408
52423
91183
81752
52007
10928
34030
45790
71997
81709
79874
52915
92511
79832
416
93169
88603
44129
31739
98546
53322
38509
32384
14606
93524
56681
2755
5524
74793
3716
47446
16247
85602
25439
66767
83298
72377
3600
15704
92671
15460
17077
63494
39134
11426
40295
89572
52026
16732
62711
93464
71389
28722
15030
10378
29343
94034
56539
49397
38416
48964
59153
11917
54480
53315
49868
37983
70008
3383
36550
13889
78991
63638
26315
98881
85892
46607
4562
4055
98201
85043
78117
50579
18958
41006
40860
26234
92053
92517
53331
56850
43732
18358
81556
3038
77267
19166
72907
31431
61692
37524
3275
41919
50128
86689
89373
40659
72051
58375
22490
4074
87759
34996
35072
38751
48363
76692
41664
48660
82137
29723
32435
80577
43336
16071
19588
13834
94577
29876
71178
99554
39422
22509
41759
20598
83236
29764
5696
35086
92848
23506
32250
64953
75744
61653
50098
20373
8874
6887
51085
37470
86384
17578
98187
93471
82760
60951
8257
85720
48200
6698
58301
7170
21068
65646
30193
23389
57514
79995
88566
87549
93668
93363
21963
81387
33527
21720
12432
2727
36663
54333
14635
69500
91966
59093
45808
32203
21543
8442
79474
75473
86603
28970
66741
4026
21855
23265
94675
67992
19277
64837
75472
52499
57367
39705
94206
6403
9119
77149
23571
1981
52960
90252
23316
44435
53676
69109
36241
80674
55040
88766
38408
75374
34491
91258
10420
83965
25187
99226
59218
32119
14926
33728
11159
56417
6730
30997
18114
15280
41509
46569
25999
37048
91301
96551
6495
72214
64545
57934
75555
76129
76961
49870
24623
92924
35502
84993
4479
82316
6049
77011
17880
62693
26330
17016
80093
99808
71629
98820
43650
5551
91537
60991
76993
87001
95641
39071
36301
18206
10750
61654
55703
17978
38225
96760
13549
3367
72585
36246
82065
77935
73649
40052
29770
77710
14975
18034
64710
49736
97069
57150
9762
97028
40059
70933
21699
94795
23396
14416
49585
88396
11941
77695
55976
39405
18255
51283
47880
37157
79021
55830
52553
59224
70648
8359
23910
64398
97848
77618
750
2223
6177
41856
79671
86161
84241
50891
97576
50654
44023
89192
58295
60089
37960
24011
11021
94328
83815
62852
45063
27817
97497
38407
50754
99440
92938
69232
70818
31405
93744
12610
32035
39445
44344
11360
975
86199
17419
93087
45403
95058
62995
68208
81702
35221
45625
47279
31619
29676
23822
32627
47242
27664
12815
9106
24337
41605
22299
45368
6503
22945
5417
71196
26130
72104
80722
76552
51270
85627
53600
12722
71441
71674
29860
66822
85679
85815
20837
79459
69769
159
53522
66473
2923
85920
32335
35966
55331
76634
63127
28890
67722
55854
47832
58929
67132
56720
68922
44475
51107
26413
57817
10085
30346
37893
98633
22513
71088
42598
6203
83705
18994
73862
27528
91150
32633
60904
2634
333
25618
10483
59260
30232
90781
52273
73632
68534
33780
48878
76451
41692
41355
31024
35740
6641
29054
40338
4481
43516
90958
21436
23815
54790
55312
21109
94947
87871
40575
77577
19418
70007
21733
83207
27231
53559
42273
62013
40252
4580
47241
69086
29443
6815
93546
3403
28058
12584
95050
64617
71194
67399
81693
7563
29561
69404
70025
21203
50624
1116
24636
98639
77436
9641
72022
46524
25689
99096
77290
5979
91772
3745
35256
17692
24709
54347
74201
61506
96490
92364
37598
18841
90348
63285
67012
43273
94421
54663
96454
50455
64414
4606
14590
78255
95856
64100
28091
48791
53726
18009
49892
55866
10079
14759
58031
51274
83491
93489
99624
3481
3113
20849
35271
64959
87594
41208
57406
38905
71299
80626
78291
93150
14157
10965
52532
53982
56246
91003
88547
66505
3882
93834
73959
82850
91910
28070
71873
78511
81800
33224
82329
93837
98394
11476
33665
71834
53483
57134
68018
59004
98318
74112
16115
57376
931
88407
8006
55084
48553
6092
75212
21772
82254
24117
57831
66950
20236
29903
45947
25982
31108
3677
38567
1565
27899
38375
4683
36495
73324
6729
58594
54700
26291
74376
72551
20531
5703
20869
86814
32702
57361
65700
41955
29246
43076
35123
23850
72125
36111
28827
37829
72728
7197
78469
58915
90222
65462
52209
392
42481
51304
50193
22136
98486
44565
40328
30542
33707
8921
14671
24071
19265
63824
81142
90316
84976
86466
73273
13809
96333
87896
61441
95425
31438
48203
50223
97136
121
71868
95653
66447
90664
19289
96810
62056
53014
35192
99546
34775
79056
48301
67884
22002
87911
65980
17708
46486
64771
43623
6504
78669
17757
47907
63753
48975
97010
74440
22207
475
24401
83480
56581
78187
22817
70642
16235
2107
5131
98658
30924
68719
54692
71185
33535
64184
19849
31691
16921
33205
66481
27965
63530
5526
19853
34125
91022
74501
68581
42695
82321
17878
64656
93975
34532
7202
87508
56433
68111
88743
10433
35262
18469
72636
69589
33404
80803
64974
92429
10980
60536
75643
47555
45113
17050
64763
48778
73957
14481
91469
96198
29673
87777
33739
14112
44687
64129
90686
80054
66978
22387
63720
75197
63115
80735
20130
78376
41733
51566
97512
95578
20385
95083
56185
30157
4111
17925
7313
74341
70896
77439
44081
28533
55359
98444
41789
45262
14453
37333
8561
16933
82283
20123
12575
45373
93933
36090
55790
89093
16138
83924
31722
58143
82030
22314
843
68447
78838
7710
74167
83569
49872
84591
26027
41705
20620
44486
63557
96087
28931
23701
13111
32692
81230
61562
2313
74957
81361
77625
2088
81777
62317
69425
3077
84702
97176
34299
85595
67746
43927
28042
77672
70426
340
82424
68939
35598
49920
79249
78410
94651
45200
83271
33276
28703
49513
87536
46436
72602
11706
71647
13256
53448
29718
65817
43720
77673
24037
24363
54135
81722
40636
75483
24563
15771
74576
50810
6819
74822
90925
33200
6575
58361
88217
56227
33289
5191
35586
98246
91449
33420
5977
63441
66771
85834
3998
83708
77471
49995
72945
17476
9339
77156
83364
87147
84966
9849
26879
58695
22834
78468
90638
358
32479
68584
92143
62020
59258
92584
43176
55794
64128
98941
66253
13326
25908
52169
87175
58201
16871
69714
51139
36024
9314
23007
96533
50242
23016
11598
79288
58586
12571
81334
84588
13403
24559
44708
19670
74373
88102
75342
53294
55337
44511
62043
44324
4953
41821
62594
8417
2243
1414
29480
90603
23168
99320
15434
61213
66154
8893
33281
53433
44036
5324
4766
54624
74211
27319
40513
86864
70282
2578
93073
37724
96958
32207
63024
39584
94288
46873
92440
49563
62779
42965
58207
16806
31341
63930
18385
85300
90905
49178
3775
88936
25932
11480
3758
46212
27105
40436
40371
97204
17730
83403
63920
44775
93663
33813
17316
11944
54429
20329
60901
59165
40904
26171
30135
39079
6663
76099
14901
64581
2746
47084
95376
53845
14855
75453
59239
17999
82943
87394
48813
53163
94015
41272
42099
51704
21834
51987
37626
2275
9304
14740
36022
57437
24421
92570
82771
3219
50149
11196
92860
37224
99277
88087
34716
51382
37261
4841
99838
65061
35610
28526
88974
58845
72163
40183
84335
40179
28868
10772
86063
96952
76561
72853
44664
10677
77222
69040
7788
8292
69945
76250
99036
51302
85644
81323
66720
34580
27454
30783
54231
65533
95512
15675
48696
14895
78982
90663
62837
44637
9101
90997
41412
91688
58893
95541
5795
64205
14844
1584
3771
32317
14354
74077
15235
13866
34881
51271
79389
51956
41061
77928
46245
18365
16190
34140
729
48706
70954
27056
37799
82227
53513
6429
13960
46685
20825
94221
88163
75153
90322
10383
87590
46740
3867
61700
95628
48811
95903
20100
74435
20892
66118
2730
12579
39970
97917
93690
58543
46666
95287
25847
74856
52558
62325
31630
65937
539
9042
28435
16827
60826
6662
57259
63865
77994
96787
22495
49293
37918
45261
8800
34205
86427
58476
53368
63335
68152
76952
90735
14914
98417
77127
52242
17756
53307
7749
99376
34971
29261
8481
75524
93333
85938
61173
31334
98236
66981
29239
45148
50659
90374
22736
808
65830
24626
9945
71382
71324
20124
70031
18117
47302
51990
1750
25715
1746
34708
58315
72328
71033
50246
97911
21172
25677
30992
70043
1468
93942
35052
99697
62825
30130
7035
48210
42733
79629
54393
14839
14931
14270
85999
7199
80858
68934
77080
14968
12013
78599
28267
91123
31583
62838
79697
61953
20118
86356
54008
1292
5429
3585
51478
42747
13021
75925
53168
38744
1053
51856
73652
35664
15150
80143
57347
4678
23349
54774
28276
85546
22699
52678
37921
58130
60564
90795
60140
6368
77852
50690
29749
57633
69794
53131
21299
49227
21431
52580
2693
27636
98022
10294
65710
70780
39268
61399
94287
37820
64099
29928
92912
89627
9661
43286
56418
74189
2737
35915
37590
10167
79732
92792
47286
80740
21352
13296
81129
9189
89469
80048
72112
83202
51292
58280
93940
59276
19796
1113
67051
14118
72793
91112
86175
32519
30648
77823
56575
76750
88608
30488
35484
27432
80204
10982
21466
55573
55842
57914
76466
34974
24848
90453
95060
2919
77783
90729
85741
69054
8883
91465
15942
32049
55727
92612
82843
86899
77821
54091
82917
54775
63333
17576
40725
77995
57548
79705
1889
86143
39322
92720
53411
72518
46741
34905
92126
41550
70701
85357
73369
92420
99523
65665
91454
7469
35768
31354
57752
89043
27536
99904
15225
78215
65115
83972
81877
96626
26888
11133
64069
88511
69666
6442
67866
21296
29053
70242
2063
47776
22464
84177
7833
18083
94431
94008
37379
14879
28198
16380
79005
49390
38627
19221
26589
79416
87857
78551
36845
7450
35426
52199
86434
61691
62216
3750
93000
99314
19628
56476
74533
38654
7794
46141
95612
77759
45986
42095
83884
71374
88389
6448
40243
22668
90756
49538
95115
61338
69257
91761
46686
38385
71505
56979
24664
20143
37803
71939
37107
21795
8158
16089
1817
70513
80596
32822
13099
51161
24104
47018
35638
6726
675
24080
80158
80397
57446
19310
66354
1376
10643
99764
52371
85818
18597
12676
29084
42978
83817
81408
11878
83484
49483
64439
15926
84688
69395
8528
44777
47397
23538
75885
44877
66027
59160
79577
37337
85307
27641
12474
26537
66910
13782
21426
92331
83780
96922
52847
46408
64952
62215
47025
2213
23644
94444
99298
28208
92165
89039
62340
30909
1446
8226
76812
23836
97769
63010
63214
33691
91545
46221
73712
45454
37418
56230
66135
89411
55139
56340
54471
90805
8142
67658
36510
51977
35062
26007
21150
57846
94557
74792
926
79710
89576
7674
40043
41188
12872
51788
4194
9574
58947
38951
42359
94909
26634
83359
79147
2695
50362
92245
19577
38108
74853
4897
95838
81111
63460
30297
66610
31083
45635
63307
94133
57939
82294
20687
51250
62089
23206
23946
53940
71511
20791
14198
18979
8610
41923
11483
99253
75067
67352
75981
40092
58002
99161
82572
38146
25434
66784
41125
14636
206
60535
93441
2117
51481
37424
24286
43272
17445
83200
66108
86557
2432
15525
95187
56744
90482
19055
33148
61697
44659
30171
24423
69056
38831
94061
77109
77985
91712
38302
39785
87610
78371
45207
37257
31745
82167
27490
9614
97526
38272
55608
91919
99441
49596
85927
70840
54604
94756
25685
80558
83533
5993
9185
65436
85049
40682
45778
27836
98703
1802
84625
49152
88732
56043
50620
30132
26104
40886
18419
94521
7703
25708
90721
34588
4234
97901
86986
51674
34071
92907
37675
79877
84876
92155
51200
94331
96448
59763
9624
71712
58051
34452
61623
95154
94994
91753
13433
20254
98729
52759
22899
48014
49167
55029
37225
41334
24625
52328
49057
95668
29433
87698
77907
79277
7897
44636
38764
38049
62459
99568
39635
85173
18977
38159
12493
69736
85457
41240
70854
24789
29874
27679
81600
56176
63433
97626
36271
55536
18124
27175
61271
79858
29650
65657
24667
39743
65938
60687
29886
35587
11564
71710
43152
51471
97842
74813
35083
45866
80299
21689
80202
15230
59553
19322
67778
66584
49871
35331
32915
69389
54850
42249
2700
86422
73750
34706
92236
95504
24744
15946
9707
58226
40303
53570
28017
92030
13974
47519
71874
86564
1744
90611
98067
71773
97978
64666
73488
29909
39465
5486
43817
57372
573
90494
34355
66010
49544
97839
46893
69125
67679
52494
94621
75178
1895
93715
63798
76166
98455
67460
7397
46244
42498
88982
32678
75245
63371
20885
88782
78614
8766
16487
83262
42723
46004
35846
90228
93503
66036
63687
6517
10946
85526
36439
1782
13269
51281
6042
71797
16019
46791
88533
67916
19051
69358
49671
10118
45627
74915
9852
62640
24679
59914
2364
54363
63110
29096
87498
91794
50863
12291
5984
66112
35279
7200
94748
65978
10136
91992
4934
87233
16245
70518
31034
25475
22450
89692
89983
35932
39418
35133
82629
93915
3803
82224
78150
30020
98406
66355
98482
4835
27066
18598
16108
33104
88219
58242
52789
17441
42744
5811
234
3395
89487
46032
15457
16775
24570
60813
8120
63566
709
89851
95279
54734
21186
65269
65169
95759
83806
14716
76340
65928
57310
75676
84738
48019
33743
41449
12193
17648
27391
45586
40657
31365
96617
72396
16371
38464
48574
73715
11125
21101
86535
33954
36604
374
97788
54051
49988
59443
1548
12489
11865
23175
66637
79745
78069
282
1938
59316
57739
30601
6286
59698
13181
68398
51871
10165
95884
13222
22451
50341
80256
56469
55183
316
45661
80710
82609
46868
31531
12004
63293
81043
80155
55171
81806
87580
94497
68926
75263
29224
3743
104
9466
18272
10681
74996
14150
16612
95155
61260
90579
34370
54756
13963
25893
97586
74719
3746
7030
41868
56374
36695
80150
95882
22397
18778
99468
78975
46284
24632
96320
55330
21380
4645
84960
80901
36918
88943
41454
40483
48720
37455
94810
92645
7986
9577
8251
78722
83372
46313
74330
33996
34546
13002
14555
73447
38626
1026
35552
26467
30816
59480
58771
64325
88242
93860
29411
79405
28636
73168
28934
1777
23456
40170
50983
5807
60967
65216
32735
60411
12254
50913
21530
35344
59958
61147
79842
42765
65067
32234
44396
84594
49844
13101
91697
17792
84408
81432
14443
9233
44508
77475
84545
9290
39243
11567
88697
41340
1465
43771
19297
26144
95054
45282
9408
89071
50318
2926
59761
30322
88125
39274
99717
74251
4089
62073
92740
49078
70349
48259
78220
51843
19861
71680
28592
71755
11960
29897
23795
82332
53805
30981
52698
86288
91155
4726
72053
25242
68704
47308
18524
91726
13044
39395
79933
49634
70757
83453
93636
86032
14383
22604
36877
95379
44315
44313
37761
81755
84664
5835
75966
6523
32684
49873
46489
48913
47900
28372
34248
34156
31043
94731
72417
50126
29844
2688
95788
76623
31573
37240
5351
90641
61874
34685
12635
94014
64057
66062
59643
8744
24783
55697
15516
3146
14126
73395
33525
13014
7207
44610
50156
75838
87922
61069
29551
70606
98845
97079
3247
341
63461
11226
9983
3579
99621
78509
40973
44546
15297
37922
83191
88292
35538
1270
89982
34475
81938
34179
11897
37992
77594
23289
16256
56473
77840
42622
87286
47402
21211
62342
16564
37529
10645
21167
66314
18131
80478
22237
44740
79184
1268
51626
32661
63622
57986
24162
8218
43742
97174
7966
14791
47941
13990
54201
51575
52481
69723
56354
30011
64468
87828
99538
98434
43078
99256
6083
88878
46230
47151
49098
54688
89235
9240
61897
39956
30241
99119
59607
43741
29982
20572
69854
79869
59765
46780
82624
83546
32267
45958
42495
92046
92810
67282
50633
92023
3874
72721
7453
90652
27861
12914
90532
81293
41073
75404
33441
26643
22157
70234
13139
71099
25206
59196
42421
72268
72788
83690
66114
35572
90569
6291
45653
81163
96932
48367
92534
22049
44445
80566
70631
51805
26334
45600
36787
20913
95608
65256
58390
31751
704
14617
76324
64715
70687
74740
44645
58905
4014
34267
27012
19053
50723
56455
48750
15502
39644
47413
24638
19797
16074
41746
86149
96668
28326
98784
12214
89098
34577
51672
84381
91917
87738
51457
42124
80347
85271
27004
9708
35682
18673
2341
26028
47750
17669
19382
74166
84141
70001
4470
77589
33932
67601
87322
18759
67083
53718
95452
60226
19832
14583
61216
86861
17799
89053
52531
88808
3800
43532
55595
28434
38877
99072
36263
9711
39996
15271
270
95852
84020
53850
81297
78492
93749
62186
43574
17858
28235
97320
25656
99268
54788
32811
82148
61244
89943
15826
58620
56748
20482
38097
68143
98283
61289
68092
70144
82126
88432
16468
8719
97799
3453
15379
24139
42952
41545
33581
53520
77873
74882
45064
93328
48955
10820
73657
65036
21282
83976
56334
78290
24999
1791
77669
44819
72969
48637
91220
1636
67942
80177
63478
6254
54097
35250
99094
4302
90589
11583
83095
1531
5445
94428
5720
22306
57482
65011
57155
50296
13352
2950
18141
51078
12190
93582
18562
62191
35951
52911
39958
99466
97675
31681
86969
4788
33796
29414
57884
34427
72690
36909
37083
4462
35461
97764
90194
40712
48087
73097
87472
73425
3120
32765
35328
72547
18264
73485
65371
54227
66174
81247
1003
90072
92026
79592
53389
40050
40246
10566
34314
57700
18637
53105
79631
93223
62576
98292
26232
2536
96452
89330
96596
4077
24390
88965
5034
73036
67001
41271
28822
69439
98047
79214
38040
98530
48882
10851
34263
90741
81371
45115
60143
41994
643
31446
3061
76717
12101
99631
12646
16966
2039
38354
70292
7990
89386
7294
93055
69253
49385
24854
13613
35356
5449
57661
91292
30953
40551
742
68366
42990
71250
2314
86599
75443
64978
51187
1254
68379
16437
18048
45817
49355
58796
91121
84409
37994
87096
25308
84311
36781
48282
35878
44989
94265
65467
71352
8671
25182
53878
79484
65843
60527
38405
95486
77348
2113
56325
94637
43126
72238
1691
53485
9441
42461
80757
5722
65118
88171
83672
92426
74502
96987
15308
78905
90166
39021
96060
77608
98454
79148
160
75499
98282
19050
29976
13240
77437
80315
18848
9319
81937
92738
84377
87908
17479
60101
18172
46390
359
22050
27983
9476
25141
35920
95335
5119
32294
83878
54276
36480
19622
72302
71974
48490
59222
69293
29893
92903
41393
83719
8447
58614
40617
57064
70621
48370
16023
68206
83146
95049
45231
52528
18955
2471
72457
65627
84884
4296
53699
72099
96520
15242
75691
75087
59991
91960
67002
32138
19244
5532
82894
10226
57619
46416
17480
30884
5184
9907
51356
60159
5099
19207
35597
17651
92060
48510
19747
21046
82825
42065
79606
51917
36201
92140
47918
98204
18260
43189
849
58154
21328
61258
3112
2431
75860
64171
19159
22643
10235
64801
15298
18744
84733
68976
19688
19002
47665
11950
95368
17272
65571
83168
3161
67208
79236
2881
80898
34540
26378
75469
76160
13499
62578
1714
84149
24052
11951
41772
30848
88348
93926
11500
10589
85797
24194
77758
44295
23008
12162
7504
37755
29098
38014
26366
65191
4432
29620
15594
35069
61470
42199
53048
66488
17657
75712
29997
65134
27629
86511
16766
41373
2947
74825
11826
52522
46035
13328
30464
32123
45626
32328
62793
76696
71929
213
52778
28844
48669
39665
9128
9420
31510
23982
73147
10839
56460
60790
85977
89456
7849
88426
25761
71409
11254
29941
67152
2182
83584
84520
13478
11711
91945
24072
16628
94333
42413
54757
91611
4504
44805
38797
53900
37500
97678
52583
86313
43785
90999
12930
49151
71600
84252
24263
36312
15829
90017
20454
23236
1159
83784
26353
24387
52622
85699
71705
65296
97130
35475
41462
87495
51953
23973
31767
57045
56202
45674
97170
37081
5705
76389
88078
85669
47376
40440
34096
14498
28586
40948
51515
26223
63077
65674
59176
32155
62441
18765
94938
9562
6012
57595
58145
33933
44148
52954
59548
74553
12469
44392
28985
8502
93622
48995
66158
78546
21058
97193
99816
24732
55143
49493
64800
64946
20935
68909
7779
67703
65549
12238
71750
8656
21706
19576
82918
37194
68074
68101
47533
58709
8119
77593
75207
15556
8946
653
24904
7217
1925
64536
16088
49332
95008
12056
92789
35604
30832
37128
23051
9810
80750
32689
70248
80426
94104
3070
28667
915
4682
76662
20464
65782
824
83167
25021
77295
46929
91880
41162
49506
50022
85366
29199
31404
30847
40083
86947
31766
57235
45181
85562
50668
5277
12877
38762
10166
94797
68725
82784
90516
71133
48348
69185
36025
82467
79978
15424
13133
23416
87022
12170
29617
56782
7178
51985
25675
16157
33136
98950
1442
18702
60029
5371
40738
7728
3116
23341
5327
32869
16258
69070
80472
13
29471
47584
2566
5849
94720
79189
88866
53757
38269
77877
9951
40439
24043
89901
8517
82312
92681
64152
32105
24742
86711
98534
41949
37242
53992
32358
28358
89176
19241
44117
93815
59469
15469
57632
38397
99963
27533
63854
98675
19631
73326
61099
27872
35384
42286
86597
89935
39033
42149
18218
30786
92975
49728
17984
42034
78262
35016
37271
24644
66576
61437
74624
3639
20873
11277
17832
23141
28530
98547
99370
32543
98350
96225
60594
65591
63095
50000
34487
82243
2197
43320
40744
1021
37426
60419
85808
50016
81946
69729
11042
56073
83470
43822
61875
24278
37680
1770
520
96945
51170
55759
67470
17237
27661
98839
23711
87983
94220
22843
12012
87037
18534
36541
39734
2879
19722
78418
8931
663
69708
39334
99240
39473
73744
46086
95575
10758
4110
3022
69574
58303
58809
29289
4827
58623
32564
48271
85117
24242
49739
16653
72482
75037
45344
8172
54214
7306
43545
55093
81259
23565
15045
53181
38021
39768
50968
38494
40488
38728
27303
62118
90829
43985
18869
88884
7954
5834
58050
65410
18917
62097
61656
29613
32696
2712
82623
29848
84108
34614
39337
13617
25911
76273
32553
59462
89023
97196
54985
63006
75380
1634
16194
60252
8441
15606
29339
51119
68478
61460
48375
74753
51707
21446
36046
63149
84743
29685
87330
94816
38333
51243
7296
86842
86643
50178
39119
30620
16090
93060
10842
8842
56930
3556
88553
17929
56429
17877
9070
63012
53581
69633
57726
19574
64446
40422
47868
44380
87426
91367
77252
92888
59378
55778
32731
91361
33438
82229
75806
27210
1619
13292
84740
925
2269
25537
55530
19052
34360
73075
91085
88813
78397
99061
33899
26521
46946
89531
45194
73986
72664
18187
64966
45052
90549
57472
63374
88264
1885
83709
38554
31091
51227
67979
36524
89730
53469
54949
29461
88649
71696
54687
15437
30067
11288
45222
4901
69620
75863
15218
43649
700
37791
97759
15626
20493
50916
51209
37254
10052
45144
29692
80798
72543
13094
74878
82452
62629
48886
96825
92154
67508
71626
89546
52519
90879
99006
59962
14566
6802
17190
95501
53199
93917
68308
11561
64757
65243
3805
92399
28561
79139
44649
55026
61789
19273
39432
26294
12082
14532
9197
67809
75242
946
22617
90389
46764
39600
90433
90862
9494
66774
46870
61433
18661
21401
35841
79713
78765
10883
19332
79274
15531
33562
34982
49542
28164
20337
84429
47583
64258
26999
34116
33106
8204
16001
2980
88564
5241
47981
85637
88812
62645
2906
30604
29281
31359
2412
64525
89659
27816
7144
26129
63995
42004
34178
82751
31012
40943
22709
53542
3363
52421
37251
73093
7513
93598
62027
16566
28905
20742
79866
58849
91199
83354
20590
13226
24357
58203
1863
87309
44017
20049
52058
92450
12487
5800
34676
58218
74335
39718
85793
18591
4087
71564
21414
57678
21690
13645
12591
51151
13149
4489
80565
31348
6886
3989
1640
46628
81438
34992
40624
84401
26112
79117
12904
84603
36689
73524
24703
42225
80868
76700
80172
97578
68678
34709
57983
92702
81195
87365
77963
32853
84773
48822
10663
49861
10692
25886
17299
72248
90200
87697
60356
36993
13199
89640
65970
78463
32582
15478
70421
57048
23540
3954
7527
9371
88827
16343
41814
9482
97771
1869
34602
43891
29374
61339
41425
95016
77089
44970
40917
33479
37514
5669
51544
94347
27930
17873
39694
3324
29456
2212
87122
24002
32202
28051
37544
91317
21333
41884
24462
13898
99305
2844
91652
32513
17461
16609
11777
84723
6121
89233
52365
6486
90881
25753
4746
14672
87678
58484
95689
13709
62751
90285
51332
8621
6671
23242
55411
86734
51594
51306
52732
22766
18079
13464
95559
9857
98428
99359
83670
12237
93805
32101
33355
57706
9358
53081
97282
77426
15803
71322
1122
93698
6855
31773
20283
55833
97713
87222
78038
74606
43421
39116
1642
62604
50587
74682
50337
98867
47306
67810
86136
20886
47754
4185
81808
73899
33599
98862
43525
52420
1206
31352
50189
93023
95565
90067
46990
29298
74355
39711
5058
78923
90290
677
27237
76686
96280
9844
41753
14252
13360
70826
33415
86532
80843
67220
5981
86937
61478
27838
66075
25609
43573
1377
2747
11249
68219
40186
73658
79447
60766
67711
45245
98971
42181
34327
24988
53461
96443
54232
46223
6879
13193
91889
19750
38499
2913
25540
46308
93056
69561
16901
41860
2374
32031
84064
34986
43254
20285
10974
76220
66218
46077
81274
8840
95413
57528
95502
25822
33949
99075
80703
33248
20768
27424
98019
66913
37204
51680
24077
11301
56323
69182
29347
16350
41147
11595
61843
88173
54284
63016
22080
68289
39489
21857
55080
83171
9980
98635
16841
26305
73603
46956
32239
46115
38933
35216
1
75856
48323
75723
2442
27166
70010
12873
27984
78049
27828
91113
97945
55366
7601
95129
25061
94884
42567
44142
35973
32422
59879
66229
6667
44816
68770
86178
34251
16982
6059
94754
39107
73724
64950
27523
15287
5736
10572
7977
43885
20631
51006
66670
45135
73344
88150
46580
54156
40544
61382
17409
38532
81080
92489
88997
74152
99152
82537
19606
71723
862
44695
53219
32935
80822
56200
93258
72799
77044
82601
62007
28320
42362
16977
27378
97399
97670
97450
75138
90760
62199
78279
53408
6976
52738
77196
49437
79566
47125
6650
38558
63591
32510
54040
73308
78693
32531
9681
43974
18934
39739
28329
93779
3693
8743
56217
35008
63033
17105
6252
79018
11868
83199
69128
18136
83457
97210
33147
40840
75296
86483
88165
14898
54144
62334
14556
41148
40260
32244
96542
50989
19342
5225
51070
90363
17586
28933
42207
73062
58358
7912
22454
86019
89712
19932
67869
99384
62008
51222
22662
63758
7607
77265
6971
19439
35536
37190
98666
47554
7336
90448
43420
42554
18761
38605
91973
17831
15903
56478
60718
96737
81729
58654
22692
67065
13996
84834
71379
80940
13668
78762
65789
34000
83738
5928
44488
14928
42129
8029
65279
70822
47372
27106
51436
81720
84269
60142
97510
20770
66106
72316
51212
85234
15108
77837
37273
20280
87416
93564
11559
74671
27059
23750
46407
21021
61119
17236
26547
69821
10192
85229
21538
27786
44128
85772
71952
29260
57714
3166
96161
87266
75718
18627
85682
2376
17658
77909
99476
89170
81316
10828
26900
69869
32034
46189
67424
64752
97615
96365
8306
87201
32136
14720
27710
97606
44325
43267
8513
7208
30933
15645
78745
17540
62028
4697
52854
9343
58187
78309
68390
31279
82667
21330
70170
42194
27279
14961
30009
73221
50033
25654
93450
94553
12392
64554
25841
44529
56662
94105
26880
84509
35233
85031
67279
37065
93043
46184
66419
70498
13138
44768
14248
55439
49902
98646
41389
78090
81935
85924
85609
63896
62268
26559
7256
70928
31200
20427
96677
2049
99824
95669
47415
67109
54329
70378
22991
29400
78002
42841
54238
43992
1518
90859
87643
42258
52786
63692
47700
16059
56204
9710
96220
63278
41138
14425
73519
28790
39012
54367
96511
21051
99966
13449
84334
11572
24417
82381
9542
32388
82249
79
45310
61109
76058
38631
31660
20030
85887
90560
96695
24464
30286
99067
92549
2271
45412
97506
67032
65947
85506
39139
34014
91787
28349
35146
69459
55193
78224
17375
36592
60440
55995
97695
10154
55119
18345
58255
66568
98943
47511
41228
48644
61499
77194
46557
70479
46208
2571
96318
41218
68768
53088
42054
80107
21493
37775
97752
88249
96276
77345
43087
76691
69841
65635
64584
51635
90381
53047
87693
45513
73456
12644
42039
27729
37281
33689
46866
71619
22133
83732
10141
96255
34958
97333
37227
87974
24831
87764
48078
64051
48949
62597
45169
65453
61889
4667
34402
46976
15774
35323
32529
57981
71057
29955
11193
76177
92518
92428
83558
1359
25296
98130
22364
95350
84247
68542
76283
38996
18351
48264
20695
63206
66153
97098
65921
19421
55349
6779
43437
57301
5505
2170
86692
28708
37997
74313
99247
7424
50283
77543
48539
73736
94706
58901
63052
68493
84285
38383
84845
28502
28698
4129
67369
73651
80038
82540
50636
56031
89702
80580
12403
85635
30016
18489
90838
94836
81478
59507
14240
21457
27796
62253
97205
61569
39812
47871
30597
96375
15744
77804
59084
92673
82432
47602
22883
3193
55166
77107
64225
25591
77272
80844
87792
29315
46322
7331
19365
21773
48973
35473
79324
26664
55268
31073
25948
8503
69724
55227
75802
94190
8485
14677
67996
52754
6181
84736
61690
71542
65165
76023
4327
4899
23543
89903
28083
37804
64408
76878
38495
56888
34828
98789
10649
11493
36045
2939
92353
49924
72914
17426
99435
60190
17986
14401
11024
38708
35137
48390
55956
32842
78005
19841
46796
6295
20596
57489
89718
50889
37904
6571
20982
38249
46548
63767
85502
51632
99653
54289
42075
99917
1780
12094
1049
24283
95467
35141
94160
51210
45580
26962
89949
36615
52227
17827
74318
1742
11889
47155
16421
1388
86184
71945
30268
71016
53493
98513
58125
44824
64455
11314
79331
28793
21303
52675
46859
13475
27482
81320
7916
15197
87496
20872
74670
57046
57277
2051
18957
8799
92908
26783
30211
88263
56762
42796
93600
62868
10824
33676
63737
82779
14327
53706
67014
9424
46500
48865
61568
93979
73148
95080
28219
95195
72965
73003
24365
20388
19379
71407
48525
39336
6067
11732
67171
41833
98642
52263
17800
58742
32198
32594
82222
8285
66397
59902
24617
71429
67354
98193
44294
51379
22507
52701
99630
94527
6232
81426
73851
8300
26883
14210
43142
16530
8118
792
41491
9423
10310
56637
26947
94330
73693
78162
29703
44737
21163
32999
26437
62799
95406
40850
84317
34927
23184
30422
26241
34632
32129
53968
70952
91624
8660
26707
31216
28711
42390
20736
46143
45432
88510
55983
50166
39213
84696
78557
31774
10831
8318
74357
90136
47597
30959
3207
8670
29497
70777
63126
95426
42231
28136
55779
255
2174
21887
25052
86721
41330
42640
85216
94937
63135
28841
96968
17008
4666
75259
66876
64056
83321
73339
66199
14822
24812
16470
50902
83010
95605
7044
17317
86592
63393
54681
66071
61604
33183
71482
41115
84879
45787
51393
43686
92437
20790
64626
98667
69517
78705
31707
64903
67154
46295
91785
14736
71547
59890
95241
1094
68865
37285
24036
59042
16538
62204
12255
11411
82742
92043
18300
56788
17166
58012
84563
94647
13855
43660
41891
9572
89012
40451
62882
58333
93005
61053
12502
6013
30687
50447
84650
46426
2046
54994
67136
59006
99683
54724
44855
87211
32127
78549
60719
9644
69531
73921
64150
54009
63945
72726
34526
32079
60034
3763
41332
23934
62251
31093
44588
34232
71205
23708
224
23247
92219
23630
41646
59098
37283
24345
71524
22412
41337
24411
29452
74823
90806
23146
28971
78419
22732
2631
75022
37111
27100
79218
30983
2731
39136
1165
31242
98762
65975
42786
35882
77095
46606
44723
83306
7439
14775
6691
72989
98449
65950
13954
68951
3999
8899
41187
3961
15966
75824
88554
41958
78969
73697
44498
41235
64117
78004
148
38257
5704
11222
1208
19617
59451
64630
87174
48754
68001
81213
30721
35511
98077
59301
88802
59901
82355
33883
1597
11349
32570
11745
8073
84988
21012
95507
32704
73176
74177
8896
3085
51242
39435
62288
56763
31349
49521
16353
54784
78904
38095
75654
84192
30129
19456
63869
20661
58683
97562
40671
4420
26788
28975
1196
6208
39097
19541
77392
27007
34375
69300
77297
25833
98561
82646
43353
97453
40629
73584
36400
22491
51784
7415
26491
93760
20114
15470
40588
43404
43361
7923
6734
8103
67567
58197
50394
5806
41622
29854
13890
78569
64982
8382
97295
92976
44286
5820
64663
47748
51246
27365
61633
2884
50604
24879
63166
22005
265
17292
14193
69609
69378
63513
75813
60531
76342
52947
55056
54446
78732
64748
79000
42482
78012
66783
70816
77816
93706
66029
18308
85280
63086
46790
47590
44428
83099
76540
65343
63438
98180
37269
75616
93620
20534
77529
66127
28958
66133
54582
98218
65914
11186
21542
12675
45224
38610
91406
50451
65899
27701
8701
1709
50764
56699
11822
89392
14254
60191
27025
71487
68413
37615
86898
55723
32700
84927
43032
60335
34728
34949
33374
79815
56506
25181
4151
24912
5364
39320
78072
31493
53445
77012
58531
5814
56170
2927
84979
54832
22082
46526
83703
57145
26719
29185
52798
10561
53974
94923
64041
36965
41662
21798
74587
18439
63022
48364
65791
76802
44082
31837
95213
92952
73043
73263
96705
22882
2403
63769
50415
60391
99783
29206
45488
41680
36565
67069
77646
4463
47772
13664
25488
32460
24893
40808
5592
33036
8711
96227
62973
15402
82230
12323
56213
67394
59257
85030
99725
21865
54084
50920
52507
52015
44688
88735
35044
21067
43685
25749
4751
75155
29311
4192
77190
16954
24663
62061
14851
7924
77328
14309
61136
34612
37066
98445
44656
41037
42672
76818
14274
13993
33247
27364
62437
93541
98913
25058
72544
35970
89603
68380
16469
9549
37322
5310
67708
29969
30600
45182
23939
3597
59400
522
75432
84057
85508
203
42378
84618
90028
20487
47518
46562
7243
58429
12308
10947
27141
82940
22117
94085
38236
93309
13539
76331
35895
59327
12820
21338
71290
26401
48856
74627
79720
90790
4426
13571
1924
20656
63739
46395
72093
32760
93409
69921
43331
52188
4577
98979
3170
56751
40316
45457
37996
87108
71142
80345
62620
2019
19739
2721
46883
34962
68698
19067
23548
36220
40040
57129
14666
19165
49254
67943
55953
44127
19696
69856
60472
81959
249
2858
19284
84256
75933
15056
31849
16576
92735
77123
49919
74525
67631
4106
42016
1886
33232
92608
72922
51595
61910
38804
95764
33220
89426
69709
71789
61640
68962
78910
22428
25041
68823
345
54976
35097
96773
73772
3817
37357
36951
87428
72771
47934
49291
18789
23744
40949
37006
55391
62015
30301
38349
42853
4780
73560
36882
40797
83689
1674
47964
66443
7725
14292
55429
75682
82749
18228
98240
53003
77736
93847
95556
40796
23555
88324
62740
6351
26810
8854
81899
32397
10987
41829
91370
26805
15421
685
84169
21411
9867
84746
66088
66279
59737
40947
40981
47869
43635
43680
1633
24290
32911
76151
17094
28641
188
59245
1470
51456
62926
65600
43773
91780
50115
73578
51342
89975
11320
67333
66975
18899
59705
60830
49643
86855
5281
23834
84353
64677
69897
72861
20504
22811
10776
96191
2265
88488
85638
91956
62538
1395
82104
1873
61356
962
90217
63728
69214
69630
51880
97798
77592
34432
2378
90355
14986
50303
78050
11117
85859
99304
18183
74578
69834
48841
21993
65234
96614
17041
20481
17110
30244
38196
27563
56755
48305
82753
62707
10206
13812
57123
20182
26135
57264
59718
95372
74917
77976
22457
624
16685
76825
96126
67008
54255
47417
13691
47875
52589
25417
38848
33444
51899
22954
71911
80489
24005
36110
72048
74209
82333
36069
82306
67448
7720
71871
23275
67723
84600
26752
15112
59631
50407
37610
15765
35372
80882
70567
51147
40745
82299
76648
6182
37780
31074
9300
94914
41630
50943
88146
60721
18423
95841
57028
14176
16574
81705
84280
10907
33179
35365
97048
15256
58928
70425
57523
13460
26829
94422
31550
81990
71104
44353
38476
23079
44945
64359
28536
95823
24729
37499
51008
73517
68112
7980
70017
70401
71715
96088
5821
71960
83025
71395
9517
11714
19870
37335
12667
81735
21378
84231
3321
37952
59514
7036
25785
19305
56160
80749
56598
22030
53303
86123
31190
37527
66137
62813
95784
14843
1145
49562
56196
32147
7519
98474
76136
68141
82857
70199
45842
66517
82143
96901
27227
36791
57433
91310
46468
1406
61993
14727
44318
55625
20682
21991
41010
79173
83598
20098
98108
14643
71704
96771
74010
28094
92032
18754
65247
97976
72609
57242
92997
49791
63900
2035
99928
84522
35767
21220
36826
23778
49234
54797
24630
82327
86859
20051
86820
53731
59179
8847
48745
7585
75160
23221
25556
29855
13577
85204
73990
7069
19591
90164
30941
30215
94896
9044
93833
60745
72156
52225
17739
84772
85468
45929
98981
47232
87160
31690
17344
48434
67934
80459
8107
77206
44681
1972
72341
80406
6418
86718
92693
58272
21256
11418
67638
45846
78678
75360
31392
17579
30664
38199
60428
97213
63358
3157
92756
50831
64864
16989
67589
8178
35632
25991
64941
61531
83092
42324
38798
74885
16778
46409
90527
66000
97694
74218
50952
28504
782
85088
75797
53341
55155
66403
47625
99863
77721
96428
89661
236
61384
96948
553
9608
9506
29124
52520
34537
56206
78808
94717
30255
27743
19680
94623
34563
28791
24975
58811
70228
85900
5032
79046
57792
26594
75378
2294
20490
7267
80716
97468
85032
13127
35636
97090
27172
78479
59326
15128
93079
70176
88423
43626
32000
34039
95775
44545
8395
50625
64866
28538
2005
95321
5617
77219
82151
26604
78683
22442
95466
74482
53095
39065
2910
29727
35349
94454
15370
36582
27550
22943
55387
29601
57693
19039
45799
97184
43658
16096
52607
30221
2850
55772
41216
13553
2286
38278
37060
67837
38124
59117
73327
47019
72941
38168
80133
49238
47943
31700
31090
28189
62561
25613
65050
20884
54285
15062
48636
30106
44605
76826
77221
43334
60336
80072
84133
98172
99360
24760
20710
89101
46655
88244
43941
24041
18763
90114
23254
1503
56005
32830
29418
78046
95421
42477
78846
88486
58982
43088
96975
96666
10183
29906
87338
66011
13272
17704
60395
40127
93158
84920
2809
11460
40416
78833
52869
31969
58477
25921
13509
43195
99530
40392
94132
60297
5818
86766
9305
10503
81136
93686
37005
15018
24906
28338
28528
1450
16051
31866
14429
66986
47046
26166
27808
47259
4890
88416
98572
4369
3234
45703
55371
61401
79965
20109
63901
5557
4854
22401
82369
90592
96197
78917
59535
87328
49523
54346
30576
98548
99860
14850
40662
84281
67438
10895
65787
38069
3533
30202
28158
23231
7281
73787
94594
32438
26722
42220
57309
66542
63564
64229
31290
33055
34722
11632
34317
4534
57919
45594
12788
88635
94494
75882
40125
98500
26102
88073
83193
40807
98007
31571
46957
63361
60958
10912
68200
44158
11729
67265
71799
77651
81449
65166
47056
22614
64437
96311
55138
2496
43629
63312
25538
91931
21339
42910
74032
54371
21823
18845
48855
62783
50779
61502
95039
52150
82861
44466
21210
6003
36145
36513
1126
96362
95423
11828
48977
41596
16125
49753
42043
63628
19984
48843
78405
82295
86205
2533
46222
14080
21365
81580
12354
17535
78439
80096
27306
77657
64410
48979
68715
27711
98186
78494
99474
13773
70149
64804
84852
76702
99364
95703
59441
8168
33608
1047
3322
2037
45946
95886
86315
65643
76781
80829
80092
22121
39163
41097
23956
50345
87867
44051
16777
25173
48232
12198
48152
6596
40102
90481
64266
37930
31780
84706
40880
94099
17991
58351
83619
75967
29426
89169
50108
27547
38720
28610
77251
31831
51065
39424
38066
72255
95880
59278
43704
35200
10115
81510
49797
60846
1007
46415
99582
42806
23529
5548
75781
70612
58911
35578
52585
74309
9117
7211
87598
66756
61170
69866
96843
89395
76083
62560
89634
54748
31492
61603
39276
25099
34814
57460
27129
99712
90075
94979
98231
69228
92806
61956
34847
46713
86806
16874
41800
65865
6567
45618
3779
81246
87182
36849
80460
28712
98960
57016
35433
51545
42450
2452
22887
96719
62863
6657
3228
40871
47216
67851
78173
11554
43047
37659
36797
45902
2682
7000
94663
17326
33912
98046
45901
23427
81298
27315
93758
26887
87993
54178
17423
69334
46087
24326
18602
35550
14660
41071
17572
61001
9523
96726
81409
28413
53851
41706
16731
97566
27217
9463
4386
16619
91792
42928
25964
88780
47914
19454
57176
30445
21924
47353
11128
18550
23957
8794
94839
96480
5446
6046
65431
32838
69304
20351
52529
27756
43877
66508
68717
85426
50111
756
94486
36265
19316
4317
95319
66553
20110
62497
89317
76419
80386
19449
18621
54266
4677
27202
34957
3631
49796
95795
56248
36013
95532
21946
2738
65114
85513
69155
27125
60032
40105
92931
58034
15838
23944
33985
55181
28299
86922
83748
3690
63975
89545
55823
97734
20526
43372
54962
74697
9734
49905
76809
62492
3319
8015
61336
55985
41929
98430
79041
56885
65992
70290
87115
93898
10531
4789
56695
17912
19106
19057
23052
9378
61363
88615
97601
20757
80270
45286
56115
83440
90822
17312
98083
17189
73833
42545
81517
4215
62300
87754
74297
72368
23443
52541
49964
42428
21201
89887
83981
49748
6622
51482
72938
48343
79051
43347
89087
7766
84967
37116
18809
49928
74655
39494
80654
35218
13781
30345
85479
33507
26063
35981
86845
92402
36224
96037
41963
17559
92899
36303
3177
95133
15327
74129
53084
37859
92261
43009
54499
9041
52570
66467
18186
78814
59942
4617
52612
30966
44503
87155
73408
84145
21088
14143
65314
526
66223
33313
80725
43122
27900
76098
65329
56386
36075
22889
42573
52586
3317
89122
7930
39553
58371
25073
34645
67516
59386
30117
30086
87075
29387
68144
27776
70781
36984
57354
40720
49402
90188
6085
88443
66353
92009
73248
17035
31081
72929
83289
31363
91269
61591
19066
81775
71294
67315
40355
10028
91173
50472
74215
17797
12070
25614
28109
16112
89152
97427
38535
61158
97476
31521
32124
33392
23559
12593
41574
55998
80095
54776
10864
35744
27886
13347
11919
85761
187
89212
53133
56531
67117
10609
48664
7379
10958
19074
14477
85661
79512
76505
11747
36375
13841
75122
75422
9966
94951
53491
80275
31011
688
43014
87451
91383
69754
68125
64537
10821
66749
10717
17655
5713
14465
24412
71679
44208
9759
54791
60696
67530
40079
55719
62659
58716
7292
24699
39479
67854
13717
55590
11874
29998
53209
79190
21779
2639
31689
35460
84749
89240
8891
98034
66785
92788
55802
97931
70182
54689
86456
71916
15839
4825
92071
93231
87254
29623
5648
31332
30230
68516
99700
58823
29873
67413
30665
32084
12835
52608
32272
32481
51152
45830
8419
60080
886
15415
18386
16489
31695
25527
76899
28611
81174
8642
10629
40780
14009
16725
34690
69153
27525
5255
65901
89745
36948
20093
94505
48956
70725
10771
69071
94307
26881
75733
41877
7215
62103
72744
95110
8961
82096
93156
69189
67609
98106
89351
61911
18021
61711
54442
18560
40521
15814
85251
65055
93226
11075
32153
96336
69408
71475
27653
8375
31099
49048
37334
82959
53110
61224
13659
27340
18533
4017
293
33492
56183
98032
39794
11083
73007
52647
24994
38778
9659
88968
71572
84590
87850
96406
97361
69886
24074
39754
14922
48270
51685
88928
52313
12125
3320
81001
63766
98013
26472
6347
89828
49148
32891
99881
34451
89394
2477
85948
6051
36720
21513
56881
71230
28120
193
10024
90151
50036
48278
25429
78137
55544
70100
63182
15427
82223
18924
60068
97479
15498
1966
80307
88770
50414
39342
72365
97225
39663
46267
67337
4605
51997
38256
28944
89872
11051
7941
56638
16671
58314
6788
38809
92853
32038
37917
35976
96778
97445
67607
502
26001
70641
79558
74664
19756
19279
31891
61781
21882
70105
58252
66547
21613
98903
5186
58087
42784
18091
51637
89202
17549
81682
13239
65788
24604
29952
45928
71779
47850
66567
42364
75309
19720
17389
53585
4758
71236
87821
32750
73124
76600
48508
17297
46998
58217
96298
53761
4936
34032
39659
46333
6312
77226
84292
41602
65738
82517
63076
50397
34183
83401
72715
52477
60160
632
13769
57043
19586
72281
67802
74560
83744
9450
6563
67928
19646
28771
89686
24491
28416
77802
32295
54124
14804
12560
68985
27459
75152
83252
74124
68913
11575
20494
56457
88986
64479
19633
62755
89968
83437
41121
84586
80164
79979
69590
58637
92446
69980
12200
6409
69078
45486
31783
66677
62402
26755
68131
21097
58697
8243
48618
62944
2719
23450
49263
60389
53937
68117
61975
84748
18887
57369
71295
13516
31901
78893
99703
26510
69787
81017
33212
63496
47623
53311
90183
10318
37266
92081
41517
36276
15129
6770
58425
60217
22427
60092
78597
13261
1965
51610
14342
62390
63734
51771
82865
73180
55208
35093
62367
12595
90693
27520
87049
25791
50006
72528
470
93802
8846
40574
96290
24867
27507
42933
27618
10680
20926
63416
88093
29028
93522
70254
50291
92892
35228
87388
62942
8490
62939
64489
3411
73598
22673
31794
64381
2574
31937
17727
26884
75168
25451
49467
42196
43428
30390
20350
41406
7201
5690
82322
62188
14654
48658
3657
94255
85365
64380
49133
23552
37979
76218
97094
20005
86395
53591
494
76227
27717
36482
75076
43665
89925
19578
50584
20383
75617
51733
13820
98616
99380
88004
9757
10636
74138
19506
44752
93436
4705
88439
33427
24182
99891
82194
34381
9381
42454
42062
22444
73706
67715
42160
34809
87264
37350
6661
76939
76586
7604
10191
50724
20840
7801
75901
78962
66009
13148
22873
55496
71013
47454
41562
80059
61717
4668
48833
29301
253
75542
91714
98140
14514
62113
9875
18156
31005
34848
70054
14821
98429
80268
49165
99116
99876
42611
66747
43418
74395
81201
79234
42689
78592
46209
61587
30996
92150
11378
49322
29496
78915
79144
45303
66458
51803
88695
97595
60989
83245
41902
85011
9862
342
9477
17042
8573
16240
42826
211
17931
6269
60457
66303
67213
25463
97535
99857
27538
14044
21889
42929
81187
36296
83799
52496
84501
52394
21888
9025
56722
99770
61022
72611
26301
28732
19859
35988
8601
81917
20415
85986
8358
76547
50424
16120
61350
78829
66477
30182
50960
43368
46
91158
45101
72234
54670
91390
65254
486
48789
17694
49038
98756
94213
2240
39265
98135
82844
3174
25394
60004
33785
21357
18496
56376
5785
29605
36273
7929
53960
67437
46571
22704
27648
59402
91154
1149
70398
56264
44069
24178
95209
84288
4881
30
77901
37423
6103
50092
15468
56094
41483
24710
72577
85022
51115
27791
40434
57498
603
14709
60139
86941
60158
48287
77647
84137
17785
44763
93727
42516
46443
97583
16314
28999
23615
77431
82439
84352
22294
97451
30364
93002
78467
7261
63060
91378
75529
24955
85524
8402
76846
49876
87690
19761
13142
93765
44685
49938
3908
85936
89590
32664
6630
6138
94443
47165
21650
72784
33406
90612
12426
1609
73531
21152
12615
17670
98688
64793
89244
9445
30338
62170
74034
72504
40644
78058
36789
56420
32962
22038
49185
45672
3698
90511
80467
92723
28943
17481
56975
23446
65999
54702
68601
11130
27023
51855
59017
14866
98875
31993
30466
90399
31410
60645
10089
32503
78024
88583
11754
892
46672
59460
32614
77931
17185
20117
6806
98050
15372
6660
28171
78803
6031
56943
75628
59992
48491
80308
10699
74008
60134
57803
50777
73150
25827
77010
62931
14153
99575
55952
44347
11238
989
53554
5738
29021
52456
26638
24890
32102
29603
5863
66047
36223
96077
51225
75641
60150
70803
30796
80407
62702
94885
24575
3671
47396
44978
64942
86907
73951
34462
42688
45620
70588
5914
92243
85652
77116
99746
3442
71949
25859
50375
75278
98733
52194
21581
46689
28500
73698
92978
8296
65662
19203
58169
346
120
96587
82525
15693
38216
71977
6826
83111
7530
89322
79897
20863
31045
54538
97906
13309
70882
52784
85688
32411
61992
49075
4566
2749
82896
8817
22112
76718
13821
71065
40585
13530
59374
82505
65663
9467
55751
37743
84104
8411
6300
84290
13909
69139
85231
14721
98150
90678
89522
67568
67892
22043
10159
23350
85749
66936
43531
73874
28168
61467
92630
90667
16809
56166
90119
42339
93013
51235
97357
25493
712
1381
3865
29055
13071
59380
53144
60284
93100
57174
14798
48854
33417
59686
45537
3993
56380
83000
48996
88223
34302
19344
62908
81238
1593
69457
84689
39752
56435
9347
6274
30893
53882
95733
74772
37986
88185
50731
29964
15697
51051
48782
57580
32188
57806
78342
69347
34499
84626
95544
2900
60596
27184
2608
68829
70555
33512
92373
94447
89883
36057
10352
19189
8723
70257
30798
99181
89473
43371
15467
55810
2001
53440
83114
62026
7358
18161
81495
99901
83987
96913
40995
19954
85298
12033
62003
58597
77509
54250
17227
72416
7873
22215
44441
93089
25216
61018
49582
1515
96127
92777
18337
82123
35245
58134
23408
42309
67693
68110
54887
45062
34805
85277
57486
69892
269
58434
66491
97041
67029
79464
24208
38082
43980
18720
68585
50483
66315
18875
5076
62187
73329
76432
16568
71092
8614
2886
82430
29927
14875
50473
24873
23199
96563
77836
49132
16261
50324
34788
52824
8730
55592
91358
21599
82723
31456
15731
52380
40926
59766
53651
43853
81586
94301
88713
43062
49702
17278
82213
46749
49392
36518
27473
69977
81321
65887
20222
94427
49547
5988
84079
46805
55534
53867
20589
55944
33794
9973
21448
89102
70407
44980
89209
36566
58791
96577
89077
57052
37632
30247
54869
91342
33795
1697
1455
62179
78995
44252
92491
90685
38390
46411
29196
68501
55896
69560
3653
54115
81302
4591
6862
86078
7356
3463
98602
83727
19146
14978
86114
24177
86401
74844
51887
6616
62636
6816
3920
83415
36702
37258
50790
25089
20498
96978
37877
92870
29648
12280
48053
66326
15429
19919
51921
34985
62688
1756
30318
38192
71578
62919
86378
56288
29211
92358
11979
82165
87684
8742
88657
20403
25433
35809
4283
41354
7654
18854
68562
40735
26398
75931
46331
77954
38913
12706
76119
24279
8953
9447
92846
41876
94922
82431
71602
90774
69928
45548
16531
46406
57065
18795
42386
46801
70203
69753
44141
36674
43607
40031
33328
65225
74530
99104
6644
7648
70607
20083
97084
64020
47939
34410
23796
5115
6969
49618
76915
40664
97099
43424
73704
28389
31208
62474
65028
53506
57462
13429
44689
81905
5879
20243
85590
40519
74610
29966
39545
5153
40500
66792
30017
22102
40946
95497
34444
65776
88668
52201
43376
22813
32618
26427
16159
84138
15255
13085
3357
89610
31135
79341
59236
81840
90860
99045
30548
19933
75261
45606
53993
17254
593
64759
27869
17623
27254
93365
5688
82347
73410
12828
86158
5949
57867
65878
26255
92286
31026
52926
94515
29306
90456
79726
99059
93093
33769
19963
88862
19308
75071
19976
85917
17593
4796
89161
48787
6774
25084
12534
44916
12471
56890
60617
16857
10948
15548
9068
57744
60551
51412
43668
96314
13558
66948
13847
94977
34912
18522
41905
85068
64405
85055
53720
67908
66190
38653
73107
37315
11397
27470
87053
29141
27428
83374
32090
65586
10489
71835
84836
70419
69558
40249
93130
89738
86943
43615
59060
73814
62369
6358
87803
996
47287
85671
2769
11342
38773
83749
34817
94342
40884
51596
39053
24824
92077
25120
31223
42848
33040
92506
77433
49269
91566
50040
66979
27269
43144
82235
97861
31949
94235
96983
3301
37219
53527
76888
26478
49641
25995
32714
4888
96458
1740
20451
82037
16876
54936
86664
42615
59867
36639
23291
58450
58113
32910
52128
85160
53954
14915
90093
7656
56862
50187
71604
35606
53782
30517
80518
60704
92067
46556
10474
97124
12712
5468
33008
17348
19725
98256
71160
16037
80076
1911
92528
2487
7781
87913
34627
78631
67674
7414
29504
75162
98194
89283
75550
89676
21417
16794
13100
99722
19516
78654
40064
81675
11151
50800
84388
91083
63337
50906
70481
47701
53404
4578
54457
14082
45542
73105
4090
91755
41934
87493
51394
59682
67772
80355
69579
7945
27218
66143
22695
7702
53880
25114
81697
42597
61045
78512
37366
50269
82082
77060
97987
72924
21789
81407
76266
51561
63092
56783
15967
83526
43714
75365
34796
75969
95258
68627
84854
22874
54453
33925
65886
33771
55792
34752
86308
9123
53208
98535
61619
27857
72720
41589
53063
28675
41306
34560
47770
70521
38084
46168
86665
95369
43894
6111
4345
54496
24358
98249
76474
80206
96867
24728
76854
64706
11812
38263
37987
43572
24304
23514
33408
37088
67824
37262
23875
68153
88288
69932
60028
19355
21508
47129
7022
35253
65468
42837
583
14640
64955
23729
54501
87635
34240
56098
20303
66572
70337
43266
39153
29716
31181
82688
70049
7955
48071
75958
80943
59696
79487
12134
52705
99328
68607
15208
86561
36816
2156
61665
31381
69966
38856
93411
17635
55009
92480
90270
80225
60730
26539
68196
71157
34759
78182
23197
27649
41246
86370
9244
52443
63321
97307
2427
87270
95288
63097
32826
20530
74100
98604
52953
98157
36600
63444
53492
66448
36056
26673
67082
91239
2616
67753
98782
54095
54366
89641
17614
40228
16028
81198
99586
62218
13522
96579
7672
20175
27317
97459
4109
40727
62523
92705
86793
70801
68614
8209
69405
90124
73660
70690
62856
18849
22004
80348
69033
29442
28381
47351
69005
71085
33756
20087
95263
92317
23491
80257
98935
24475
19947
35358
53715
90847
88279
913
59054
49916
73463
45489
28739
65454
91428
22962
36085
43261
24713
69845
65945
50422
95022
49001
28961
84447
38947
77021
77674
1080
25418
61776
7205
73655
78246
50048
63858
17052
47843
14824
33105
22040
30186
82899
94814
88126
61387
4005
87822
64488
22822
28570
99057
86526
56491
4156
51966
68557
7906
9478
8545
94042
73557
74165
33230
83717
40080
93259
80791
42284
28374
30458
83857
59971
61008
69387
77649
7061
63713
93014
47188
65919
77288
43414
35084
7452
83113
39662
74955
39838
91222
98109
55677
97311
1699
44560
17717
9673
27223
39872
75438
85352
35428
67830
7739
44853
32897
95741
91583
40182
42240
84410
12081
91693
58271
81419
36212
21
35762
96230
2768
73452
95206
69619
5501
53753
96931
96528
4425
48048
42700
19740
48498
55126
74176
40906
44749
17485
67392
13211
47827
89921
12974
52200
22131
31027
96847
75198
69656
85177
64063
14324
45053
41559
18882
5258
46662
36481
53177
89185
63868
56163
63695
75620
26055
97254
19662
27822
33458
98442
727
70602
77264
73583
98851
19369
70917
45326
47867
25986
4160
59617
38880
86817
5638
10985
4657
10812
77776
27753
9892
42323
173
73677
83021
91815
52176
18983
47209
1368
87900
1221
22385
19044
70045
90100
97991
35003
18303
96182
99326
54595
45031
51664
73836
8196
89285
95483
60749
72882
29979
42869
53135
5986
49015
92611
43560
11108
96915
77082
57225
46060
1370
91374
37711
89533
66065
32800
38307
94925
18526
94121
1649
14417
57338
72375
16676
93307
87352
7545
18098
42405
94891
22960
17069
45820
42210
90245
58353
47829
29925
92730
6795
54154
85852
60200
7962
32412
26337
15405
91700
96056
22410
45370
12208
98871
65682
2620
2242
33651
3129
9231
66992
30571
76608
90343
74339
76836
47577
4303
62476
93637
3873
43764
33472
83832
96279
18793
39961
86216
15198
85153
35576
99243
35263
95847
61083
99626
95029
88582
56140
6623
88332
11082
53291
56679
47192
16176
90274
94009
39580
24455
11033
1563
92855
74783
11047
1309
6094
64610
37914
34808
8767
17467
86437
27415
75062
15681
74024
38484
75607
14529
74075
23803
86880
91609
79817
13137
51427
31505
55607
16131
97699
38467
7926
71801
42092
87846
47897
42605
12809
73752
91691
28308
8370
56549
37278
2069
33530
18232
43575
3685
60714
42256
70601
69522
11102
90400
46227
90439
38341
42648
59759
81593
85447
95233
80037
75739
22076
81265
63263
48784
58851
46371
42040
88322
80954
6488
44084
33587
59560
40155
51157
6564
21873
54148
831
49444
2458
82045
2763
1006
34295
42270
56158
59208
95496
16889
61649
77389
25835
61522
33226
83287
67887
59983
94825
38508
99986
22251
81932
65170
74683
4558
53688
91575
6744
37678
75660
27794
33223
20233
4644
61985
80376
74951
74654
21574
28560
32569
26174
88117
976
73708
50392
76388
73768
87113
7860
45641
99463
6757
2096
13994
84271
25554
46837
22052
50500
95248
95676
9288
19
58669
84937
47042
3287
75512
72536
75034
2393
95227
44249
97546
58782
55801
95017
90986
29857
10139
54319
33942
30442
30529
27759
92036
84698
80927
55581
17548
34503
39683
41591
95125
44829
41534
87349
30094
19451
37870
46037
69521
38746
68176
20955
97656
77849
57589
68967
56686
78635
23088
50661
84100
39979
31184
67199
60959
38466
43357
33121
14474
9913
72992
75857
45251
62986
67850
66952
21989
38118
12310
92988
88665
40663
94259
95208
70787
24748
65828
51624
39798
36534
34654
17142
63740
29444
24227
92634
18314
99515
30111
683
30891
64049
94967
25904
27880
43019
446
68375
93944
99312
52005
22660
97305
64634
6747
59108
98973
51287
12105
80641
70991
86916
85193
98056
15313
19350
6535
94679
75997
88336
33963
71728
27461
35009
98821
35813
61821
10048
5544
26277
51790
66171
37031
13341
19770
70204
87067
53072
19150
90658
40283
14656
54198
32557
80481
13589
27339
61273
34486
38629
51599
59657
88218
92732
11096
2759
81386
78742
69447
1729
33456
53386
78770
48895
42630
68406
6073
70446
35507
29290
73762
65573
70367
10053
96610
95344
57674
45440
87581
24889
20689
86377
82755
58784
78104
60013
74416
58937
74452
65133
51593
36549
70255
32862
33972
75614
40171
20102
11643
1666
91128
74920
48877
13379
58266
76189
44950
70907
63947
21100
35474
91513
56
73202
90943
97338
34593
64830
87605
46102
48752
60845
71003
9016
17477
14024
71918
49110
69507
42354
67769
26712
95710
62295
99322
42152
24947
47599
93808
99996
42556
25978
13000
18128
78447
36157
63226
96860
3829
22718
44792
7198
29899
79695
40016
4375
63527
80188
65317
14899
92655
98222
55437
66800
54098
26092
78122
74131
58220
3192
74552
74315
4584
60907
55975
79445
48672
84576
36242
23101
8566
32757
69031
48383
19981
4009
11084
28979
73668
62966
73685
33892
97909
51490
36061
36785
5227
41600
43120
71807
96424
27698
53026
85629
56381
61686
30474
54177
39769
55062
6935
56129
80726
70055
1701
77751
70216
86994
89855
24033
75750
6715
67120
95003
60108
25712
63338
16404
35031
8975
27337
54814
91644
84403
73268
86423
29362
18515
50277
45650
87346
97064
29295
51718
76379
42932
84233
75347
87372
78350
17361
1354
43913
44001
46270
79920
37451
88718
54960
80128
86010
15549
34407
73367
93696
99090
90604
42213
49768
91337
50809
86404
44360
50001
92105
57998
73778
92662
18853
49901
84340
78105
37482
46224
82158
91627
55971
60981
25406
34738
50027
98732
76555
54953
20015
17716
43447
93585
80836
710
94070
5522
85730
96050
917
40288
82020
45076
79925
49925
78127
14539
65971
34783
2306
34940
17556
99216
13351
27767
89635
94508
89325
78258
55518
35247
50978
71361
34945
23285
54025
14884
96059
56044
5053
18342
30438
30181
38201
51094
2489
73717
77756
59725
13917
322
13788
80029
32068
81056
18514
95273
14229
43012
27103
92842
3658
91557
80765
22963
69634
85678
13213
82014
89494
17347
48523
76483
21621
28954
67025
64006
23721
93122
75475
46903
57571
92271
69535
52388
9468
60198
49058
67153
66675
22492
36226
88532
91706
55606
4995
79009
24298
84301
45471
65077
93811
58985
26655
59539
11363
12499
13826
647
54306
80505
13851
34800
57598
34008
19642
32
36505
96326
59713
98524
74343
68280
57224
30222
83865
20449
49851
22690
84475
49921
54820
45831
13076
75294
81403
50192
37034
18014
47065
83783
96447
47194
52567
58699
61983
43712
7258
17339
53412
21297
31064
23904
43378
74810
77983
76297
68298
2833
21669
20366
8493
91963
16452
78794
67451
10211
84222
41586
45350
90005
29445
30477
97805
36269
88775
78854
47534
67726
94870
775
46991
12572
54520
38078
28634
64145
87398
7713
36654
63424
47403
79688
90244
71920
92512
16386
34907
53302
39492
4073
47491
25810
58493
34021
36403
21663
23958
32845
93801
93913
56666
92729
20808
46812
45249
22235
88042
22208
56051
93136
65481
30980
33790
24579
76364
79254
88103
78934
22532
89279
43191
86856
59599
60501
59338
85232
94319
63832
41582
69294
23962
25547
9404
98094
492
67367
87369
96325
9154
6894
87325
35386
61327
9863
62065
48029
35330
69740
48783
34743
68484
55807
10308
64782
62747
51313
36405
63526
57861
93120
11261
81397
13209
58968
48362
94077
17058
55537
21280
4252
22942
4701
76907
30128
76
87217
69822
41601
29548
16837
1860
99184
97767
25529
9556
18895
72045
76557
43558
92397
33168
62725
77291
60280
17324
76901
682
88350
95019
65360
47591
21700
46273
90469
18336
40781
22264
47552
25781
83483
39140
79024
65670
43616
95084
32893
25751
34492
36641
54416
44911
87889
14663
96112
13740
25895
72875
87912
77964
63098
24506
81969
64605
71607
96535
21551
36324
78736
35858
29720
73817
7355
81973
96351
9270
69437
55108
56900
6893
32655
75246
39525
84378
10274
81944
63244
49006
41185
58090
71351
94151
50522
86227
75461
86444
71471
7718
91906
24261
96396
26724
44364
73948
15679
81537
41031
70709
93909
81725
28229
82984
33585
87375
42261
68900
15636
13039
40274
18283
29863
46539
91440
48244
76197
64902
91935
75728
71520
18622
90175
28799
58209
85563
34424
66583
93820
18807
48069
16009
64829
38250
50720
45243
78601
19619
5972
20517
79522
47913
41405
46947
97192
70283
796
92993
56872
73470
50338
81084
85979
90061
38874
5182
84473
72223
90520
24083
51688
81384
36644
32928
77153
96439
22682
74493
30218
95077
39362
3127
45008
63519
90468
61778
52967
32322
49041
55184
50135
9326
28449
40931
62832
85835
15957
64746
81541
1539
4719
54136
91696
24431
76658
20912
36680
67970
96181
23108
56017
30742
35921
66523
11166
3956
656
397
42052
66411
1074
73554
8707
10144
49281
47857
39174
87750
14739
7776
78855
50950
62539
85547
24672
31066
63660
83235
2954
84894
89009
17956
10267
69930
99782
97665
69377
43844
87072
65379
32137
59584
75349
37133
67023
88474
72167
85870
93438
13136
16964
89033
83791
81744
19442
88121
67852
39192
4297
64872
89842
68616
88672
77020
32967
51178
46091
22924
77421
23524
63103
74544
46995
2221
54310
38285
21890
79125
79216
60129
1177
45621
22759
58406
67502
66558
39368
22256
61272
57035
72982
44065
29939
92442
23580
1152
17905
46103
81564
20964
19370
92547
63117
40212
3350
89885
61122
48341
23943
22727
75564
43182
84286
36744
49960
47996
4219
43908
96329
81548
80705
79494
70937
20864
56096
57182
9738
31654
30809
3539
10713
53350
52439
28585
4849
42480
89143
86100
78877
1150
47243
68349
87300
9442
66703
8252
11690
46952
68572
49662
55526
66582
23317
23471
28912
60497
82948
84078
58120
7078
22858
94635
8746
18118
39534
88537
860
44063
1071
31061
76944
38423
54827
73386
19840
40095
82003
56242
25808
19980
50351
22749
31445
53089
65445
32107
48094
25900
41704
57112
94845
35615
59815
29911
97152
10795
16290
47089
74976
35269
31389
2469
27477
3799
50760
31174
14446
89079
4032
23605
92366
44739
74743
19509
87925
79757
21998
43916
76861
25269
21404
9580
46846
91989
62417
9169
83754
54739
62983
25544
78191
17687
42741
44825
89938
58463
24275
10837
80089
36081
30003
88595
45366
56046
28441
41913
99617
85349
79699
96115
2807
24267
80111
59249
38598
71653
6498
91503
17817
35686
72746
58952
69622
63702
39699
35288
47212
45987
84755
94110
34387
52214
71724
26598
78737
70013
31889
81557
85020
69818
51630
86833
39796
60688
59733
58482
16677
41732
75914
91432
2649
81762
61620
44432
79337
49650
44180
37297
11892
75606
30112
65655
28186
24323
42515
4180
57785
7236
25602
17280
12148
83723
47456
33191
28651
61145
76047
57943
10221
85133
8354
38074
66953
55748
20372
71362
73512
28569
34686
48331
82772
52560
69244
1327
37947
97034
8748
62175
84778
62178
29125
31642
35832
4802
23756
49741
49134
84825
9115
46376
51045
93320
65306
41638
99302
34122
63823
79378
82343
52883
80938
59369
24013
39890
53690
30337
80417
19528
59026
33872
82374
22054
98212
75754
60729
20608
44184
5287
78441
75507
20717
81501
6115
45046
50618
98842
93236
22470
17753
40591
10236
63581
54580
29751
58914
21836
53234
4647
9592
90546
99693
456
86304
37691
17758
16631
89420
51749
65612
51357
14825
72863
71523
68443
3303
44802
28248
37793
73349
55612
34978
8852
25204
42832
233
14669
65335
33572
81784
46127
85183
47906
1107
37403
58058
56642
62521
10518
38503
58670
18503
92802
71962
60838
35289
52892
11478
61589
31590
88179
69178
10959
6967
55646
37742
2296
83370
76384
90407
39840
4211
93767
92797
55934
40342
935
1803
30916
50785
79609
15182
72862
87980
56205
67372
90160
4863
13765
88633
53528
23928
74139
48961
37108
74284
44882
10539
52976
77067
27740
27805
55480
60728
17808
91272
61132
23686
74120
55731
41409
57270
88107
47014
87203
4992
85705
87524
36662
74905
39797
91875
20594
32436
67270
34794
58803
40885
38062
45184
9207
11722
62651
96395
52849
83068
41379
20743
87377
99789
33604
80617
70458
21471
92826
32223
33075
43214
87772
45718
52075
92281
83564
47464
30519
11649
61925
9338
752
71719
7383
16207
12434
97599
26194
34198
72902
87953
7209
167
37253
5657
93603
83381
20381
67450
31244
15206
17004
22993
78263
26361
66039
36112
4730
30892
80442
72210
8641
98457
27904
30179
41585
96302
67506
40390
26885
80790
68890
21614
32924
4422
61545
40911
58117
7708
51543
63776
34109
50893
60452
55272
98105
72800
36383
33487
59040
1330
44899
71443
20006
51443
38197
4824
93041
60181
67288
64897
47792
27981
7836
65516
33250
56102
80592
87347
9578
62999
70561
73518
6156
36969
70267
47698
51009
19511
65559
28751
91981
97653
20694
98747
12295
48802
59489
30939
68653
24463
52972
66480
63409
94285
67290
22255
85484
18521
82852
39717
74622
6579
40752
67131
3997
94124
78542
88395
54350
20306
1166
10574
26745
87319
89136
31057
46632
77686
91775
90330
44908
83156
44283
74283
25087
97674
21992
28803
13794
16552
74555
78740
17098
14161
18123
21001
69906
89183
37137
4440
81429
25881
29877
65929
86955
95717
64163
72723
59655
92882
86728
38941
33176
28916
142
70119
34148
89372
26992
94201
87089
28087
18029
27331
35721
1379
61694
34068
6172
1239
86343
21793
33931
33978
29396
62892
58729
93044
47628
72765
80333
96738
54904
17661
83012
90479
81573
44722
68026
62642
60952
35274
81112
35472
26641
67794
86140
93193
72530
98543
71508
606
51783
75611
40640
86735
71655
20156
98276
96652
76903
42962
54942
22693
34556
48647
25426
61347
30956
64147
1083
91893
48468
10615
38311
59989
60243
7975
6547
62107
90665
91375
46981
37975
89607
83693
60641
7273
2003
47659
13172
82242
71186
16391
29847
26833
63809
82412
7456
21537
88527
83718
53224
33025
27689
22229
25025
79794
14028
66310
58317
3100
37016
20009
31485
42138
97082
52986
38648
29680
70280
60824
78517
55958
37182
79754
37769
89709
62661
19724
35786
30064
30316
70574
8509
78820
28064
60723
1622
37407
11797
95332
72251
17020
83419
90763
31778
70785
84517
40628
2109
34250
21011
22773
41230
17506
73382
27186
61593
53682
4058
86549
77477
44343
84035
88904
85369
16446
54812
12266
22240
10016
209
20472
29371
74048
43383
63132
95280
49451
84189
61190
71280
44420
57881
87230
40580
65959
32623
33726
48005
66270
67303
73624
6589
32407
8984
46070
77794
50247
50476
48420
96437
55680
34611
25437
60642
56360
6566
21676
68808
53252
22281
53601
6357
30594
92321
49136
9023
87064
1200
13876
86028
52368
1572
60313
2823
2127
80914
97228
74170
91499
31038
4914
30947
54377
92084
60268
40775
7210
84727
97366
47334
96709
26173
32139
97557
25507
9616
461
39258
23856
54155
19069
82047
18297
20052
27464
74178
30667
72367
95794
87474
47473
49900
26157
23436
15278
50745
12186
38093
28490
46789
87579
31063
4354
46854
55681
60204
4755
52267
88226
49268
53991
14222
15156
98677
96044
53748
28637
14302
71229
818
88388
67219
76506
72974
81515
94138
81632
95607
55382
37889
19453
14069
31646
78275
78999
6387
19935
68899
61203
38703
82561
18002
38935
92152
44851
14692
24549
25772
92787
59633
45945
58293
52846
17182
78970
32354
48897
4808
35612
36780
63080
64678
53388
46194
72015
33628
64884
38081
30339
21281
66793
30459
56514
71257
38973
3471
12374
56034
29528
24312
51114
87362
68450
31325
25924
59508
55784
2540
111
35107
40753
69843
85305
28177
10254
95707
36249
99844
48888
49638
31347
15169
16678
75983
37148
38479
51459
49800
16060
42332
69638
71476
65833
49004
72844
64443
35422
84620
59406
95352
54211
75082
94452
6218
19184
14168
29495
10084
10590
81275
14853
37347
11016
64985
79637
93553
62669
7056
19287
19467
5061
8775
51150
53367
29403
10759
28204
75289
22878
32996
73139
71903
91237
13884
66266
96158
39013
21780
510
11056
93324
2342
86579
43006
76274
31082
46258
56685
7772
89121
30410
28423
26651
20605
64915
89571
84398
99386
9251
27226
41872
57787
86749
89625
70374
16873
29682
56831
2007
14347
78157
66653
44319
44386
62384
24966
7892
9773
73266
45652
53854
610
3941
7867
53596
24577
86978
88835
19905
69506
94646
37329
45760
80578
99213
73913
61038
4990
35910
98305
2013
44202
59619
53162
28412
41762
62580
16486
36277
87086
64119
49694
83494
75985
61373
8918
69410
50233
71998
71615
33284
61404
19035
11848
9205
42683
81428
47932
98728
59372
60235
21336
91784
7934
70955
94572
34305
16073
55017
9619
55421
94877
25837
6627
941
73256
58550
45890
83464
30767
41278
30063
20460
15258
73637
326
23353
9342
75652
26605
8504
16263
77793
19686
67197
38485
34127
60762
63877
1057
83254
26908
23608
91009
76145
62745
96236
88195
11336
56812
72060
53573
3441
83272
28571
72288
37475
42436
46165
25706
72241
58032
48812
28139
11770
84006
15020
97496
63714
77774
91106
80196
51675
94449
13310
10315
85181
74
7339
16540
32070
13780
64334
82847
77945
23321
13078
88700
11396
26703
66551
49579
98571
49874
65125
49247
46962
99483
34624
78271
52801
73871
35676
22388
49220
52441
44942
42295
75099
17894
97027
37277
51138
10350
22455
14790
84347
52029
37038
42374
95383
6544
29352
5118
96986
84898
47380
71676
3722
60751
41134
75169
23204
23489
43479
68430
6139
78152
62250
3231
2092
71549
44733
44332
60087
41229
17509
42982
32106
95021
48051
47999
19351
1458
9967
40176
38328
49043
9579
38834
23806
54642
29618
69250
92393
76002
95546
49203
34046
53636
10133
31673
29376
66838
26804
92218
45938
79194
43902
73992
34297
16610
75626
82787
3473
11856
41261
31634
89920
26475
34525
31545
85862
73233
99590
64480
97014
90533
58529
72475
87054
30857
58167
74725
58962
84250
87862
37417
67882
77862
47008
33746
60524
53107
77936
71656
92964
54816
3075
37502
5604
29349
53915
84364
8035
74873
10241
87427
60405
37881
62808
35589
44003
37956
41685
75330
30290
82581
48015
26051
93750
80865
73700
33816
10538
73966
81354
43779
74618
42037
33485
14068
81845
60094
78872
23791
59911
3179
26744
88260
39954
18306
92696
50488
95580
13707
38507
46205
42169
65183
10465
6196
40475
96203
2360
43483
89018
29743
89652
47342
24350
57728
61937
73838
13965
71282
17145
45936
85846
98999
75563
69598
89008
59440
34336
68455
75291
73763
34648
75855
18449
59944
77026
86662
67081
12377
52610
16281
65628
82108
8792
45215
89678
52249
31395
81453
37459
24790
82810
69338
4144
29840
95944
75588
29859
5712
25015
966
4579
34811
62816
95757
48596
61403
44413
64445
62198
16546
24773
5122
52491
38304
66103
58646
8193
72139
81165
10723
80632
70323
89593
97235
78044
57189
2726
60157
32195
98069
57380
67779
12856
82349
38246
83641
6494
92901
92815
66746
50179
67449
49799
51080
68765
35852
51606
3224
12622
20821
88095
49716
62920
79257
35802
18939
24346
37073
42304
58630
89146
44366
51100
66799
29245
49477
74857
79891
8704
27327
72218
75229
56562
88140
9390
36777
59966
33682
28422
41404
1238
84758
17301
92960
38707
18041
26151
50722
25175
90423
49811
66486
37556
10682
91054
7767
77918
76590
82930
98144
34182
32654
53502
14037
22176
21754
32874
69964
71220
69679
28288
8740
47853
90198
67635
79988
75375
92309
92695
82953
18833
25305
2312
42105
81127
44836
83118
26009
38958
10592
15133
49246
84612
93295
99691
32387
84924
13983
79040
71450
24121
93651
92435
46287
58949
83587
45876
82634
32574
68230
10533
55675
86363
25755
16161
17186
36629
67063
24989
43515
15302
48010
72239
89865
29425
21154
35121
67419
26251
20629
54863
15325
82124
15560
96254
44632
89893
302
7455
55335
34937
88647
28203
45478
50936
62201
33364
78874
62117
55140
44359
92166
14233
92205
28321
3408
43073
86407
9554
11988
66125
4146
63774
29709
82591
93850
75193
13982
39610
85733
26309
11295
98503
69124
5170
30161
16534
69291
11273
90882
2457
25896
77223
99238
64227
60522
63950
55162
61677
82836
17980
94269
51286
41882
84333
3740
72693
24075
63501
44614
19441
58210
36864
780
52948
5301
10880
11188
3534
74199
8726
22053
20107
42542
85890
96285
69286
25349
65322
77501
26191
58653
85013
72179
38154
67130
61968
1933
51601
70158
96435
7821
7297
67936
40660
24436
8718
3052
67798
61154
33221
18838
43926
29797
98501
18933
86729
40676
90376
1146
65857
66552
78338
38677
62427
48062
40047
7996
20712
25050
14632
43594
1752
1422
64192
70577
52797
64577
6713
81690
62967
75862
29252
81936
86870
81859
93241
34087
20662
30271
51230
34050
46659
23423
39204
79283
40833
15461
63381
25796
93119
5355
27650
20086
86402
81996
73504
27455
33496
21697
87150
95365
51309
83867
58144
42114
5033
55133
75053
66242
12332
52253
99349
98237
37676
26246
80476
93726
6898
55333
77881
69982
31658
93835
73381
19211
42669
72322
53632
56847
41939
56324
1897
77360
42430
93753
41474
61074
8059
57426
9174
67786
29988
88994
84232
23011
82482
47690
38930
31339
46739
44514
54755
10030
83096
36232
46889
57019
99570
33624
69050
53599
58538
9779
243
85209
73059
74285
61770
88334
73857
17482
30834
53714
15240
43989
13615
53575
33052
10587
97283
29157
63987
29323
68354
32104
43979
92304
21035
51046
62207
82552
35558
60206
52435
14580
672
86554
97060
61952
47684
48820
10608
82170
794
95472
96537
41988
77453
24213
62581
47387
95660
57157
85407
88989
82105
31784
41416
56726
47419
72818
8135
76038
27433
8736
89328
94952
36907
31721
89861
58370
69993
95525
12938
96619
75678
1374
95162
58290
83166
63790
28151
92803
65716
73346
35868
21484
34733
8256
12986
78490
48269
60328
30598
10767
6484
44801
69920
28883
79884
21646
72850
79972
87757
77280
28691
98742
97936
49201
5067
17668
12051
49186
37162
86571
39521
98918
12156
37553
76967
32729
68582
58846
20550
76719
3483
66050
75156
28061
21117
53821
87959
23449
85564
72075
35213
52154
87371
37446
34275
52306
72391
22296
6375
63982
49574
90216
55815
11640
54983
98420
3881
7810
16196
32262
67161
15207
8955
94981
58927
48293
87476
56407
25377
74496
93088
48630
12793
82631
23761
27413
91434
79915
57703
62533
64637
20766
63403
70971
21187
41241
50747
59436
31092
20279
18189
51479
56265
5461
41133
41020
48763
42468
65672
20728
10063
99965
66789
96289
27427
22786
41064
47645
5300
88826
6445
46429
20433
69015
61301
81991
19777
9750
88585
25155
78615
26318
31692
43667
56725
78035
87210
89307
69689
79391
68589
13810
10293
11276
23593
14589
70649
25616
32177
43074
33120
35308
94627
45898
95391
89995
48065
55556
74133
75669
90451
89620
50560
37732
4188
31764
71699
40803
77831
30172
60606
76488
41678
63848
52774
35340
29871
99332
98419
51548
33426
84321
25862
92649
9811
61166
21000
62615
5397
67280
15963
36253
67234
78665
48509
59005
46203
41283
90031
84525
6487
48830
63658
73378
88819
95921
81758
77789
23153
24021
45726
1193
35293
53750
80593
51750
58912
99892
21140
70090
80451
99262
40546
20642
20634
85914
78590
18457
77868
34530
99338
26693
49608
32346
68579
97790
45006
22226
41697
81819
50752
88846
59769
93846
37495
88715
91102
80084
11197
87966
40035
16475
29954
52917
50248
94871
95624
69750
90646
86354
19286
34609
87077
13369
35134
77056
99577
66373
91974
62888
80800
53929
72324
97477
42478
92796
31759
59425
15040
20514
26851
86954
90749
64699
65479
78313
63411
29236
55955
21801
63197
85517
25467
55614
84582
77822
98893
68353
90809
67373
46616
59714
23762
51316
5662
78319
44018
21728
18641
48985
38613
4898
11149
87683
98631
16696
66907
8290
90377
7315
7714
50346
61487
20099
49169
86760
64867
10894
28870
64392
29488
88272
21502
32749
76198
99041
97525
56816
49996
11634
79724
76553
64555
24855
52709
89985
59434
7518
63652
55840
53474
5375
3629
38276
74058
70678
20217
67828
46092
22047
15828
42154
45593
7773
6235
30019
934
79951
54518
78627
80184
75836
27963
51492
55342
43920
5670
77526
91932
70771
30563
11086
48406
26571
36746
32305
43675
20844
91571
65358
82200
98898
62913
30076
36857
11367
61205
16719
27148
50254
45911
98147
11989
44409
25498
93421
82696
30270
47185
28429
26675
81678
56345
62603
44863
56716
88712
36673
41287
24189
83018
64660
86468
63656
6334
12303
77442
35876
62558
6918
71048
61079
88353
41211
15248
26053
85607
58436
98805
93153
75498
50117
93962
74384
93033
44598
37731
13716
72055
23592
38030
64534
78242
74463
48213
15754
2660
91891
21860
20518
47954
36138
11368
8859
48536
53972
33508
49484
78894
94819
77595
56351
30428
31490
30592
35126
72876
27671
41320
68521
86648
8274
49214
66464
80933
80812
61020
21880
93003
44548
81792
75254
19677
55613
40844
74348
10854
68167
23733
21142
92082
30559
13859
32635
32899
5142
79596
62458
62699
63569
45573
77486
90331
64435
65411
88889
83793
26202
54613
32817
59388
38337
95292
13650
9150
58184
5436
85965
45204
63017
33082
7045
75442
24070
41946
16927
67984
91615
37693
69261
30794
89543
18739
57842
57901
13440
28546
36758
20732
80970
30688
55033
57101
50258
49966
6426
35734
46319
14317
33725
87389
43655
60827
67363
19147
36211
32274
59459
34960
87335
42681
5254
81468
69080
94459
74595
28718
90153
78804
40181
98470
21325
81086
766
24235
15291
29629
66212
51109
4706
10819
56643
74794
28497
72541
51656
78529
45503
69441
37634
58188
15164
94065
21635
55011
69766
32406
51072
13880
40859
7560
89714
99451
22436
33066
73441
13322
95440
64619
27911
40804
49545
74914
63885
18456
93362
50647
11446
39677
78593
53852
78477
47542
40839
25727
51174
64032
93040
56663
76920
96844
13023
67492
14551
43054
9299
15028
81826
34128
18145
81420
63160
75589
43904
22205
18843
30090
48649
40453
34550
18379
90956
2692
96080
6314
65555
35886
52823
29985
19408
76745
53792
81253
17172
20407
68586
66348
98978
92992
95908
81002
7591
53079
95212
52329
76741
72948
88765
98983
70219
16188
68448
38425
71148
85151
914
90910
72062
40759
49236
55190
70383
22666
15996
34045
1341
17760
9161
63233
59001
11961
52017
81736
68490
52968
83763
42988
33938
39978
57312
95091
24794
54895
50378
21633
23637
67629
51530
3476
83737
55970
33588
13486
43850
35077
29521
18971
87841
92146
36216
23745
85158
63915
14011
48522
65053
13678
12245
91518
66974
7692
19127
24737
22258
28794
32694
1220
48465
34548
59471
40925
69874
75943
9323
96855
57658
98413
7556
96954
77032
53717
20618
97224
12865
13541
57073
91118
69488
52239
99392
90751
51772
62023
11007
13633
74101
52955
96212
96307
35345
11542
68969
43354
98377
59605
92407
17720
62389
33428
37619
8349
33434
23498
45451
20991
49207
95373
36621
24571
67901
31714
86542
51833
20471
85659
38541
88768
64299
63919
38607
67721
4395
519
82050
4952
97097
92621
50992
20645
61750
58305
77896
70146
80247
72574
71363
31319
79906
59644
68968
26654
36836
57747
64085
39024
59216
97414
74298
97454
46926
72621
1257
48311
87463
29822
80786
62664
53820
48746
43167
22081
32297
89811
65420
24952
23534
99851
15389
97862
64728
96538
97133
31719
67740
50409
43770
23102
50487
66291
6293
99248
31283
42617
92142
57005
3594
25445
66142
53922
57631
21980
15850
10814
61999
10843
65447
78646
72340
57671
5755
59891
62314
22023
37221
91633
25558
38965
81724
53553
12273
61668
79814
67031
9291
15547
68400
31863
84101
6719
15734
32804
45358
96123
10548
43523
21246
11321
98859
23602
33777
27584
93586
52941
7847
42206
74710
20737
4384
45809
80728
65305
67
33439
83423
56739
54403
32333
7216
43841
8307
44418
28271
21374
73047
78175
20292
21521
77135
46810
39224
81764
83093
51215
43332
59164
19000
42063
31266
17911
41166
49391
28426
38430
25112
24639
19926
24474
13914
49980
22372
3373
6316
54935
73204
26778
68054
47057
32902
34147
34059
49556
50469
35998
93786
45390
57263
55199
11340
8440
34742
85804
72791
60244
90995
18261
86039
40435
11556
80173
33357
97263
18968
28653
92469
72637
37621
97657
25432
73984
91393
87646
42963
75126
1062
89020
52185
21245
14695
68735
23010
1085
31160
36435
56135
92369
68936
25346
90819
99638
22279
70160
13590
91737
33741
11584
45001
65082
83565
24406
76964
65779
89066
13327
41931
52297
94155
63807
92779
11663
86135
30400
85014
48640
62193
32772
69167
60223
32156
2036
54269
81858
27448
95101
88829
77074
81393
64361
85281
68010
11177
21539
69177
74926
23646
5459
62000
12789
60263
26566
180
45646
76279
43930
92513
90992
83104
33692
93091
57136
90137
50390
37352
49348
2565
31777
41893
93271
70361
33991
23846
1956
61229
79431
44367
18050
23924
88801
7269
16336
63534
33945
32925
33391
49364
33874
31177
68460
17898
7223
92148
11800
52343
32616
38357
98915
31205
14375
80013
79573
98843
349
47556
28658
25518
71259
76341
90715
99448
35226
88534
96368
70608
62621
71335
91664
56278
72448
96369
8268
33433
74651
42489
52998
7655
24454
28356
91913
94026
43465
23755
58921
99611
73594
90292
29526
46179
86453
5457
50134
32366
45678
5589
64791
60429
56936
50497
90486
79798
85737
59439
41302
80360
39330
56724
58106
96665
65687
39078
15476
51636
54283
97073
96721
56443
85170
54845
58574
44698
80480
70202
25927
89956
89368
88044
9242
89163
65897
956
72312
52402
86244
92283
20173
78189
27442
24255
91925
51514
46420
74018
13786
62176
33718
36810
24986
60779
30203
71830
66661
51984
67960
83158
31595
36341
73436
81631
41935
98207
99371
71849
55452
93148
45584
31368
73171
89345
27924
94562
20414
69997
61670
24188
47516
69098
88528
2543
53949
10114
51355
99270
72877
74227
81933
45867
51996
13923
99580
49298
74713
87351
89445
92139
11464
40013
64879
48308
79160
79825
52287
2130
87516
56347
21416
17133
23165
60867
85019
40351
94517
21045
8013
55718
8604
16593
66512
16187
435
58177
28428
14427
13967
84901
24113
61340
34037
58934
14894
75864
32315
18822
59324
85990
1009
79310
71364
73228
3521
54461
33386
63475
14760
29049
44556
8990
68180
27232
82002
68064
1569
95367
83319
59332
46636
10616
84437
955
77865
24544
69957
73770
8067
69145
97697
67509
21655
91064
24156
78147
97439
45757
45516
85885
35382
42920
1792
62726
85211
52814
15407
80052
21305
18578
55657
15637
3948
80100
36078
34875
49516
94120
86240
24328
8144
87439
46824
55656
8077
6983
24866
61909
58287
95654
31157
35236
92936
69280
37719
6977
97541
19225
82116
79304
52157
39803
6439
17451
54801
24916
67598
97811
68147
95063
38209
61893
62795
20122
78373
85801
30728
6480
82545
80223
47678
71765
78133
16973
53410
33582
1204
21233
87898
75776
91010
65913
92807
32058
39158
95545
26209
98354
69416
39709
86286
60884
61495
62479
4398
69848
78744
97750
96993
61938
66878
73296
82314
23183
66636
69781
89448
53544
71461
70948
10529
39346
38183
74541
73167
57596
1041
92495
42120
82797
50197
4831
60844
17809
85604
45016
65274
90718
34215
43806
32214
30482
25517
91841
15879
11999
46699
52337
44835
55928
13928
26657
75084
59414
68221
70382
72635
94833
10446
74317
97743
4959
93308
12481
36696
15351
97194
79878
64416
92812
88731
49009
6039
51216
39974
94036
35635
97352
94257
53984
9301
6993
77275
35855
83968
46491
6590
7037
41932
71648
417
74015
19193
23034
77098
16282
650
11491
79250
83176
47363
88999
55085
43517
91217
97618
66977
13757
86142
92937
84677
57763
49212
153
73694
8623
21603
20878
66321
83837
81783
94524
94092
8968
43762
12621
62406
89617
20793
61211
34921
82288
17268
43948
39408
4749
38868
26259
74518
80339
66446
71519
17332
70735
94778
58828
7983
17158
1836
36999
22712
60462
55498
24061
87334
31782
54810
99846
41783
95001
19827
43016
51377
16649
8747
39863
46241
77110
94249
44941
666
4183
42002
97946
98573
89096
48507
1929
32972
26859
31555
92160
41684
86316
23901
91625
23695
23069
28352
23805
63391
43688
61436
15923
61474
31879
86001
80200
69282
94597
8632
7700
66699
68205
82808
30233
36117
91132
66420
79178
8910
55142
36538
90865
99903
82152
10751
97814
93277
84862
89440
54732
29769
78582
49416
2356
4774
20032
30555
37929
19136
56276
45306
33960
40384
2800
97383
14456
21057
14171
9601
36686
24510
19881
9532
32828
24329
8412
43924
45039
45826
32556
27531
50165
63066
7888
23335
56787
87256
81079
85984
17935
26895
36722
66349
77753
42166
46335
94171
21615
93957
86049
48119
94559
28055
89289
87797
55917
31732
48309
49786
95478
74594
89747
14655
43784
29259
20630
44871
17261
14757
84893
6378
41687
23911
4196
5042
6753
3628
71757
1284
41844
5426
19318
17395
1717
2491
54549
55507
10708
80628
77531
32879
20302
60985
23793
85016
42130
91097
13719
28872
87046
49943
96864
98643
97608
66282
18404
55942
61698
72499
58432
14125
69084
88800
44464
93848
34595
53270
5768
99829
82519
54138
56910
30605
58726
9819
57009
18481
67625
11827
41191
35866
88013
92560
19872
8050
32745
37201
68702
45021
82044
63349
33967
19543
41813
41364
46301
62548
46679
31115
65658
88642
82716
61876
40261
95730
60346
74266
22512
9036
1517
75421
10346
64019
10012
64831
61761
46681
29835
33927
85191
54383
75356
24197
55639
30216
32937
27926
8574
34043
29254
36648
64939
1474
67097
88556
78332
32547
64287
55186
84
17972
49673
42703
22980
45863
20037
9165
46822
78733
25699
71270
73716
47498
39700
56661
12612
97360
1899
28487
8321
72162
58994
27627
66903
9499
74053
52233
47742
35784
98678
11040
44266
10517
7354
56087
90247
93270
87307
33551
6384
34252
1286
4585
77249
79196
79750
58077
99402
35118
24086
33569
27509
3415
59146
37697
44988
11757
28768
36536
15779
26074
93341
11404
34643
82936
13250
95028
38603
24673
88301
95294
74193
26
72229
80992
57204
87163
91398
59956
43234
40398
528
52461
85337
9625
45673
31615
33975
34193
54990
5180
57419
90214
66925
71594
63544
87784
97116
17582
93994
55603
76875
34290
14867
58723
68699
31579
6359
12353
31002
57389
72591
37117
52780
34454
28004
37404
2461
67205
49950
11910
97416
95540
94385
98793
6045
42241
30699
30420
59449
92473
65237
43734
63376
93305
38841
47360
17763
97355
46460
39806
66416
10264
17544
66333
7528
73496
83417
31548
59587
97200
80359
5997
91731
28686
80082
14768
49097
63953
4018
48297
58583
73319
76445
85294
68119
87888
22048
90471
30384
23445
62952
31710
50188
96944
31075
76113
36146
48962
4049
71544
86521
8277
24483
53853
50213
30718
3714
6043
92303
24621
16972
84389
34594
24881
69019
62377
83242
39528
15041
82132
9675
97433
43178
58465
98541
27109
40858
26775
26338
31247
7882
49918
82832
85538
75384
11264
60820
69022
78092
94457
15904
1346
32371
86926
34369
91511
98200
25935
69870
44821
58622
26660
41818
70494
65094
37185
48689
65541
23817
76824
64995
77246
62842
74706
78531
51648
32286
47997
5728
27060
62990
66968
16711
71166
94078
84204
35678
84453
56309
57329
73732
97143
96837
84258
3595
65589
13313
12428
92861
6772
3499
84934
5796
79727
75799
73940
1667
81633
57539
33159
9081
94032
67826
28775
9869
95940
15818
74867
98453
91349
77642
67227
83225
31527
12452
57495
81588
22036
78644
44454
62500
85429
22460
44326
52748
19043
54423
86410
40503
58495
72017
8071
37589
39867
85486
66173
20679
73210
1230
45455
60864
95682
47284
15001
36295
33855
84609
45877
63254
57880
66957
2128
95888
75399
68942
73335
93177
43310
37268
70745
8703
6694
4981
16205
60882
21738
35155
65038
2462
67574
78417
17028
53888
7242
95695
96946
55217
67319
30212
36039
26342
73805
19291
97910
65764
87415
30898
83929
8514
42466
26786
39779
69578
75188
13701
28242
47081
33979
56312
33296
89258
5939
19907
43153
84237
61660
4121
82785
67927
71703
89167
24611
87641
10546
25225
78093
47922
62689
38899
54524
66150
49328
69565
759
4930
97780
59422
87016
33038
61551
86310
83624
6901
68256
45529
16119
32934
18762
40121
56289
41391
38244
33573
11940
78368
55535
33715
61701
63676
86596
9144
227
45066
24313
76084
62703
44172
38057
57977
49968
46862
16868
18644
75276
52523
36483
26848
69956
15884
38460
71548
5778
32269
95480
49064
96334
64189
46674
37238
50367
91524
31559
68239
54660
49672
6413
17782
36097
48716
29468
81640
1355
4943
51582
90173
26713
16800
94476
35248
68835
20633
46733
72018
13040
79268
53309
39618
27244
40188
31262
11347
93631
26639
55825
35419
9823
29581
1306
6505
96214
61645
72860
25192
33713
8102
93529
11417
81358
8839
58056
92523
90127
98448
96585
32452
92660
70115
29083
92862
16910
32409
37976
19565
29654
74230
95314
18008
82884
70541
79598
89190
65144
51300
11031
20722
21931
8875
16243
84735
96681
67630
99390
96900
66932
73935
753
3598
50297
17767
78641
39825
21732
9221
68929
20719
12180
61292
30431
80978
4614
23210
7374
65472
70508
23527
34349
71829
57103
85847
92367
58943
53118
78128
59448
13404
38942
51607
94866
3938
65293
78731
52174
54992
35317
81081
81581
74701
20438
96295
48017
16923
70372
83017
86788
92519
38034
58595
77454
26781
36029
75892
53643
88850
39497
49569
61941
43387
515
54839
85896
55926
71687
16123
82702
65967
78559
26237
42190
47903
75746
64737
14710
75431
55074
37717
13046
99612
9807
1411
62391
53115
53909
93515
71896
2422
19992
90964
85395
45592
48555
19007
46094
48946
45163
18392
46970
80354
78547
13244
9434
70688
50835
39971
95593
66857
1759
61488
23440
2208
97725
59929
58344
35975
7090
74835
17684
52888
54866
67718
73155
41731
71084
22223
71193
84502
42588
86644
26359
28053
19260
12350
21083
61881
31388
90440
29896
73306
95093
20999
42360
14502
40490
75201
24180
37875
74485
64949
51454
75976
82074
52513
57023
40607
58159
24614
72011
22939
63874
89356
93796
3532
22776
37013
64788
32088
6629
87433
6614
50832
21286
39503
59571
80684
88756
15250
60802
23438
1318
30468
90769
95106
10479
18220
2664
18269
88849
49442
30526
45233
17887
65611
32541
2387
3991
72171
34344
32825
38019
60545
33767
11282
31215
19176
66123
56236
67268
43998
25541
75693
93650
81836
13410
24784
88995
15152
81876
42820
21422
82102
59499
89248
83581
79811
25976
52551
45393
36153
46005
70411
27099
35528
52255
3144
24960
32089
27862
32965
68941
59157
34448
15554
32469
50240
23509
75732
34876
67274
86690
17311
36036
487
78812
73538
28453
90441
52341
26942
13999
82538
66934
176
27373
47889
77601
25605
69210
49801
67458
31753
80857
80899
54321
83074
5078
29803
17490
89471
75305
59167
3167
88286
42155
22220
41446
85515
13662
70639
75998
75115
91618
19583
42001
34542
14469
34629
91315
134
48006
40612
91136
58626
35494
44245
89204
29816
67255
17798
17998
8392
88040
31457
56565
39777
5888
92859
2889
75026
16020
38895
40462
1678
92772
52097
50068
1295
82153
44716
58561
13257
87665
17070
4076
79065
15113
84575
43589
43270
62422
48719
1408
2424
95067
61167
38165
13057
63903
79503
48086
29005
21918
1720
23741
24494
1606
75314
66639
97658
11825
63732
51945
86506
34139
44597
56608
89551
71123
77757
62780
31811
33753
47199
59656
6653
6050
62376
39133
80615
9479
77435
5293
57795
87941
47566
50091
48486
85323
92505
11302
67336
19663
97603
11427
88456
21990
28517
59328
75918
83134
69188
25648
60739
25385
98809
3889
53772
11569
31855
94043
57059
63029
78781
36136
68964
83466
39656
11300
28589
52508
81486
26503
75394
2259
52021
35106
56365
12950
40645
45965
75313
78130
19021
37464
75826
62948
82875
21160
35900
89259
50406
29367
72310
41178
31268
12850
71636
99670
52728
53090
15333
29684
83444
48093
31635
37442
1466
47733
67847
21069
45202
46243
50559
94849
7076
46049
377
89042
11097
67307
4262
79457
23250
32059
34102
89213
60254
13661
28936
42785
77876
85000
30719
42651
5244
87424
44909
79775
80747
5488
81707
54052
26739
65312
37476
28521
99919
57439
81389
4776
81579
4030
51638
20483
86301
54909
82489
99620
59297
73030
96131
94763
56670
7004
19730
4724
63856
10233
3162
70286
15241
52981
1347
62177
89329
40800
85471
30608
60936
2459
24196
16882
472
46906
77743
31977
18103
35989
70776
88883
46161
546
68802
55859
63
82337
79440
35164
52336
29195
802
94509
23857
65013
77835
51729
67207
89869
60883
54900
10039
25536
53504
3378
54314
66435
4324
3862
43687
11783
2597
89863
93406
46338
30725
91036
53431
89556
87823
81261
93462
44485
44746
2230
75405
35297
21003
5587
27510
97558
25607
41316
34678
36563
94487
77193
74164
23742
93674
28865
44940
50482
97933
57761
987
60240
96953
31822
83778
90408
93196
10424
72617
92113
24798
7963
51448
50645
38572
83888
63180
80000
92316
90747
81391
10936
7032
5959
31712
49420
94039
66230
74568
93394
59537
19071
90044
33270
33032
33388
82331
70391
48151
49665
23049
13873
65659
31469
34959
29531
51284
97758
57207
50042
58625
52381
61943
72851
38247
86391
88422
2016
36023
71454
99926
81398
41696
1712
2519
5523
10651
39393
95302
11600
11529
87130
70932
93772
68342
9518
15259
58611
57864
41117
49914
10588
47379
96143
2495
71617
91409
14277
47636
32236
44788
55348
26758
78789
33831
66853
40168
51957
12542
45254
22517
36573
21028
4217
2572
38925
33416
22973
78144
82504
4642
90467
62969
22342
3222
69236
99000
18669
50486
3645
88268
41500
64823
99832
99518
64839
62241
25414
189
99759
44236
7605
23411
81149
16741
48037
18773
47362
90233
69910
15986
85863
46921
6950
41984
26495
95306
33252
37214
66858
42661
42561
29142
72107
73733
24860
77904
87854
45091
86193
56546
87963
2246
70231
86237
92328
45361
29134
88504
7747
81686
94406
41754
53494
63666
61343
91858
58107
24787
25472
81871
93897
97215
86214
50388
28063
59387
9558
27019
78532
91256
89109
32042
18667
14148
34348
96733
44237
96720
40259
1785
19282
76114
7538
79650
87729
81128
94029
76043
13188
42237
68666
13606
59504
11662
81726
47269
58844
55760
91116
2398
48733
92131
38952
43880
52490
47416
31299
21266
42268
66045
83902
72059
30437
48785
70530
61933
36230
14501
69113
42866
98014
42396
70402
17856
37541
35523
93629
37275
41407
45589
10414
86368
24307
44404
74575
84484
51836
14298
69990
769
13470
22854
2995
62293
99913
84267
96291
37741
61544
64260
66578
16535
66188
31289
27589
12079
20145
55180
70016
81547
36372
66514
20115
37591
17969
97244
69981
56989
31911
34015
53743
54004
96896
59857
79298
40203
76513
11224
11457
79289
88507
55462
20773
58540
43129
37851
15543
23223
2875
35718
85355
30814
20747
35939
7511
46007
40732
46045
41590
50152
89788
95536
55151
64984
99812
43007
38325
59964
20925
80676
44350
40852
32515
23736
38779
41752
87204
87745
54682
75423
17638
91882
89428
8995
55986
69107
41556
91598
85436
51196
56648
96324
67647
40449
15911
23722
99192
70919
54099
70350
5029
78875
84672
46389
18742
2966
75441
12723
60435
24367
37208
96536
83600
17702
8410
35700
22073
22210
47575
71900
99702
18873
28578
8312
2114
76499
37971
57607
29659
33165
91193
19766
92161
19038
71275
73845
18659
31717
98403
42177
95796
29908
50093
42033
59593
42888
68215
708
15459
82981
92248
59347
20468
45971
113
70562
27621
88463
87726
46971
34980
97270
83355
15160
839
10278
45698
91978
48765
48409
24830
1418
34953
3996
8682
45793
43511
44848
53471
76542
90834
23991
51777
7679
74110
83676
28222
22771
69208
91322
26561
62052
11372
75468
35778
387
17352
29038
52614
49401
52192
92573
30169
64411
35984
64110
88890
65072
12495
16221
43366
71879
39423
37841
10331
73449
29000
42442
32008
42072
83112
45203
16079
45845
20406
78180
21645
68902
50612
7921
72952
52939
36700
80727
65282
64669
8297
60863
10068
86324
75094
6690
94049
28418
69963
20600
21629
24088
15393
95005
74722
34524
89029
25641
3614
26950
29989
85021
91997
18580
32054
28095
23068
68174
21467
27035
83862
59356
27728
55888
20868
60611
92665
98709
28513
43148
10988
20089
53176
90103
90643
97916
52408
92569
98002
69757
22170
3971
75902
79415
85104
94474
29916
12576
44849
6114
94975
46058
48279
8793
75023
17405
12269
30587
49953
6874
42025
90461
41907
30101
55443
82965
22911
78232
44820
60996
70848
59033
98220
12406
40680
51817
60681
15008
66807
85728
80255
13519
90256
83149
2056
64091
64910
241
38749
4409
82610
81634
43445
84645
45681
45676
51404
8044
53312
84239
27810
82869
96242
37901
86365
62657
43407
78336
54316
58590
32554
2437
22111
88453
63457
9034
47814
19390
83659
14953
45574
71569
56136
4922
52559
56085
42021
45725
40494
47764
81569
47891
16495
49580
7639
18859
62697
18163
88257
26003
78286
74457
22648
31020
15570
39284
39183
54103
73901
32143
56776
73035
77286
12379
1534
74401
83512
85167
49047
64179
13303
43848
13036
81835
71611
35413
24714
60748
53934
78140
69539
737
16772
67909
52617
82663
29791
66478
65880
68103
95785
34666
87904
24081
82615
54883
27308
436
27718
40242
2903
74400
70480
13262
90754
26444
23368
20755
6838
77984
91089
7437
12716
98381
25410
94852
842
67138
57709
60839
85007
97935
53904
89099
41943
67694
74966
88830
86409
75751
19250
55122
65159
46794
58141
94415
43781
38087
48405
88806
80310
83431
97723
23921
43249
92095
7067
80869
75427
97924
85266
39398
78018
55426
77027
17937
29809
82090
64097
1868
77788
88652
51149
9836
18557
47652
39502
47449
29704
39475
41787
7221
67741
57908
56516
67164
69341
15200
30119
11093
81070
29657
63479
53021
28002
76902
16853
59869
42802
91160
11734
52266
7792
85891
16092
95305
65066
54185
51206
49368
1087
17612
29683
81256
44948
94690
76049
86115
8111
60081
79425
49630
61375
60953
87154
18866
13497
12107
79158
85926
67353
57297
49820
87793
16884
90276
45850
48361
37298
73628
14925
15671
38470
27352
4118
72006
61228
93027
87541
2568
72039
4441
67475
77115
31221
68216
88
61864
7586
93528
89802
75327
12625
71496
25186
27067
88424
85535
33443
18038
48622
13502
63176
25793
88321
54576
3927
19946
42300
65614
66916
56615
74257
11510
11570
71288
51563
51180
7784
99496
95221
98330
73689
23472
39820
63276
95303
75383
2290
10029
43275
32921
72342
42126
78101
12592
4310
44930
90617
11311
76852
21939
14410
33680
49691
38833
75713
42221
42938
41390
92273
26046
71591
3450
39782
97395
66651
20658
98781
13588
66004
56134
14280
60654
30671
73301
9812
50676
51487
72172
94096
97487
25034
40730
96620
2124
83447
37346
45800
35144
30895
36564
3055
80923
84515
91382
71276
48256
29312
55901
90940
31678
47608
47807
6280
80294
51720
19195
89349
41609
32210
38756
87656
59999
79211
14311
34810
35278
39420
19818
26043
54002
44248
11268
83615
97197
87104
95109
44362
54372
86624
54421
81872
18545
68714
78927
12455
38163
71932
43061
31506
25217
60841
40837
25659
7291
32140
91853
65032
36121
99454
95371
39905
59690
26036
13926
10400
93875
22447
46083
58111
34887
59534
37936
78435
47219
72122
47175
58672
96281
21685
68104
75684
76072
69710
34867
20480
70511
56342
31566
36626
21736
32056
71414
46012
51668
12486
69984
79508
99221
70553
75788
64219
2670
79360
67261
91283
57995
61902
613
9317
90411
71774
59081
73749
39903
90518
82775
72792
85918
28603
59091
42619
11820
33278
24216
39356
91668
24976
59562
86610
7138
45788
66507
25782
68840
26367
90845
11548
46362
95458
41201
4315
9733
89622
53396
72037
18333
24542
94941
39643
41592
30204
61096
40567
90720
34214
66241
72859
53955
99499
85880
22189
6654
45418
36872
41713
77229
99740
20678
37014
7003
90480
99464
46950
37609
57387
50085
63799
36292
34036
3802
26536
83498
90952
88614
84404
37903
41894
15781
59186
82025
89825
89222
98198
30744
92989
61884
20218
98605
37348
4931
75875
2224
80067
89671
60498
23118
72714
6302
72654
63037
31059
36497
26622
16832
56988
94992
22107
34599
95081
78663
86598
61235
10005
71387
58504
86080
73503
70139
80517
49154
28411
91673
96263
92282
62646
85577
19123
42320
32609
90073
77370
60132
2373
77099
59242
98136
68009
73039
96516
43659
72110
34255
60257
55798
72674
48102
31747
48067
80168
524
71730
10695
11947
72283
8824
44492
77068
43369
27265
63348
54986
50673
82023
68470
69484
21017
70988
62053
70972
53446
27002
61988
83192
78273
698
75114
74409
89857
34750
33419
63387
39826
62710
94310
70653
55099
16015
25634
37819
17791
58259
52094
78403
355
61249
99071
50639
37513
67602
30521
59701
33727
17777
68524
39060
59495
41070
28234
59808
6930
10693
5358
31317
61191
64321
10025
72063
76870
51902
9772
75874
15518
53756
87834
93908
65746
83772
15676
60733
5779
45263
13480
19243
3811
38411
7909
72274
48597
57567
38850
84895
89128
33946
92935
50657
36963
93816
93092
20553
96389
42255
39032
57401
57442
95585
68275
95515
79081
21891
32834
42774
32567
42203
504
20896
84975
69587
91274
43884
15761
26482
70061
79953
96761
48749
17138
40865
75447
17266
72564
73020
4601
83538
13778
71875
9774
42886
21545
48538
85532
8472
10130
24063
83030
82548
24888
28859
75804
51713
41321
43689
67626
49389
27344
52550
19281
33513
28097
51061
71144
40785
57137
63990
67517
5753
79764
19085
64945
68852
81985
20245
21274
25317
68746
47002
55513
89694
46519
57809
95318
14783
11793
78051
58489
95349
37636
18821
59163
87454
5123
61459
89493
40849
24118
57506
80802
55831
94242
97956
26168
38512
71485
28214
36718
22620
54187
70680
27684
64997
36636
68139
39037
14679
33596
11624
74097
89846
55470
13908
7382
12205
88749
16877
2785
74556
14876
19906
85964
53958
86871
3282
44331
10127
23133
83852
45849
48578
85033
96134
29287
80218
76554
46667
44949
34861
78163
51991
81301
6801
86182
21769
44354
1592
78824
57844
19658
3008
5973
27104
30572
27174
77283
94485
67501
5206
5663
98570
14778
21895
369
77462
83057
33708
14412
89464
64142
4344
8650
73644
71383
89088
9019
79717
54533
92342
5272
56703
13067
55271
39774
61000
81583
93919
67287
13710
12878
35850
43915
11582
95290
16700
97431
3204
72258
69002
90192
24527
67512
37836
2017
89162
41394
8924
24538
18695
94152
75515
67388
62665
68953
96961
10249
29451
5320
64136
15238
77333
58244
90484
16592
4486
70636
99465
34320
48836
46347
63667
22060
17843
79491
64200
69683
59873
91202
98624
48900
31241
93007
20846
7902
17557
31419
65621
20789
33196
25819
97663
71881
73786
26573
57906
52884
89104
26391
454
80388
60725
42110
61667
30682
10482
68505
77411
1419
3765
9530
29200
91745
67066
20940
71850
64882
13962
86810
8570
41525
93098
20595
44271
39946
79948
79252
62821
70743
16305
12472
46134
45773
97003
5386
68924
99378
81559
87734
16286
88847
81032
44616
98539
14938
76569
84566
20802
32268
38886
18605
5540
94634
83807
66585
10850
60787
73563
80937
40190
52293
54417
25396
8322
39653
67716
30908
62864
98304
18173
24913
50251
20583
24941
46020
91474
47858
95620
50014
82276
67348
72010
62160
59947
39637
6421
3132
55549
91444
53650
18413
67356
90248
29606
36001
93159
6700
40364
35047
17033
75072
93732
86267
98901
37837
33142
50503
37655
20413
26409
13775
91257
10007
9514
50425
68898
56404
63351
89449
62957
18363
44826
9866
89354
31702
66450
23802
20546
38448
73974
94172
77313
4968
2917
20074
78406
3023
12582
30712
99519
77007
29167
80643
37941
68070
96135
73078
57917
22174
5645
59362
53633
49123
15366
66049
30722
56391
72625
94989
35377
16865
8265
57724
57375
60348
83647
80435
84564
78461
72267
37985
19434
56025
48922
90086
61537
88912
94435
32835
94441
64642
33675
79860
11503
62035
27613
86915
5999
6040
24763
34031
62869
77752
52362
74607
98274
6904
77800
3294
19009
61472
32161
79853
36568
92601
93440
40467
34748
20412
35124
22611
98909
28472
75144
30328
97543
99871
59878
62835
36096
71585
24564
92201
11553
11319
30113
96456
55216
81124
97878
6912
3427
56675
31744
89095
98366
63219
24977
48158
97203
59162
70947
14742
52101
83159
24701
61714
31568
56774
4648
86559
45495
51172
35634
58998
54782
50942
70316
12769
18000
58282
70861
61282
75786
47309
15902
77220
88677
1125
8214
93873
92618
72686
24325
70992
29114
86824
35409
8244
42457
4338
2704
55400
19605
20436
25165
71953
80290
33116
90303
56225
68956
85327
82686
18113
46834
88693
87179
32208
24779
63636
29647
71891
97607
82474
76805
43048
75679
81235
73625
25477
34203
63093
32279
66067
76593
75497
35061
964
49458
57870
56297
67819
22971
83223
58312
97191
48195
45980
61095
39631
90576
78990
33381
2761
83170
64991
72459
2860
28295
7101
80536
38235
65382
17243
39360
4912
90239
15154
81095
69046
71344
48786
26286
64724
36598
90821
8925
57262
36890
38500
43304
2052
88784
38017
76980
5864
70766
5337
87564
60571
91620
92447
25651
65376
46370
18311
34934
74912
64170
55670
37789
50821
5209
10445
74286
92158
54294
77708
72588
29846
65698
55689
39123
37768
86634
4137
49764
22432
15105
33873
96498
16201
26032
41169
72962
31715
9615
44861
94724
15973
72697
41967
50078
12651
38540
7137
99358
92088
76239
96147
39604
19438
94650
71269
50030
85453
82406
60451
8299
4956
97008
2905
26978
20515
68041
56137
40731
57456
99719
67797
56567
6322
59536
40442
47196
23520
89037
13629
9901
62263
27154
2978
86935
5213
91354
37588
35059
62472
42590
78184
5561
36309
70083
48712
50155
78721
15767
81270
21840
26870
70085
18699
642
79393
91634
96784
84599
77844
13952
1927
80249
15247
29558
67788
63518
61111
35755
22346
51165
74030
96722
45741
50095
3667
78735
51615
80950
91492
83892
66048
91360
76100
80464
7077
49852
62524
99990
36091
77519
50239
76728
13473
77245
63804
57533
83479
66035
10796
20411
87385
69865
18094
55045
89933
79968
49230
8329
85375
38459
48115
45199
11761
10939
45765
15239
24054
2729
60245
13097
10597
90309
44812
63940
95462
60306
41204
72705
82761
7143
40714
94352
48472
53347
70951
7829
65150
12367
40457
27262
59110
44138
2456
71972
66603
48736
12277
47894
68317
88285
96576
44427
22992
74238
97378
46029
76743
21715
59616
76418
8344
70066
51895
77991
18299
27077
15172
39841
177
17818
39190
17244
66723
28495
15168
43419
32125
82633
98395
52933
48400
71417
21972
85149
85492
96261
83844
5867
98271
25563
9487
71438
57451
98298
19738
38381
357
76778
16951
93059
44097
38086
77517
11409
63039
74836
73140
27545
57393
76957
72906
68214
32330
57903
85164
40994
13281
91558
91927
95744
10258
66209
18370
89906
64386
70693
93751
53945
67570
6642
31887
9737
21062
27233
69571
95380
37872
364
30507
16385
55356
25653
81558
28824
67275
37958
35222
29546
48808
53829
28786
1864
33400
89064
2394
98010
1963
968
95158
10602
96008
79384
17521
37734
15571
91544
87453
16586
38533
77888
59171
91408
86104
29953
69029
27439
73907
319
88326
95392
30925
60644
57285
12048
11173
81053
66081
4593
67680
15423
31491
16652
5199
17802
16315
31351
38121
48257
15396
16512
27910
82985
37683
95336
69252
12229
96667
80021
90644
11155
4380
78941
70484
68683
41702
24027
48615
49495
19929
63130
19652
44098
75158
6202
46523
13397
49755
36275
66336
48892
31234
93245
18240
13411
18309
69900
46372
55063
87422
69988
93662
91163
67228
21507
94349
39676
41351
69842
67822
16834
91986
3783
5380
16294
63147
6766
72337
66550
45996
27944
46813
11504
19249
38426
21797
40564
32600
5578
98780
64671
56683
46195
57254
35204
247
60155
47703
97879
27419
50603
69372
67145
77311
92640
37113
92974
37209
68135
6512
96955
68915
40531
75089
62101
24008
25340
89848
85575
44568
3292
39819
63520
29637
87774
62997
29826
94087
36044
8605
31663
25353
87241
89648
13603
57634
9135
1768
67867
37237
42435
73352
35713
54167
34012
10783
2473
71716
10405
9043
23160
18936
51709
33369
38636
48299
60879
41026
83305
12810
28430
86170
37760
29288
98079
48294
39396
48600
34647
47904
81118
63227
92825
45895
29850
17160
64342
1681
87596
80778
88070
84009
26100
8661
86742
80487
16706
3230
34830
20186
73348
18468
96707
59161
35927
69332
87878
3137
47324
16803
15725
2865
76677
86257
14214
43108
55152
89496
47530
7582
51221
31750
40461
28508
80253
43791
33354
44120
97926
56221
86827
68122
12240
63446
4954
69415
83165
84282
63574
54193
35935
48171
93009
17951
43715
54481
36102
4316
99132
21463
81504
53374
74943
97227
49489
97267
87946
20371
64333
52257
86298
90224
50683
58662
69212
86274
96560
24653
42698
60591
53017
73217
62644
28758
36360
60036
57636
24068
25198
7
23577
63023
21238
40616
80298
35480
66304
75244
27305
12701
3223
80532
7632
32793
29223
77919
99122
77395
12042
45408
82341
53129
52213
23766
7732
6728
72522
15726
9877
24428
72511
13631
35390
6101
89492
12730
23109
34498
46299
13121
40763
46573
39633
67426
8339
47015
94290
81772
26694
62513
14433
26518
4027
78609
45892
73821
18061
43300
30492
92266
32377
47111
88691
43818
62963
15452
52357
77934
92258
4388
97362
50142
34120
24924
23603
24249
4823
76918
12587
65178
2784
3111
27934
41081
2006
23447
16062
49035
91015
51186
95156
91769
69442
5226
94371
90464
74349
34696
87984
26215
79683
90606
18642
86259
41369
8458
77933
86132
59665
41221
51476
75211
21876
54482
31448
64407
17180
95524
74910
14976
62790
74069
63011
53119
2930
98336
70833
31195
30173
1228
32805
27375
3937
90320
81948
80657
2093
53457
8965
79516
92047
51659
6217
39801
43359
75267
17355
51158
27167
27487
57469
33163
90291
63055
28965
93983
92421
75666
92422
82169
45314
88157
14990
49011
55988
41817
59646
28199
58310
99940
40433
56501
33149
59325
84803
14055
18397
77337
17589
68330
47722
84832
32299
80810
82690
91928
31156
15935
22094
10950
43490
84024
84786
97
5829
81236
69946
84176
73775
75541
6866
51791
93511
69526
66034
11312
89296
33468
44193
47357
91475
57969
48506
35608
63442
77958
25792
62968
36998
55020
63047
73665
78884
64905
17040
9247
34357
15050
91008
43279
8213
49306
13474
84984
48201
27941
82499
36733
86424
99115
78252
18630
8246
20654
63533
60632
54630
14614
13931
67238
5628
62312
79617
76570
5801
74223
17754
52927
54382
69903
68763
28270
41875
85558
27155
1000
55114
78095
73780
43551
52658
97893
55584
99347
99883
7734
48480
16461
35023
54669
84539
7609
69816
14686
35485
16266
7031
77511
38164
10022
71169
4878
93292
8236
92749
48261
59979
71303
98674
30176
33178
64067
48385
91612
33162
35098
33798
44137
70667
24574
71922
82180
16293
76224
93836
26065
48835
35012
6760
78300
86185
11436
75308
88820
29653
78196
95976
37468
97655
81880
70109
72369
89310
99073
10044
36408
99614
71337
86461
71227
95449
24292
99922
58096
83040
82776
88378
64452
55198
40327
15947
23083
4514
77239
4240
14934
7981
51629
41677
21818
1088
22015
40394
25743
82854
89434
50958
46167
96394
73696
87304
5382
42176
73544
72539
73925
92800
85553
66312
6669
95514
15595
39059
47604
13621
44073
48554
43313
36694
1708
56077
72840
86900
54778
13634
31132
28479
38182
5458
32082
4939
3664
41266
73924
78031
5482
60051
53628
25064
67806
79916
40893
40821
17437
14516
75671
61368
93918
83927
23703
13052
31385
58322
29867
98463
9603
83918
99416
83623
56706
69524
16756
60123
4650
69315
46501
45244
45210
11038
21722
78307
89059
99608
66617
30819
66213
51183
75779
53281
1767
45279
83320
68993
7274
40734
35113
50885
26515
55433
45783
25711
80363
75057
96163
73642
30008
44666
6958
86491
71995
85048
39050
24232
40068
2509
96386
39195
18389
87767
48342
24953
40372
22247
81750
46986
36462
82157
7542
76510
18107
5570
68970
39288
22293
74491
535
8615
20764
67327
97306
57984
76981
43875
75738
77874
98883
20702
49524
67249
48588
54905
57572
66161
9259
67128
13785
59993
10213
10189
8037
67713
8093
57750
97149
52852
59375
67737
58014
66684
45473
21061
37229
53473
72781
83237
66688
7319
5721
26329
11957
87327
50834
13028
22518
70463
12806
9930
70665
17775
10575
3810
8972
87753
79770
86604
5734
73138
65400
2951
12770
33532
64529
68492
33705
99425
79739
80413
78831
37642
37387
32168
86297
46588
60777
67059
77808
96633
77698
90629
24444
62289
47995
98537
67873
75437
63579
4336
65384
97647
72483
24060
44680
44453
51853
77853
47075
56778
384
88259
41058
47549
37695
40655
94806
72959
13346
85572
50996
87294
53630
99136
63208
17247
5336
35697
14104
74925
71493
75036
16667
53238
13600
17323
35443
16718
87166
31929
95240
35458
37448
44258
84597
6514
32493
21651
67346
76498
30175
15425
70596
69492
38149
29555
60955
54546
75420
46916
14026
68641
74498
80319
27406
52591
95307
45984
17489
92262
71933
35978
30522
46994
33895
15882
29695
35923
48691
57257
57111
13452
87293
48549
89873
29266
54422
74275
13829
59472
29244
3376
97899
53886
80070
45364
4155
58247
19550
22222
32677
53228
49944
13124
44369
27635
68293
8844
34946
78395
24536
96034
45868
61751
52082
65749
12738
93540
43922
89069
89537
23464
95192
51099
44864
56526
73522
35469
52890
6191
14098
30513
63471
33333
80104
37217
16712
30403
66672
10697
44769
22375
1108
11903
64065
78606
87621
33852
36815
64290
19507
99821
73981
56932
88331
60939
99341
58739
9775
98132
63857
74702
70864
58601
15943
58340
52008
10537
48876
92359
19678
97139
27274
53083
43934
89147
53050
53052
46728
98528
25221
81942
2640
59319
62628
53780
59221
42831
33775
22528
8355
25250
28080
44358
49877
22105
94166
44212
94340
62877
78720
61928
45564
78430
83198
4653
84368
77548
1726
76014
97754
51001
23941
19735
83331
39325
71622
88076
54611
75878
24961
61181
77105
99908
87938
32605
77236
47181
91500
98472
70312
66249
60717
53407
50075
23818
29188
97928
90378
31252
10444
95570
25589
71713
87248
17982
86732
71119
41552
45033
37869
53734
474
16384
7803
73458
35482
91645
28409
1305
20603
47223
87257
5624
62090
10203
63744
91965
95554
80393
61030
41149
3414
14840
37252
9575
81710
24970
95629
12563
91424
6565
83678
80875
60785
12028
65701
22298
85958
32408
27715
61896
15561
28037
29058
79106
3273
83441
53149
61118
74232
73595
92906
8692
90185
74935
6130
42811
17109
64530
69105
79941
85613
1960
57859
58872
50729
37853
40952
89502
92637
17507
11901
90895
23523
68749
48255
56275
20918
76005
71599
22928
79098
74442
73430
57727
83184
25741
34472
46279
23457
45871
71808
65386
84105
57408
56127
25304
31585
30677
50480
30785
55887
34333
43911
36628
8958
94793
70417
70650
29296
48105
37641
68954
21332
28103
63741
87306
25355
5636
47390
53710
44539
70661
22738
85404
96393
83439
98253
72252
86796
46488
46708
69716
72479
71422
20796
96678
38079
6226
33249
3214
67717
67965
58525
30854
60668
1264
51535
68876
12586
4412
27107
58212
66374
55920
59294
30929
5218
80634
53099
49522
11237
3021
40930
79656
61772
12919
42045
9084
679
9838
79879
17751
48252
62025
53578
90726
95498
37830
50878
54598
49654
65387
36914
58065
89584
72398
67998
40538
40317
23075
18868
70087
15382
30024
12228
36114
20632
76638
53925
62468
22137
18473
82925
59531
88022
18335
26532
19847
84900
20659
35714
87968
77323
31355
81422
54673
41831
67905
61798
57557
22890
30954
16244
75466
92680
87903
34898
72489
92157
56308
62641
8866
72552
33678
72419
23148
90626
8163
98432
18127
24594
51059
3846
35839
16407
20513
15252
55111
70332
9731
71661
35415
19971
59677
17358
49258
30955
30525
3097
26564
5048
99545
84391
83779
29836
7275
91139
21705
34721
8951
75137
64846
95042
80370
57504
31834
64929
52373
55978
10272
20386
57252
39721
58925
96155
78952
42701
88412
16231
58599
6515
27994
82101
74581
74969
67407
5087
67215
78942
14048
55228
75559
75534
10177
51649
25484
20042
53804
59517
65993
93882
83932
26507
23468
60437
51553
34274
51267
35699
56156
96639
83608
1222
50557
77371
96923
52635
71032
47779
48591
76321
52841
34084
50106
10626
10057
20958
48530
40724
78302
59641
64686
5731
36920
97830
83164
71914
96937
39964
81289
33869
34287
2615
40078
370
17917
97590
29378
45967
46197
6151
75545
93135
66107
76203
52837
46816
67447
218
96238
82417
57929
89184
12071
64275
662
98832
61954
25272
49453
88221
13329
78537
64854
34304
64466
36992
1445
94835
43795
15092
81327
19799
21678
61629
36798
98767
39856
1095
70331
25878
78382
51228
18320
42726
98181
87504
72559
83296
53034
39173
34161
36465
2659
38686
12957
6276
28066
45325
30257
28694
97095
56419
6962
48560
80269
28922
37004
87927
31196
16843
22173
9080
57115
56315
33989
16397
61849
82140
88079
54583
28626
82614
32663
47773
91427
52574
11088
42444
86106
60262
21470
44373
84914
26909
88449
2514
15870
44753
55767
52155
74296
30260
28556
24562
10619
49208
75243
36734
97382
58995
55987
841
65613
89145
58467
49195
60917
93463
74182
21696
78680
25311
93483
69995
46568
49410
17629
4186
49712
18167
52072
15540
11191
55178
59413
65922
10966
71067
30711
47110
5328
57357
74666
68598
9253
48231
65352
94558
62977
72827
1685
91219
86072
85941
80683
32720
15757
39835
97616
17306
33800
69100
57922
27405
64606
86016
37597
56650
13005
52936
4131
93332
33065
34339
21968
95337
53610
54328
99690
92207
29088
10953
45679
42817
13554
79006
73880
62568
15504
61606
92539
49138
91690
57587
56625
8167
47276
64566
92731
79228
23870
73591
17262
52579
69901
46503
59259
31586
2225
73818
53580
41015
76912
3459
3546
23684
77346
35286
43157
50295
36913
99124
50059
20585
54925
41004
35708
43640
31731
2817
68593
75956
31942
95901
66999
47004
2171
96822
79961
6079
59199
12466
28831
25356
75132
57356
94963
42805
14497
52549
7252
98185
10322
96675
57994
11860
51223
20276
68834
31558
34915
48268
86162
14019
68558
65294
12649
2899
76596
55922
52385
98446
46881
13893
77287
49533
9843
96349
421
78299
73368
12262
60144
56235
40003
77180
72756
85939
49926
87720
74377
33772
17710
48353
9214
69093
26960
46144
91842
80720
83342
32004
73800
78449
52530
74506
18322
95613
15993
87667
59277
63067
77740
37210
72998
6081
37121
12030
49361
23607
13035
51218
41721
15791
14944
75003
28953
95560
11059
14548
95203
95971
28240
7240
51800
45145
25369
25588
12792
46829
79080
38039
23724
82239
45824
87253
70724
86281
94465
56030
41627
57925
78530
45745
62518
581
28537
69541
73061
96833
14518
27284
31796
28427
40045
44368
8202
48519
7388
61505
140
73947
83038
52401
28807
6095
16885
351
7590
34414
30278
78378
33655
9152
45004
29447
41018
95126
25590
97966
77978
74320
22064
45873
97293
11180
43758
5313
4010
44011
87550
64799
11494
40034
22307
58991
82067
36493
16913
44655
7047
7135
56976
25546
98297
58098
83722
37481
44644
91770
74644
9456
85475
64417
2150
60671
46493
12264
3199
90145
80764
684
71097
12461
88085
24674
93433
69696
10892
90700
77900
25316
14177
92413
739
6845
86472
36886
21288
92980
83682
7649
9376
38679
20463
48723
49007
16785
55717
70804
12545
92646
25448
83276
54010
91167
68853
84379
91395
91231
14122
63572
39531
97676
17366
98348
28086
78219
67037
1387
95056
91695
33493
20478
49719
86005
42369
6952
2683
34401
45555
29599
99160
91991
13567
99893
56052
52228
12885
35499
21284
65875
47610
7426
39045
23864
15783
77615
34227
88612
81975
37547
44491
13532
22739
55939
77569
22263
35732
32216
79940
75635
84306
48286
71468
56122
76455
43644
50253
76713
16276
212
42792
18184
35675
81448
44838
86510
68681
20228
77055
50326
15068
68801
78776
23916
52752
2744
13050
30295
9334
92868
71268
79353
62775
63633
52180
94605
9911
18719
20920
92616
98239
41850
33059
87403
21659
90631
93984
16381
94659
11452
62002
43236
5082
68386
71733
46864
33028
63921
59515
31823
18090
68320
9372
47818
78881
36842
7522
32931
45011
54297
17646
57416
10033
88834
30846
32698
57148
3216
96774
82729
81048
25571
82570
23107
88224
36898
39737
77688
27145
11986
42560
64549
58562
29116
70241
50124
59588
31375
17639
96711
15880
25954
17622
83482
15695
5204
22395
96187
71642
22018
97943
44647
81825
90978
7650
93560
13032
88536
30679
44576
53273
78613
51135
61325
62171
51320
5961
21576
31800
57395
5512
90850
76874
64502
64513
67914
46466
14769
82945
85039
97737
65944
28150
35043
71145
96951
71263
65653
57854
57904
90125
17468
66728
99767
95831
52311
75362
70942
87486
99809
40532
26489
78427
18411
78835
68055
29671
90130
75661
18193
66997
88601
37419
6556
70072
50855
75106
22181
38076
27700
74673
6583
53874
31995
57902
69409
81637
90810
93201
29644
60022
62683
76645
41427
26049
24868
77054
81856
4390
67981
56251
49612
35554
89759
36240
68385
8892
93789
29610
48389
92739
97768
88345
51846
24780
15378
13072
518
80655
7548
13824
52133
47154
79774
12923
77704
99836
21366
22578
99339
91055
37174
60084
14819
80216
99749
94790
17590
49135
48724
8834
1404
85973
13469
77140
92461
47482
31643
73411
96891
90144
82203
11110
49012
1040
63503
6078
65177
37061
21582
65785
78247
86844
9206
70502
15888
26817
12456
35406
24645
32647
36447
29493
33611
55560
28348
86373
11864
18892
58827
82172
85348
17452
25735
19573
8976
52144
81769
3529
99956
4961
87882
27577
28305
69503
47980
61723
19745
72978
72339
2384
70586
23533
84784
8813
59129
72128
80744
51736
70871
98029
33432
23113
96716
47288
87680
17743
76808
60546
2018
43448
32159
89778
18120
52399
94528
43097
85946
59069
52956
31684
84997
71372
7238
87158
81516
55940
75341
77090
72740
17407
7130
49284
23690
67104
23680
28216
10634
50019
48770
47641
86045
12973
73160
99780
4281
47540
99280
60420
73609
15917
92832
95625
93720
42818
90062
14058
70681
10557
99522
61466
93447
38480
99607
87567
92278
74718
22947
80340
22761
47365
15563
48898
51937
84932
72640
33383
41244
13811
53634
74561
47506
59788
32276
15979
33064
92395
31131
65803
22168
98461
86525
10135
2198
15736
24808
35946
71752
15703
20961
17066
76930
76422
34570
17568
83195
75444
90548
83284
42502
42558
69199
78429
13906
74040
87990
42088
91027
37753
54848
12221
31567
78562
28334
4060
14848
12077
75202
51747
45932
64727
56834
96780
60269
71110
8002
46860
3610
74703
43815
15936
61171
96383
57184
33805
4770
41336
58254
87835
88856
50433
98512
26109
21434
91157
61434
36346
74588
62875
41974
31171
94394
26516
13221
49894
58783
92087
25606
87638
84897
87604
60609
34142
90599
49541
53065
40929
72222
96770
93653
73291
41737
5516
62574
85383
87194
88382
89290
2801
56477
24257
66806
18638
91698
65119
40089
79302
81635
21758
4376
71510
63304
8418
30190
59303
83632
78595
38127
2480
35038
92954
43683
30629
89961
44923
80555
14940
55185
98989
17107
82585
49792
96623
26524
56254
19087
52375
12759
4737
24801
78584
64172
37699
76605
6234
14205
58705
61097
51830
44827
39391
69851
24420
28817
17599
25855
66867
35522
13436
55861
84685
18944
4270
52446
60324
26479
28391
4822
58745
123
4154
43481
74064
717
30990
90039
89964
76500
9413
68751
3986
69747
41921
42403
14278
23357
35769
59938
49127
54206
97977
89636
37594
94800
72592
15800
93599
59211
21858
44563
1628
51192
69309
49172
22287
35659
74739
4145
78964
35319
71640
13019
43125
62352
5008
13776
10410
14504
15002
75151
45356
97932
50306
69204
11890
19192
99962
14535
965
16328
11693
16584
79812
71517
88561
31237
94955
60567
74397
95239
28942
14454
33072
48459
85814
91334
27670
4117
59272
19539
74600
52946
85622
8446
47968
33636
4765
26323
84042
17230
11962
25520
34919
50419
11977
90839
10122
46296
27999
83147
76033
58814
43118
66165
30841
57186
64080
80183
61951
39781
13342
86923
48777
47691
25532
92228
29888
95114
44889
61444
87601
24719
87187
86362
23207
50385
61315
59948
97502
90213
17029
79323
41775
51384
61490
13687
53674
25745
11029
26471
68785
77545
84528
33370
70791
36361
83125
79956
52238
17698
14963
37674
14461
67151
92324
464
84833
76400
94025
90602
51539
65482
32588
63750
85729
39669
62505
79101
66324
60154
26894
43221
89186
76269
12249
16325
4707
37020
67057
35644
46898
26115
52686
95430
29172
43546
4798
5236
71735
8957
92356
77235
32113
46982
4439
37728
7835
82161
28972
84051
63786
45211
76814
90622
73406
30760
43627
81260
43854
1081
57166
48040
80637
13144
26816
2918
25930
37308
81901
81561
60231
53125
68475
98441
23269
23163
20592
26625
97173
65200
71332
91093
5092
95982
29113
55021
25918
62480
22405
23496
60197
6897
87112
56364
35737
97500
49821
16128
28446
51692
96249
2343
35962
42080
47226
87260
47300
86220
30110
64690
85288
97806
17117
36874
50979
79929
61274
88391
30856
22196
50
72643
84838
63596
23664
42168
22846
81414
26551
22625
31366
96492
45002
8206
54011
50404
28900
85865
7887
22701
47830
46006
35758
42090
537
30637
53264
77176
46193
91530
52792
86636
11781
53009
10434
58910
33021
90989
777
83389
67269
68788
12764
22523
57335
55370
82433
33848
49068
87456
61731
79201
3037
49313
22756
45436
55827
83812
9089
64498
4385
50542
67404
6412
33821
555
69259
3388
61410
15215
72730
72869
33173
60148
65562
23458
62072
75141
80986
45309
86894
80848
77390
33182
99333
94540
98682
59573
45134
26636
80057
84911
12414
36053
76508
53824
28901
1326
28050
318
27383
96803
78087
5852
78664
60460
93790
63256
28924
45566
8634
86364
10199
47662
36796
10218
58
50739
77128
31540
13060
859
6410
64477
64818
77539
16643
88569
83823
30027
6125
41985
24590
41458
12797
31029
62698
508
99902
24898
80639
60291
62200
27422
52609
2733
83117
75899
2547
22810
71955
14099
86440
69752
1489
86382
33762
57088
92576
6581
54286
22519
2518
57457
42731
47510
27080
55441
11408
85421
96717
62449
1806
88560
98380
32533
75283
21084
84390
27132
37172
2581
64053
47927
62274
41063
21153
8323
30177
36661
74535
8698
38997
87746
15021
43577
13627
8105
71644
10395
20179
23077
68078
20013
24573
84541
21170
36773
48627
66613
30962
73799
42738
80537
4474
2576
47106
70899
50293
19321
27411
54034
6152
52753
16270
34190
31309
72114
1990
68549
98443
81380
28014
28296
46605
21149
64704
95750
63425
9986
44810
90783
47985
4906
71279
69602
41896
73208
89227
30167
68703
23390
6768
92090
2549
55357
71909
43397
18132
58109
12816
32013
8452
61361
87778
52301
99951
24984
65507
65321
56320
25757
17545
1855
88544
13314
15649
37145
11006
19068
94458
37370
12076
30684
13874
67017
3899
82807
13362
60647
15060
86698
80015
267
3905
92586
91824
37248
81672
48980
86239
67941
26568
48156
56223
54451
23883
4141
46942
72967
72403
8636
89297
39587
98595
648
65089
68328
2094
57688
4964
30807
78588
27912
8647
62678
5565
76905
78759
86671
89355
24554
62085
28163
69397
87127
1055
85968
19920
87026
45131
98325
41452
20000
51625
31859
70512
11555
34569
73783
65820
16116
17075
4148
65532
22216
76659
31543
8420
10536
49278
72971
39474
54246
57534
44641
6069
88809
87070
32849
83080
63269
55200
93863
50844
2289
49802
99209
39870
52303
14858
63722
26774
71506
90835
80795
94688
34058
18639
97420
45525
53330
83545
74347
92163
73044
53681
62925
40741
93034
74107
41810
28633
23896
95701
18148
36580
72680
32237
14903
45583
53409
89663
93931
12322
37074
27300
70878
43672
30550
68610
28290
25146
7931
658
28439
59144
24229
34377
3493
33241
16636
93818
8848
99452
56655
90225
83715
18932
82650
40962
51366
47083
34288
28621
42459
1320
85654
76344
90386
94413
73676
33344
15477
12352
48320
42937
66152
57623
55245
44040
99422
66718
40054
36581
71664
2663
35569
15895
68906
69030
31265
68066
15587
86524
11169
37616
52073
84498
5679
74763
81890
50640
7420
53918
25972
76607
85247
83873
15970
60138
12928
68781
51303
61549
98768
94881
62260
17531
47044
74901
52010
2989
20479
54444
64301
84466
73776
43172
53713
36181
57667
79334
79827
20176
9599
93195
3293
90295
35127
27251
67687
64149
58082
60325
2600
79861
95460
5248
28619
36697
61442
75339
81061
9519
87489
47855
20178
4433
16892
51529
70030
39169
6762
47301
20395
10197
74862
28553
99178
84036
98894
34895
99420
43491
29176
21982
39316
8078
99933
1112
12168
69477
28112
16548
72435
98163
3041
69704
15702
48992
67276
96102
60340
50727
49340
41980
17989
77908
90550
80138
13265
70792
28967
91730
313
65501
63567
35889
98238
49783
15820
14888
37103
95253
91828
64705
47465
57212
40149
8336
67698
8657
39034
53961
26476
50331
90609
77365
54432
62298
8048
788
77405
24471
85412
68269
99010
82453
47459
89520
514
49171
62656
26820
74980
94472
35320
96217
14500
37058
89164
60121
96927
599
31129
81233
58483
57230
15869
10505
84327
12700
74699
85785
17372
45587
3650
71208
18329
62159
71223
40354
87188
11506
50995
17865
66024
48668
3516
71015
80511
78115
68438
34158
65255
68729
43522
69960
95076
36664
15016
76372
71139
40540
68651
25824
8960
41531
26176
94583
62275
42310
73493
18645
7894
68350
83178
84456
52454
66834
86663
65626
17571
38671
45363
49647
9925
12119
12864
4382
42768
30491
18626
71108
93795
87531
75458
59111
56024
27483
80132
75028
6915
41000
50630
40600
172
3694
52601
26298
99503
76953
11876
43749
36258
67661
15272
83422
52418
17628
44847
12490
60208
93052
98059
42077
17234
64607
74062
23421
56441
90538
41712
88602
27696
69969
61728
89929
81955
13777
37831
57096
35670
48339
57359
54517
55734
93030
20293
83758
19027
85113
734
36783
35199
56764
23376
94708
11260
46204
92265
81513
20928
92691
9525
71107
11749
71007
1680
44766
60455
40466
90632
72350
44903
20429
18122
40472
69245
84806
82877
35730
22974
85396
5750
21063
88571
60436
91144
67507
33516
52554
44399
51819
81006
54470
19921
15768
64310
75060
57560
57936
52901
29350
53946
50948
67170
9373
36876
59557
10658
22848
71378
13453
17649
6142
66220
37888
44459
59234
28717
68841
74431
33659
88216
95092
25097
53794
70443
61844
47494
14601
3755
74806
17534
37477
95594
10426
51701
60514
65968
30498
23954
25643
45582
12027
66652
4394
87083
21226
44678
90187
22268
35096
31225
55389
91984
75208
53112
96030
58821
13427
76289
45851
95596
63583
73987
59421
28821
28554
38612
85035
52611
23161
17313
59231
5378
61880
46618
99356
97840
26317
23665
42670
63036
98536
68024
11953
25823
80535
77076
68892
63846
62150
92225
18655
38740
56485
37313
18047
77260
54345
97212
36350
27020
82737
26587
83977
50931
51860
43415
67641
92998
82265
54644
3091
53126
52451
47171
97127
55891
28630
70549
18571
68057
93146
92725
23940
64308
62392
82926
72014
96273
11375
36151
11246
40005
33394
48241
78443
63447
71355
9173
57342
49826
77013
31802
50206
17081
28543
85124
38178
76216
20876
48260
27624
98724
17647
78516
64778
88929
40779
91311
61546
1787
51000
56500
8365
18601
15968
82195
28682
48901
45126
17598
18511
75577
21540
95276
14127
32434
25236
82402
53387
85545
68734
49865
93190
65719
21327
98822
63201
12161
24211
55688
45585
47810
74446
37757
4913
10348
29485
99235
11959
97886
69549
77262
45812
66882
90021
27616
60576
77075
59916
43547
91808
73152
51244
53006
78747
57251
62709
29996
63123
51089
1497
48435
84441
32701
43596
4069
61390
17738
25767
22355
93301
56577
99020
1975
88685
62905
67561
9072
14585
11535
78626
79010
49275
64043
92453
63598
23173
67464
93080
33817
81956
54000
26199
90487
55156
69348
14752
21212
45648
37716
21485
18510
37319
91484
19552
15544
71673
45916
83730
81870
17594
19108
99885
86825
67455
99573
4596
54979
97181
43528
77540
69861
49979
35579
60720
9228
45607
22037
51847
25210
21852
33716
98103
74210
2582
66906
83371
25718
41156
73738
26035
36446
283
45888
27137
14203
39150
97269
98326
57836
74665
77385
51763
33334
11852
56472
3402
40235
11281
10623
65512
95245
2010
81405
28269
60699
86347
7499
45287
10551
38320
73955
63151
97704
42094
48168
4209
25450
99396
93154
95601
28891
34670
24724
30567
49729
55440
97969
57206
82212
50249
79738
88723
83792
15991
49625
48839
76252
59824
49732
63555
35175
94048
71285
80074
10625
56950
54320
79673
47976
35170
27151
23345
4319
7412
88448
909
2369
76155
4143
74863
8858
41740
35057
97054
92904
58609
47825
57276
32463
77484
55800
89427
99828
21259
94181
42355
90014
66409
53562
1173
38948
4762
25623
57405
66134
94818
83729
71132
44602
59101
58958
44933
80427
64628
39606
45260
34465
9260
92467
23519
83358
55125
70233
64900
72408
11511
2357
31688
86273
11756
69489
19025
48107
8829
93338
38213
51682
76519
71222
70212
75521
78223
67736
22875
57339
83931
24735
85150
68767
85983
9921
28294
27330
12765
11612
3347
82174
99400
16149
94334
44288
68037
61337
86463
82805
82818
32326
34024
21506
86628
76604
55661
8466
31729
12869
89364
50712
82366
16596
80243
78416
5374
70658
56449
37896
1810
57485
1900
58175
50235
3795
27260
78896
52813
11140
38461
41711
33738
5650
49366
27643
55243
2441
74890
65121
11496
66714
23122
32240
21519
93274
91702
34984
57458
11779
74125
23243
96791
26702
82370
51326
97031
53583
13545
23521
36608
93266
18803
53381
41456
15788
58592
69467
55472
48641
63993
60490
11025
58517
92288
90928
40060
77422
56363
20368
16053
66023
98937
96009
41862
13062
84796
19360
61524
36976
86329
14737
3286
50828
46698
38641
7817
19204
85070
20538
28656
77968
54616
50593
56118
81332
93481
9272
58642
3485
5121
36732
54032
9293
18015
20899
11450
92430
53197
42312
91967
79930
17222
79555
96097
69163
39536
55548
89999
67184
23486
14202
62302
45040
40924
37864
38472
74875
2031
51110
35527
66162
96125
65661
9316
14681
28588
54566
14699
83883
66884
2734
79455
58409
2628
73178
94672
93349
2935
19838
66031
73328
10984
50005
40975
28327
35641
33709
68577
47343
38767
58820
54619
79730
3
93160
50520
77381
95334
929
79366
28285
41077
46900
74742
85224
96641
69567
66662
22377
4856
44096
28040
27238
86897
1258
45907
80945
79539
22767
75945
41682
81276
65815
42260
18800
26544
16047
32949
18204
72546
26575
92556
84863
65381
77118
98982
27672
78752
99252
7443
75962
40702
44541
91533
84559
30454
23455
40941
20801
58379
43271
40309
14856
98411
93128
1321
8547
41359
90813
16354
149
98557
95142
24167
24938
47745
75301
44346
90131
71764
20970
32212
91194
99505
57468
92654
42146
25255
34411
80028
77472
71022
64
36706
50778
81552
53432
99260
35055
94788
79439
50243
28407
39069
14896
52740
19491
61635
62373
23831
60875
89875
93070
34053
43543
52687
62271
36801
990
95959
63718
77989
53802
4553
48247
87829
34514
56027
7189
85269
38793
87731
54234
55060
58119
83858
49156
33288
45005
38592
88176
95172
37211
911
74858
34176
80203
97908
94229
74845
54874
3460
23673
84615
76300
51289
37360
96455
92896
90982
90844
15175
95969
84279
51869
73930
58270
21038
52945
27843
32542
62375
10781
53612
79844
89782
80220
43494
43944
9970
83448
76880
43631
42884
3435
82125
28263
82018
39748
80401
38774
33542
82811
61187
45962
49974
33293
2425
96359
72809
96018
51677
38265
91037
40238
92056
66115
17286
70073
9310
61261
5699
75463
16277
50974
42650
73766
82177
44918
43984
4064
63483
90911
44118
49102
51037
3863
16805
6945
39020
61303
46529
93151
30382
70389
63448
41423
53417
29431
38983
1851
6822
4080
73904
6113
42321
42463
95639
55209
79208
64885
61967
99176
14619
28877
36423
60573
67114
87995
77005
94228
44936
7293
65492
39910
86990
96508
57578
81796
22880
76232
85945
1416
8597
47350
9534
4365
816
92237
65056
43179
50508
49347
74171
22138
69648
18102
131
4299
68357
99987
9263
88316
64341
52387
94841
54044
49013
12567
85953
17663
55104
7470
80157
57649
39877
4061
44301
53455
88361
78567
54298
441
83451
50504
77120
35995
1599
62111
35617
12167
49422
12751
72068
62854
24370
29817
96404
36975
56333
47757
93326
2632
61855
64109
75807
34034
8350
86693
66775
43222
32983
5815
20708
61924
36848
50097
46334
5041
34219
75088
21522
10421
59073
16690
31771
92272
55406
93364
77573
44303
34301
31343
37806
42797
36417
97492
87171
9917
24482
79936
70921
55325
50399
48907
74897
83618
95020
54617
43562
74521
32603
26280
34496
52251
65726
42455
72187
35757
96108
74375
88143
52672
28647
45576
2195
48954
28688
90249
10701
79657
94612
25716
91159
58781
11991
7809
43625
71231
35120
50875
45993
71964
28749
30037
50970
86914
36957
24603
57379
18017
53815
66788
96450
92917
33094
75257
83456
9974
42830
62267
39433
80515
92531
94927
17518
6754
91623
29592
79834
2183
3160
29325
81085
33481
93634
3599
54237
51484
7051
44060
77726
29337
20323
85132
96137
67291
192
67686
44634
45015
47888
58858
64059
30287
91141
94241
68333
46622
73550
57821
9359
11508
60398
79840
84497
7825
17365
2485
14741
14530
50679
81685
95716
30411
33693
66933
58458
47460
68716
59490
46886
16506
48275
76934
37586
43145
93336
99138
65201
11179
19220
84700
23312
15551
46261
42894
40936
71628
71684
33298
28542
64263
59323
54146
98431
24705
24821
67821
88832
55691
11244
6637
89677
2443
25917
62896
50734
95738
77479
58752
78278
77498
97112
174
79134
95836
35934
96881
97775
96603
5340
95173
56260
5614
89939
83301
2681
76330
27764
76893
57663
64701
57026
85560
35444
68471
64483
28555
18110
17848
46036
96534
97836
28663
79521
10847
14646
71474
89725
73720
81864
49146
43269
12485
62044
59888
56336
76258
6793
26787
85080
3013
58026
72565
96441
22066
40798
70654
42433
99625
13997
63124
53217
98868
53806
22618
70138
48516
67061
41089
35076
478
95069
21634
9714
27188
47260
323
14584
57205
61510
86591
24205
42874
72798
25890
53359
38967
5413
11735
66851
93189
78241
2696
79001
15778
26856
55658
66377
14333
40823
64175
96902
23561
65026
74886
69176
62872
71816
72614
58478
60
30440
60351
59918
91643
90891
15375
4568
93595
6326
65823
97148
20088
69440
61426
3879
89067
33890
66082
37618
1761
34113
86207
45402
15688
60005
5994
14732
78311
25578
38141
87109
477
72757
92459
59088
92745
47115
29614
64364
31153
52576
74751
89062
54828
75953
49417
38782
7018
86942
65961
31757
79588
33556
10247
72299
55372
11061
88796
76524
54261
66626
38963
50289
42081
34669
10990
17553
30114
54241
21016
87314
76823
57824
90107
84458
89118
18665
11773
61932
75870
97430
26979
40187
40622
39715
59583
90931
77250
56918
26666
72719
93133
39505
14392
78932
20440
14571
38283
24753
49494
39596
89391
14553
29697
65230
20623
28090
30070
2702
73057
48007
50183
24547
35622
70630
91827
53576
50622
6011
97876
31439
80519
99654
35950
83620
92823
19667
70235
41469
7554
10491
11990
18634
92553
11680
22096
58488
9391
47093
70113
96546
21222
61504
63045
20410
94378
30675
36508
96432
74899
8637
81660
84228
26665
28281
66983
55635
16695
12000
67724
6209
5911
12175
87895
31186
49022
12453
14289
91328
82569
62554
73269
83055
20578
91863
12177
3102
35964
9622
91270
19535
98188
67137
81285
37698
74383
32014
7299
22340
74983
41808
81553
24583
44842
94664
78760
66530
44968
85803
47040
44429
64447
6361
48089
90731
79944
50571
58754
62156
91415
75059
35712
2705
17248
35423
95424
92494
68952
53071
82780
65584
10314
82305
27691
12901
25386
94584
79675
14319
64615
49454
96740
51156
67985
78533
54202
91205
40505
72359
19698
90401
96071
56559
46528
11527
20664
26250
62757
38652
97105
37934
99049
85888
92768
56903
45295
39906
60607
96575
77713
58924
99079
484
90714
65342
92562
5220
14287
89696
21481
78179
53459
88313
919
56344
55765
59559
68247
30055
52270
60251
4048
61245
49862
39459
26838
86918
13401
48205
59611
25222
21610
8113
48422
88937
872
79610
26425
51822
9626
25962
3859
9355
34687
61840
77460
65354
45567
88788
55582
22731
92361
50323
74918
55900
87231
93416
33345
65900
4784
4550
24335
53668
22195
73679
38896
24608
48035
99975
13382
26019
74213
62281
96434
870
2990
79973
86988
57874
56456
12270
81123
60694
40541
45229
58400
67678
62820
97614
27516
33511
38921
95443
97179
62331
4515
31645
67432
35353
43439
31758
63181
92120
90277
55816
4768
93099
7344
50692
46108
19362
73669
54133
3569
43262
85336
18901
37539
18633
34970
19833
25531
78007
14644
89172
70918
53655
16825
95537
21747
82444
38972
99687
44572
88386
55726
34797
97812
86477
46377
86482
34231
98502
9086
27357
74931
66222
46729
80493
8459
94535
1676
19489
57430
34557
34191
70829
68237
65519
47078
96713
97185
27363
85821
58157
27846
77941
72701
23327
22274
57328
92015
26603
74489
27706
12766
24718
30121
27564
75594
94652
15304
15792
40561
47965
12003
77324
75247
89514
85585
83442
17788
4764
65602
55041
60030
16691
2630
58768
9148
55124
83662
82518
83103
46478
90319
28696
76105
17524
99011
44618
86002
44999
63413
46758
676
39154
62358
45821
57193
96567
55855
67127
16104
10169
30201
65079
75150
64843
22259
58945
12911
61610
93389
23740
4239
81888
7195
64107
47928
26760
24931
72240
20891
89384
60898
85385
81925
47816
30743
83332
75241
78949
54569
19295
10861
18610
183
9736
4900
61081
85989
48174
63980
75627
81989
95000
81027
49399
47246
89682
63165
93667
89578
71200
21807
65174
2217
73203
57843
66328
8131
53351
38525
62823
77069
86892
91937
91843
58565
71649
18258
33784
60414
9724
66372
63169
10150
96344
97142
44394
79743
82734
82135
33134
59863
57656
77092
98243
40586
23995
16733
61536
38077
21429
14955
424
66541
32958
74515
49609
61680
34478
47949
77461
41194
34352
36427
18940
623
95755
53644
52935
91448
41561
56181
14675
42227
91130
89276
99882
78109
73199
27034
27095
37931
91985
44289
75220
43030
31698
92162
87956
18003
90272
1835
67187
13568
4360
69790
52877
3249
84428
42476
680
39882
67813
89899
10769
86396
29784
57044
67904
16911
11087
73284
92887
50413
50859
17113
31167
32687
30229
88031
42945
79531
20570
12554
69880
34720
81193
22228
55128
75403
98436
8017
47793
5641
16674
5946
35410
2655
93993
48795
543
87196
26552
19717
30656
96095
24472
75525
19689
29068
56875
90755
1997
65503
1644
39691
48410
54476
12011
62613
64734
17387
26404
58681
17913
34184
78028
10486
14117
62922
43065
46043
50181
22687
91647
85114
75670
26597
17619
84093
85443
56807
89977
91016
11201
23076
1425
24084
44259
98864
41388
84351
43738
53306
83656
93303
93124
35547
85872
82084
39577
51564
45441
8815
32200
86125
14364
88089
15202
21055
25143
32821
64821
46355
32468
55950
93583
15901
62736
24293
82245
26084
15075
13632
39440
54552
80700
90917
31232
37355
97802
44843
52909
39747
45562
67755
50145
69285
21049
82181
28365
63266
51047
58307
54434
78714
38916
87872
18570
58269
17449
67043
18415
37664
57370
64582
6199
89792
24045
5270
42602
86057
37129
65835
53967
41599
36101
9471
44963
38738
61492
37144
67474
98652
41203
15950
17465
77962
39380
28176
58770
31218
97942
6140
29900
17038
98911
87811
61299
69202
84289
49426
7337
69352
46887
79386
43031
5974
35376
93505
68887
34291
97669
10000
14357
21751
72662
29382
39692
55367
22938
11425
97580
75490
1821
33017
39035
23516
1030
2522
68181
79749
52873
22877
22122
63882
88501
77191
26207
72696
20871
13413
26018
8492
75961
81194
27921
45430
4963
95184
25789
40332
9684
36259
38319
8868
40846
85148
28306
16198
94291
22567
81008
28921
69299
22951
92295
95308
50236
49052
4170
50672
54556
89836
39939
73012
20291
84048
40428
90065
5443
66476
32889
43953
89547
1586
37367
64284
77887
50382
61089
14001
31489
93268
65194
67514
50677
60580
26418
3910
42019
62489
4104
81617
60793
79693
10096
19099
41701
22017
8942
56076
54195
92233
45078
31429
49317
80719
36595
35790
43886
75752
14312
89108
54061
42440
92590
37517
57072
63216
87585
43473
7363
49558
89120
81827
39869
30385
33593
77214
50899
95926
86910
28022
19033
72454
63747
55877
82944
22665
58028
31518
52127
90064
82490
35399
1901
17194
72295
65059
89178
18166
22576
71248
8405
73617
27524
58894
7665
29956
6593
76927
5473
27634
7406
96019
42819
77760
93911
4655
48058
93549
95702
40375
40894
67094
21622
89278
55622
69735
51604
52671
90966
22403
59022
42930
37187
78867
80548
19530
25424
64756
41472
78632
83725
60241
70929
18108
81747
65441
60016
97642
39652
34309
48277
56489
6220
47573
66634
84194
54356
8342
15821
13625
51233
6444
68787
49244
52795
98471
69325
64828
41780
52632
72216
62807
79401
30041
33990
90150
2211
56684
34726
80147
60821
27652
56296
45647
2123
72183
8551
81953
79691
40335
24469
96284
10120
66320
75571
74848
93932
74880
72078
7364
5756
28531
45435
75895
91023
90543
98812
34126
91682
33957
84131
45090
68850
71884
90092
10674
85912
8428
58822
99105
64160
16435
18042
78431
46752
12925
80231
52706
15519
60045
93659
16600
17212
76156
67677
99778
73827
59647
34334
44104
47613
14615
15831
80947
18528
40729
82841
94462
31592
88944
54360
91165
48391
44496
92890
39157
70392
99190
6500
17193
14072
53907
41621
14735
58215
87176
34425
97545
36588
52232
6634
3951
35733
74214
42969
17003
35449
39991
51612
58902
10789
828
35605
51408
23562
1907
40665
73414
40226
23906
36353
16107
12311
95664
77841
689
17202
13196
17459
73292
61090
10472
82554
81485
12692
92667
50514
44165
72787
24062
65228
43288
23765
85951
44518
86109
50783
66875
22204
40560
30151
61976
93224
89271
70245
57463
4003
27053
85738
63688
65333
55936
63167
8722
83009
32233
35898
79900
96532
28309
35803
71786
51496
2503
83438
41739
50656
65870
12821
45727
5695
16914
47394
21958
75233
92042
60277
62328
86611
34693
43033
14288
37714
77899
78412
55755
48528
54020
78643
63430
11280
61914
43039
22333
32347
4853
87239
27159
53953
42215
69692
76754
59757
92343
82317
71029
74365
90750
64576
38194
98996
19465
89998
92694
41260
69627
39933
82777
8150
90545
51557
96476
7746
52409
122
71086
40315
50462
56130
55898
59547
54101
25952
95296
80731
33969
26481
64118
39616
56245
76477
61552
82819
76759
59825
49867
84925
14575
5692
98923
73747
68335
93723
88054
98938
90182
30666
82770
71942
89450
3580
81576
66001
65262
25264
15805
20020
17078
38162
67600
28950
63298
69513
80911
1645
31915
32846
40008
94776
75909
50074
2601
31951
1919
38737
95139
56084
15891
90887
5160
23120
99694
66835
58073
12335
47136
29439
92990
88119
26029
17206
75322
75286
11971
44029
73978
19888
61760
67241
6190
24759
11459
7957
64482
41673
40071
39084
32085
27955
86300
82217
34085
81175
42111
46845
64871
27087
36971
40403
27799
47893
97271
6318
33087
77980
43484
11798
27211
70585
13576
95146
62399
46540
10792
40746
68291
45141
27833
54244
87686
66056
23182
80748
10516
25286
11801
72673
61149
7872
74963
65497
90170
62526
6270
90329
39728
56818
96897
67924
47785
6267
70832
13724
71077
33207
7516
53321
20847
47338
14343
48042
72313
33717
23232
87010
27264
4189
25848
31606
17242
75584
27995
82081
27782
30419
26177
10069
42555
33687
57483
68160
53862
90246
21194
76473
96992
16929
35490
63808
58494
44153
76280
38478
81365
58775
42591
50649
66940
80734
44727
27906
83941
64082
40437
6510
98184
40695
61133
6460
50167
45940
91369
3332
5932
31039
68277
51424
68830
22987
79690
94630
24057
41252
78618
66790
6799
50395
89843
36545
86818
45413
76212
40209
25028
30394
36436
95075
14797
46792
13887
36366
43192
2192
40269
20698
57662
10129
61369
58318
52839
76292
14597
6829
24055
98234
40116
85012
99480
56977
6268
88038
44553
61901
66192
44494
66179
30105
3898
33563
92492
19776
67720
6975
29753
67322
12547
32393
34016
232
82301
22404
83951
67182
63399
78106
29912
5987
4919
20313
26933
99291
58192
26445
20771
30059
99510
55858
28853
73056
60757
60885
41941
14108
47368
65278
59590
19283
3776
49770
29549
86869
34832
25928
2377
82642
83674
10995
28154
6592
30310
164
52181
35804
40951
57169
95547
80746
30053
97633
95141
68428
12522
63997
14595
70773
96433
28587
10126
42082
33879
13242
56848
97348
86684
77380
40857
47328
19526
81477
69466
62673
56529
23104
24981
23963
11824
53152
70151
86319
90371
44220
22098
58755
59446
52165
5506
98101
65163
65030
72067
30040
69126
46844
47462
83925
66560
20267
25292
97997
93435
27587
35414
56302
30553
26988
7321
46634
92033
48535
98771
51415
45771
18847
2193
32066
3472
95567
93255
5944
84156
57613
21910
66121
29499
64193
38698
35643
2038
96671
62705
61425
77362
11534
15450
32979
82988
63495
34520
3935
52721
19825
95597
26509
71209
58473
16136
97354
63065
18698
8556
32355
17116
32344
55069
78633
29710
52322
1198
93883
67579
86771
8562
68307
88148
5196
62520
90393
27898
45427
57107
55617
28788
58738
47395
15799
43164
75474
1747
22824
76318
81822
50793
36076
64766
9418
65805
33138
12818
69631
14630
45323
34561
69770
93035
43181
10158
66537
10799
50717
49793
99798
18327
75638
21987
80658
61075
96104
49745
21022
31021
78507
45293
32634
40410
69632
80285
46259
91230
8293
48729
12451
16182
53584
42912
99897
85221
4289
70092
35299
29336
5079
97898
61194
58114
27512
42246
28964
6481
3957
59102
31430
65146
13674
96178
75388
79066
60590
37959
8028
22453
93745
93492
13669
70591
81278
11231
23203
91560
87787
95691
23628
36891
4816
9818
77619
13260
4190
66711
35963
64511
28225
73914
13020
2068
90716
36238
64509
80816
50898
12697
24014
14989
94450
59985
41262
11492
51179
10412
41087
34285
8549
70657
57332
23179
42847
91075
8363
5677
94512
92012
94939
14792
43375
43085
39341
99642
71570
88519
21235
38290
1937
22808
99855
5992
92591
41347
51177
58367
80607
20434
4421
63850
39761
34119
59694
90803
98713
60439
15232
15883
42903
4206
37968
29688
86303
90734
77434
53223
53120
92741
32544
36786
18523
79467
47605
65062
87507
95493
91605
4982
4873
93780
89919
68794
70247
34753
91912
4696
38547
16082
31455
61622
59967
42242
83810
42772
70097
50360
79451
82559
19572
55923
5366
91282
87964
40584
17201
75350
45922
56602
80729
40199
14136
19445
35027
89
74874
33965
93514
86119
54468
60482
85339
62106
85816
85099
76031
51328
92493
10344
13843
8760
4067
38143
10888
28738
13915
19129
70107
48020
17790
81488
91563
44169
25237
2611
19475
22926
85690
86583
32870
23145
83357
71814
95484
90757
65259
63177
67555
19405
85727
32253
77977
90351
40184
99031
42709
25505
63454
6681
97869
84424
79027
40280
71893
48709
24034
46592
71669
46934
44285
57765
7266
42712
95415
71091
67146
15037
93281
17295
2717
55585
15441
25013
7676
70995
31547
75923
24859
87558
97949
30473
25309
35501
9981
13807
45186
33395
45498
72237
89262
46645
38590
59688
26857
11365
45957
24366
28346
24324
6970
67157
91189
48617
86909
15125
3325
27603
79199
88011
3542
97867
18980
72040
70890
5003
46008
76403
35387
90009
80394
71336
2754
10252
37577
85074
29726
96904
27974
35463
81661
39085
51502
81039
47423
41954
5588
57502
1982
96341
82597
1537
40726
85073
40074
43554
58619
38817
77491
95562
43601
67775
10915
17250
80166
20946
65414
51923
35645
45689
23633
39039
81534
40189
73764
13251
74206
61799
59933
61879
79753
40108
6185
11512
5742
48117
73954
68253
23035
71823
6029
24476
49231
81375
41085
44401
89971
511
11592
923
54753
90613
59376
57815
24622
7551
86783
92865
97815
78711
80712
33320
44562
74517
11808
68538
97564
53364
46249
23583
9308
3665
3525
94247
69079
26854
97134
56022
61366
25856
88721
12892
37973
93947
86079
66814
19185
6431
20398
69430
62839
92204
84741
69771
45856
33474
93215
49598
70395
44579
7815
47012
53679
48944
35685
64508
6430
78598
65652
43821
49025
77388
67811
47724
40587
93604
73961
46566
34780
80570
74680
33589
92985
69785
5229
61995
49576
90414
72811
95132
95520
13415
62577
65240
21298
8334
23259
78453
4531
11100
85603
37232
26268
48047
61747
622
17884
49163
92830
54632
74222
34889
32379
65161
73713
80144
44131
2184
38094
52346
94082
23301
68629
71725
76521
98953
48652
15656
24468
19733
33634
51266
49568
20199
32761
76881
49499
94700
12343
21759
38836
91970
56039
94379
80766
12590
77126
70559
98714
25763
84201
64238
86222
5338
2025
56677
88966
60837
9740
64861
31965
91299
52517
7691
13450
82914
78281
14950
86829
90458
32651
87305
83797
6256
5925
79571
65110
74132
16481
38301
58686
74787
81191
72460
95282
11058
99991
60083
20397
10300
20360
57245
2421
77878
91379
81886
60153
35403
23466
17010
28946
58806
83733
53001
88069
43648
66402
20898
85081
77551
72443
63450
40473
49159
58263
23262
55641
61412
92411
836
15465
73166
35707
6123
48816
7615
2139
20889
94543
70067
54218
62907
62911
7367
13579
86446
55073
3480
55251
34081
47245
91846
21217
79747
71321
29190
78151
45752
7372
40733
83746
74819
57950
26245
2859
68756
62519
10624
13236
12034
97638
38927
69218
82565
97111
50150
31881
47366
87186
15806
58534
864
25270
88607
96425
39844
18380
63419
96527
39241
11695
92127
49564
57340
5968
95136
17044
33051
57007
40289
67035
69715
93588
90096
91490
47882
7405
28049
16291
69053
78919
84459
88539
1105
98873
71392
6476
43768
45230
15141
16420
44423
27029
63101
12604
79489
12010
59345
36243
86326
85723
97528
9793
51027
89112
25190
73343
68891
39143
19398
33719
18696
3339
73437
42915
9933
53434
92676
58903
35753
59773
28092
81754
51918
40310
67294
66371
79758
34566
50769
35486
16815
15877
96340
46016
63570
69510
46064
50038
64075
67347
75932
15453
36059
24885
56488
80792
94401
33172
6395
46744
47399
84001
57899
82376
28220
28172
77238
36616
33056
42724
39171
77696
72913
5399
15117
79105
40048
62508
29750
14748
69427
25135
61561
12799
44205
75056
82835
79931
24886
52489
61870
46531
68138
49119
74958
10073
63378
32350
50846
8486
99438
62752
73928
45160
19889
85185
59663
66408
53113
28939
29762
94821
57341
15940
1998
45345
98481
54005
49497
42427
82920
81795
19943
53477
31138
49819
43161
99076
29152
24181
72644
88577
75323
57192
86919
69938
50807
11256
49267
17271
40123
34374
16039
86958
30900
91002
92701
91942
19373
3036
83843
9495
40972
10125
98664
84802
30359
36688
5517
3026
80391
20951
5497
99368
20154
69496
9336
440
895
86275
46716
37288
88379
54885
51164
54409
84072
87073
74859
17825
80815
86759
93611
28512
72526
4615
2227
61046
65290
40825
41028
29831
5051
5304
36861
69367
88949
91271
83511
23435
20969
22866
1246
64890
73893
24643
70604
57793
88175
36698
84732
32612
76753
65724
14981
62638
25232
89963
98100
66441
40107
47712
75567
55915
55319
79996
72226
17528
69276
57454
61935
71175
88010
71483
83020
98162
70779
45103
18305
1551
64683
7555
71480
39373
76311
65129
79468
10185
19544
81113
40509
57832
93544
5239
16251
44627
82070
91816
45756
16617
86485
92755
20644
88572
60915
21612
45421
25740
92041
51198
99282
14609
94662
14734
44703
34787
90653
36129
36799
854
16431
52665
5555
99549
70399
21326
36740
83446
41977
44057
57130
50215
7761
14905
13622
52940
73287
96604
36231
49571
37737
48524
42629
39088
63456
53142
89304
54490
20727
20369
18153
15155
79434
45869
30426
14472
92836
1005
31845
97707
77654
82660
65640
27206
4291
80527
78023
41866
36750
1521
90921
45889
71011
99526
53480
60008
4658
16505
86139
71848
60912
53173
1866
16288
28113
19131
1528
83560
14362
21205
91386
32122
60960
49636
59038
57664
39556
86857
9048
30462
76664
42732
50161
70140
65153
83537
70525
68013
4461
90105
55826
59549
29707
36968
81642
45289
2152
547
51852
77687
40177
58099
34700
75012
12979
98735
64208
91094
9149
74979
70552
7896
30336
38294
53589
56494
37055
63545
91564
74407
25915
83602
65058
14832
73521
77079
83787
70051
76186
75871
36384
16008
80099
88964
56838
94578
81645
27177
29812
35684
72355
60102
61334
24333
17340
55708
12870
99133
67995
14394
66259
85415
78411
46048
21828
14607
62552
82189
3016
77929
41259
60649
22398
2206
44596
47732
4676
7885
4756
82726
10647
7162
36215
54038
61672
76571
41847
25840
46214
94858
64672
94919
210
87488
55852
83366
97827
24430
14534
80068
81885
31728
97319
64248
80496
89540
53044
59241
93935
35731
88066
82219
29278
17953
11930
23322
1019
2162
43399
17002
33424
97057
16429
31930
32742
21395
47959
23308
32291
28021
56609
60281
68082
1256
3422
18275
21183
63946
15355
87981
89504
89331
51199
994
13132
97941
74391
31858
50768
69379
43317
92073
69573
17129
9039
49488
70474
61996
80245
51760
25777
68783
43444
67520
49289
7846
86520
7307
94313
14332
67084
89751
35540
74159
92223
51662
87223
75235
18577
35092
31238
45804
44772
88667
53251
48818
41501
50550
69983
7040
67098
3828
98062
17882
93639
74116
24863
54128
67401
36280
41725
47452
92840
87831
27945
37940
25117
9327
23272
73416
84697
22763
5265
82447
92864
60364
87527
93427
23209
48677
22209
79677
58122
78791
130
2971
98760
13323
81601
9410
32836
70322
45464
42693
2257
8851
37340
84343
75387
32573
9628
11455
4581
17915
88059
4193
91864
91321
13388
86460
15866
45512
66587
93889
48871
54945
99129
87742
92337
78249
6972
4967
66433
31726
88658
85611
67341
86481
23574
54931
36426
63259
84197
13693
13580
8558
71785
36019
81509
40898
1156
93256
69278
59676
85646
26192
21822
37736
3870
81941
69426
39216
26204
79342
69537
61643
15316
40143
98552
35520
78112
93222
38732
96940
76727
14523
2261
99810
93402
43417
20882
28945
89894
89595
17748
57209
53323
6466
47475
21938
86949
41002
94984
14545
61491
90637
24964
88983
60715
22525
51483
40625
34278
37191
61351
95850
55404
67614
30668
36194
30945
29898
86889
48550
11862
40450
19886
77955
64780
24978
99859
32187
36006
54995
43066
99250
80234
62086
76526
34756
40405
13444
31950
41924
634
15326
15565
39681
53394
39310
1749
21439
82397
18600
26486
67150
30134
86209
95013
22879
83487
8733
74158
97951
36735
98651
84374
15189
67879
50534
17411
14823
6646
13017
60975
57850
27501
33425
38890
25704
71304
81333
73648
1389
87600
76575
8970
37555
9564
47158
2168
28385
66798
86173
35354
30500
97770
51034
48494
97281
68187
80997
83400
5187
82575
35588
98319
83172
29039
49448
50481
49487
82606
35526
63253
51193
38111
50816
56654
98956
50194
86479
52744
13102
973
27168
96098
42474
10509
86709
44525
34306
66306
38119
9827
38353
48683
62585
3323
36184
74868
3169
69788
86863
86781
25047
78424
24849
31818
27502
6576
54646
83886
88921
77658
61819
52685
84963
59086
92763
2541
78766
82566
95370
6651
67482
22467
92895
12750
65375
30046
16860
85228
52067
75632
6986
51586
94729
60759
20262
28425
15111
8524
15196
813
11659
11395
66630
87620
33558
62633
48234
5711
12669
91789
96670
80996
24130
43692
71035
17159
40654
33763
26878
57144
60053
20730
35796
36770
56314
28850
65052
62841
94410
51858
84930
25153
39375
44263
60194
35359
44062
5017
81413
94968
56175
61223
59846
22613
53464
42376
80182
46218
57993
27173
28138
67478
53289
20505
98684
12541
48059
62010
48218
6548
23641
14365
52193
54906
25944
65920
85742
79016
57905
87735
3825
7088
29408
84275
34932
37708
83346
2775
58155
89959
94263
97386
63562
32474
5935
3712
96611
53363
33877
91878
1420
17967
59594
63021
85806
39499
85087
69970
98914
57612
7126
78107
38131
77735
7619
94571
7340
27823
34950
70261
43228
2408
97100
96083
53721
5223
13212
48837
13187
8911
14022
76301
36015
53272
87565
54176
55754
15535
13043
76514
64058
33553
76955
96332
73567
58899
93106
46454
61294
42259
87692
80910
71843
85309
78225
20044
59215
44904
57822
44284
26699
7347
3890
1017
6643
78945
98619
82662
52773
82765
54351
91104
24066
30115
23325
73964
2506
11601
24393
41747
71036
85648
29033
3308
27245
60918
62074
79510
76235
66267
18055
60663
73022
95803
7910
54555
23358
52216
79437
94965
17444
61913
21632
41922
11068
45501
73900
54867
44376
43422
96679
93731
40932
82408
86357
388
90416
58267
82426
82443
68932
81185
44862
83435
77218
30033
54415
11927
76469
51940
79414
7350
22383
39861
15051
3538
76420
24910
94153
65818
96239
15748
77208
59235
97993
65972
80186
57390
27273
6693
2167
80870
531
46170
35584
53703
56151
5873
60877
95174
11721
10715
64668
72211
66215
93950
1776
50208
48659
12488
62502
6521
36228
31560
7668
40285
10459
75791
15732
7905
53857
77332
18011
81457
29823
39857
79275
28395
27878
48008
67314
89270
32057
28364
1519
83789
6980
92926
55870
80424
26681
4000
68617
53038
12875
59849
71700
34731
75284
84161
10145
51658
86231
94183
48935
664
13058
95041
64638
58513
62592
8378
51934
40232
33307
15093
31046
505
16488
4610
67357
45739
6868
80751
92617
59097
74473
97296
1872
39955
64644
25551
13258
21383
69572
19015
98668
1316
3913
95513
88916
86345
2625
73380
89303
90870
71806
3305
82171
40350
20181
54852
27281
36634
97651
81867
29520
11525
86264
39144
38489
23670
9440
50314
98372
23303
90915
86219
57350
67403
81019
3244
39703
6673
3860
17263
74338
960
27685
55847
33234
14838
58064
30647
43440
7783
61811
16416
22310
53998
26047
87477
22780
36701
95381
92052
20735
36168
49659
90049
24827
19604
3048
43362
40909
88844
92192
56271
38630
99012
65759
22999
9211
59589
49683
93966
97078
68467
70112
16761
28956
75191
41765
65684
31364
56448
69119
28124
56401
87853
58057
61135
12362
37170
26183
80086
45301
66166
56019
36896
49883
96842
32648
56241
1060
5856
42363
64025
21034
15121
56057
59043
89749
22750
19734
34818
15466
42036
94095
21662
47611
12964
39658
11103
97425
63232
66461
1514
190
90504
89683
77591
42901
57863
72519
96153
57307
47174
50125
54326
11519
64362
13663
42891
49708
51141
19386
63963
68640
89341
63083
39579
45456
50613
44469
23705
96167
70346
31427
89423
90420
19915
40581
98268
55377
66350
43203
6350
8782
18543
70427
69482
25136
71172
2160
94522
75014
7493
14880
84162
81922
72849
69399
56814
6324
64657
40794
23917
69621
98104
37633
6721
4687
58335
21509
3748
52670
59529
5385
22688
51699
68302
7053
41999
44272
89116
17428
94395
54170
99536
53871
60592
98795
76032
44920
10288
27573
50356
1481
23905
851
47752
66595
55296
38752
95799
29730
19948
45329
80571
98425
23442
98622
94607
2137
72413
44251
25368
67862
65565
8208
60758
57525
65798
33031
70752
82454
41239
17723
21390
27072
96772
46365
89057
33799
31497
47440
46063
43669
98835
88342
85430
48661
24649
8945
75133
98317
61520
64604
58243
42981
27713
70736
1917
13304
49644
39837
33235
66421
25113
96300
66565
85096
23073
4799
98095
15137
22188
21730
85024
32448
94654
54304
72066
84589
87183
45374
93888
13538
34972
66745
37537
38924
36579
89506
49680
96164
75481
99558
3195
80942
54293
48054
38945
73478
72887
80450
89597
38830
11220
72304
12351
19570
48175
71126
94948
5635
43997
91204
26701
82103
60337
91197
45014
9677
50171
74052
25074
98891
64575
95588
59014
6374
29586
49122
94355
6165
51251
2426
194
67225
14483
4184
2635
34455
53813
28601
36731
75538
5913
99182
85495
90379
38709
26728
38906
42525
13705
22141
39457
94507
14242
85895
49189
38846
21121
27014
7440
40086
27410
72402
24302
18056
31080
58604
77781
3856
95896
4320
24224
87859
53008
48344
49033
48648
84440
76683
45171
55231
12708
60685
5454
4699
12364
30470
72169
70872
91164
85341
28318
23586
3455
41655
49351
58727
76549
96876
84338
26210
48408
72148
83032
78806
98275
53169
46595
24751
77699
70260
37012
32402
90396
98855
87910
63821
68943
79402
74705
87068
13113
27063
3213
28783
36014
76210
86111
6052
47447
8227
1162
86495
73433
8361
43835
81984
91961
27336
84025
4491
55266
79763
13160
56815
71658
19457
62771
18248
67930
68068
1485
76259
34358
13989
75509
55713
60103
64131
46388
15945
14106
62388
74417
78520
94126
81156
88674
67374
56226
46317
17454
74507
31877
11639
18044
63235
43740
2857
66278
62329
26808
62324
32169
76303
22254
85311
69421
19712
1214
11613
87406
67487
30200
60205
96337
38440
57071
3121
40225
57153
74471
47220
95097
85947
37792
68884
38586
96413
90568
15362
58496
73646
36535
45952
31437
26369
89257
54805
68548
2335
81416
79336
14494
38887
82620
56604
85410
64614
78660
27379
40106
94815
14610
64162
80320
95052
5319
49249
96012
2587
36452
64259
80170
21516
43724
9640
32726
36012
74696
5046
56011
88840
66058
2105
39052
34409
43717
18401
47441
35300
81308
66917
25926
19256
76560
92685
74543
40318
80906
82942
28797
49512
7584
9292
39237
18835
92747
88587
83486
11622
46173
14199
301
96664
97317
3764
5567
98224
64889
43868
89548
25961
78842
97384
21033
14793
4116
72742
67192
50176
45317
38474
72117
50925
63793
60401
63133
8457
97937
16591
50143
87670
83393
52455
11893
79307
74367
57756
38228
97483
2609
65739
42257
15920
74261
79652
21572
51140
14014
87551
35945
95526
93451
25548
6301
74099
72733
40255
6895
95358
56367
76606
39409
184
69032
19533
2141
85437
75897
62345
58451
91877
60332
84614
7479
58118
11127
66848
31618
18277
81271
71402
25770
39151
27392
26514
62627
43899
69076
58533
14508
6638
32930
1888
73802
545
8137
40268
34249
54081
66292
70544
33916
40986
22356
46591
13742
90413
31971
71663
87515
67971
3901
41523
38628
17900
20452
38158
31912
40057
57210
90026
35954
38530
23304
73739
36347
69384
21196
22590
82748
81582
40977
62454
33430
24829
49622
99801
1875
57085
93398
22315
75784
70889
84040
79191
74419
52485
47031
32865
67612
26348
22426
74245
54165
57935
51979
85618
48240
79619
72334
31530
17745
20139
11505
38497
46564
15627
82109
64992
85444
50077
1375
21369
14599
68818
52294
44522
81522
13657
76080
8616
44393
93123
73841
55076
40916
34216
60026
14251
61978
97292
41457
78303
97019
16352
42089
40556
59121
56303
80323
30558
58091
11791
90690
73046
45595
97517
757
41401
79546
82928
80809
20544
48667
66299
99413
50501
88330
81611
44192
50368
32617
97429
61974
43429
54086
72280
69175
61743
48083
21816
32652
55218
59299
27757
17103
44037
68828
89912
92384
27518
71041
71375
86678
29975
14360
98991
68996
7392
59415
19037
8543
49561
18252
74768
65395
45315
27971
56453
38669
89366
34888
33534
84692
25519
28259
22558
29422
29029
38329
71179
22840
50244
67079
35041
80287
31422
39626
89264
19823
41748
17944
44352
93199
5590
18066
68578
30534
56438
5288
3509
87616
18367
17251
51
75268
21376
82718
61004
85827
19476
6129
2520
32061
98391
14694
26379
74693
48145
9053
82080
45968
54964
3689
8347
25234
74086
7857
11429
38031
7935
49927
62672
90424
56144
82429
43010
61903
11513
18784
7235
29129
15336
55868
49584
9067
88531
64332
31185
22328
65598
19431
37310
75572
71260
45692
64546
26967
31230
82783
55963
85789
68574
15398
31096
70044
18927
94689
83072
83091
19643
11269
74468
69687
70592
63924
7532
62840
88021
334
73725
89065
52835
77889
90973
53111
52055
12710
93768
85837
65344
23150
95756
46232
7029
95729
38501
81158
9853
69089
55232
7565
93855
66276
35667
28077
16887
10598
30778
92128
44433
25897
42409
24407
80228
80966
65495
48562
34657
26845
75256
46467
47568
25416
68619
949
52997
74114
60465
59124
64397
86512
64135
95700
57527
61735
84046
17371
1472
59596
86430
57626
44798
2131
52309
23081
40597
70923
61219
1525
17838
3389
39338
53712
332
11143
32855
58108
44523
40970
12661
77675
65756
94210
35818
85769
62488
36205
13905
84220
56635
28135
98549
60861
65213
3154
83552
98970
97794
24565
4673
8036
10370
64033
35980
70968
38342
66710
59126
43695
67462
90540
58658
36723
35993
97797
3896
82471
82516
23116
92661
83528
69673
1328
45463
91450
78908
20298
64207
19206
4366
93682
75580
93832
74992
18883
21118
83571
55214
61107
81766
61359
25303
39476
7973
91327
49324
80691
7771
88261
16748
42337
66744
59937
98676
36128
4691
646
63302
48395
41524
10460
71009
44662
43842
64396
34917
83056
49365
68102
61385
93267
18035
40535
67777
71012
66257
35591
68845
68550
52308
46966
31626
77536
27548
67860
82859
40641
7763
30961
85877
86505
84299
35171
12607
27966
52781
48424
65594
31008
3624
96568
70915
11214
50139
23354
64045
62504
39887
41248
942
90959
35042
84969
85930
76414
95649
19186
33129
85036
5111
82008
44600
79781
12601
10654
15998
8696
98587
68309
98489
16445
90610
84724
66883
55758
88480
93612
80826
17786
71234
10498
57371
5653
57849
66245
47059
80602
70720
97035
15721
15268
42104
52656
5198
60035
21829
28420
39875
41110
28057
39290
11026
76850
17712
62282
11296
74087
88854
65088
11388
24327
35451
1223
73170
69010
21472
8130
74566
65039
96451
83087
69024
19687
10755
86704
7730
27054
770
97649
55484
68509
43438
66197
40957
92147
73194
95531
93264
39859
59311
59398
67816
2780
61365
66122
50065
56153
3560
23790
56161
42641
54777
26770
88440
39588
25157
71790
20082
14452
16930
70162
38292
63643
58862
79984
87414
35710
92877
74336
57860
5680
72513
8897
22686
9061
41304
36847
87845
9765
84939
15597
455
44606
89570
13164
33685
1436
14788
69317
52566
87928
44720
20921
59819
76413
72407
15885
9387
27011
73498
54560
37479
20131
67946
2125
92279
8049
56145
21667
48039
14468
76333
90496
44679
33376
59358
72159
49147
7251
53237
77225
58741
35726
97154
82274
51906
70615
67933
44513
25490
37884
32589
45419
8273
61939
8596
86174
56311
88428
23261
43990
44088
65380
37368
98917
98465
99931
22959
91879
22010
37625
96763
56253
43000
42529
35618
57124
47820
27261
50544
33602
64541
70071
4472
97376
68158
61027
58961
50278
22885
94308
2058
32022
39209
21450
72001
41424
33410
85794
43556
12823
74759
49703
90426
89309
5568
90832
73330
52321
91470
94622
39623
45020
86285
35239
96116
27162
28681
6791
14703
22185
22055
98934
21520
65439
15698
90842
41665
4760
16920
28723
53402
68933
33939
52487
9368
87806
75002
25768
395
87261
13818
57165
199
60196
63956
27883
96275
30680
90421
28823
47492
14774
41956
4134
70837
65440
54028
17474
87810
90273
10742
10986
35687
73551
60620
22677
35901
20307
3189
96373
32936
8242
67977
76021
30404
68129
7759
33747
54871
92532
46535
41910
51572
97757
3343
66460
68612
98362
80117
76327
82493
56628
34194
50069
26985
16773
92911
31402
42875
11471
7084
91260
58692
74765
96829
14487
88924
29450
71470
22341
52191
62032
47640
48038
88202
7327
41802
95113
50276
53977
4251
97819
7139
43935
55112
14847
92604
10292
37164
83541
91657
78502
24972
8658
84715
41625
23326
73593
96051
7844
54104
31324
63599
20296
78321
46093
91225
24091
35996
69135
35159
17267
69251
33524
18594
65725
75941
64594
43003
50317
90941
45007
80581
40391
19802
32622
42510
67489
29333
32762
8145
33591
88678
14273
10569
47631
74558
84294
60365
38293
84360
49749
82202
55239
36665
94066
64753
95134
5106
45407
17836
62344
89268
80301
30906
27250
95754
1155
47240
90554
36009
82163
18722
56735
18953
69336
1250
83575
76076
4867
44745
16369
99602
30139
64438
21740
21517
64661
10703
32337
33834
36344
42350
33012
30561
5621
57544
24287
58532
87936
85110
35539
89256
38581
60695
86433
18856
31776
46215
66148
72760
3630
2276
48621
49986
6979
66156
60600
17356
62782
38345
70609
23330
72895
6018
81809
91007
60304
53905
81681
75903
90947
29381
31686
32307
24473
20425
42694
70384
92005
65291
17079
46623
22757
32792
7760
22028
99308
30452
69804
57151
68888
38985
7853
24934
83788
91810
21065
5601
73497
65939
64481
41811
77724
2757
20562
23465
32380
28128
83630
11073
47421
38208
69150
90713
4659
91362
37554
28750
94275
44108
17676
25464
49283
72207
54274
89996
62635
14771
61800
65760
79981
91916
75625
5828
55724
33379
87412
93640
61345
68658
85869
30441
70733
27030
21398
10731
69217
49490
24388
70445
24661
88417
34460
90264
80201
22201
68762
1403
16937
42013
28029
34672
96409
65629
18671
94959
95621
83914
50512
57915
73360
58596
44976
59233
98613
33823
75279
23318
50110
92898
24380
90708
26181
81412
22634
8095
58926
94098
82458
6830
46856
21562
89407
10794
10105
89301
65404
31095
28552
1443
76348
65951
64157
24315
35201
4616
2429
32944
61550
64716
95354
35583
43698
56257
36396
29020
38351
94226
15773
45816
8480
516
36657
42083
22217
59217
97118
20022
73673
24109
264
43498
7109
99064
23606
4690
71563
38542
56426
9455
11723
23292
60067
43329
25246
60188
68150
46106
74850
78499
38912
42947
92578
39397
12138
4466
1427
54436
11682
58793
60000
16537
82636
88957
58372
30681
64845
63241
15213
79346
40579
33936
43210
6717
37394
25282
90054
73461
23212
17200
92197
93431
36233
17819
50590
44939
88333
69968
33908
98213
1132
54430
43067
60753
7620
23515
43280
44952
5903
53116
64424
44760
8586
16723
45087
18818
99034
98592
28648
54337
18338
18178
81374
62861
69184
20155
33902
39504
76671
91394
5275
29228
52248
73881
73963
20402
5290
12006
50207
9567
9623
53510
61732
48004
28031
68583
2739
37796
50032
71707
11562
32086
21953
21008
77866
19613
48850
83131
47607
34054
9639
42898
65392
72623
46066
12760
23115
92123
68134
45705
31475
85319
92306
28735
44470
32945
13620
39627
99606
51086
17960
30238
16472
1841
44091
66831
98813
41461
81087
46479
96942
74387
25756
48430
67359
96283
51041
8758
73298
11251
36318
76568
62277
55745
77814
33242
16077
13434
63561
24696
80512
30188
67160
86040
33259
62346
92011
78149
70519
71792
49994
26867
4311
35013
4383
57542
7268
13146
22178
75321
45644
17522
3267
99477
9566
63421
53179
6385
5649
44813
27772
52245
79449
18802
59882
77640
49430
27243
91100
16473
89234
80471
78066
60587
6620
45944
31677
38438
74282
83409
28246
29216
43602
37982
36597
84808
71565
70905
21894
6619
15628
11748
29765
4669
87743
8966
21808
57604
41569
10665
3364
52125
37585
11475
29166
15707
41848
15048
6366
3351
34724
15014
37270
17879
38902
74687
56627
53902
13718
33828
3426
16908
84610
20216
65915
58528
34829
79857
60179
54657
21830
24375
25725
32545
63071
88315
72474
65891
71420
82932
36391
50632
17034
80754
18879
13206
23452
98749
59455
65656
54204
3336
19374
681
38760
37276
60109
98210
56877
93777
11416
13573
17768
39427
76706
51033
84181
36756
65221
97950
98386
68657
64167
52735
65966
12623
49589
92117
59988
72514
26975
30034
96488
90674
26164
35805
61609
86447
15513
98799
59945
51319
48929
60434
79725
78793
25868
71453
97183
2219
17546
72774
98685
78528
38395
58711
60308
85128
11796
51807
53304
71305
68872
81024
64810
25891
77023
52863
26649
11032
18505
67743
22816
86739
128
10845
73192
12512
28452
81133
30140
98208
4608
72973
12111
68268
74762
74526
14634
85876
29241
53877
71083
25533
72874
6989
21909
41274
33937
54376
91704
44100
5303
53260
77903
39935
4231
25318
93781
72426
6400
76958
56078
34914
25687
85056
38417
13578
9520
95274
36290
98378
60260
27248
60214
2902
37635
28007
92683
79338
42334
57973
94764
21884
22443
78016
42885
55733
53349
24228
61615
33911
34858
61823
91830
47642
1807
76684
39291
28804
68832
50921
54794
28992
44431
52036
41139
37812
56184
10780
79896
40593
44389
52018
6062
22681
99351
19410
22908
51778
59
89611
60033
5924
38396
43614
10729
67393
93495
37391
26871
71408
47989
40896
71634
88209
78361
69205
62940
39778
66777
69881
32431
13365
82285
51334
9045
41730
50566
46884
53933
75523
51552
56498
99556
20528
94936
13677
89205
47758
10495
49681
51073
98959
80422
33327
7172
33321
77643
79458
82128
47273
18710
57313
34027
81454
31071
8590
7378
51317
15338
228
66005
4233
1277
38167
7647
45601
98195
90251
56777
1365
98744
53673
29790
70379
33421
68303
68451
39426
22459
76511
678
26563
3612
78227
72578
9820
84658
68800
2872
81568
75590
57425
16418
566
77470
5151
36990
38098
16283
46614
80713
8455
4592
63554
82863
52416
74464
64000
56827
65137
9257
69045
93015
59418
35237
94794
19364
15428
75984
63004
32466
4598
62291
95316
23601
45149
72638
23572
14911
55845
3831
4371
39685
58819
96342
25552
9008
33356
99027
14119
33909
66054
24265
21791
44219
36561
12817
9266
79904
13566
80449
32758
45257
493
75881
48927
35046
18541
29473
16542
14256
24172
32523
68723
64444
76988
10004
11501
53468
42913
76454
63904
43963
34646
40928
80428
37425
7502
54853
60474
7623
46776
73364
65927
49718
23485
97957
58936
68624
30056
39687
76612
63354
71571
60809
31775
87561
42485
18649
99319
15690
60652
87157
50685
9029
21531
42927
75581
16021
29883
58097
92784
33003
24765
24853
69857
18709
38454
11078
36049
44351
63907
75890
42821
93747
28597
53122
44991
76583
73730
81900
88907
23087
49000
31723
72119
82313
57615
82576
60316
7103
11168
63295
91298
24321
82033
43889
7081
36883
16821
23190
24814
49937
60874
50667
14492
16049
25992
28361
71150
1910
344
17197
20676
1288
68645
6957
85617
77404
74426
73388
49848
81887
64298
99377
30899
53539
85719
30160
55690
2297
78233
98124
97030
79700
63603
27204
81125
92159
90884
52897
22837
48794
71554
52405
21681
39988
96466
97751
64750
35489
6408
2430
25469
99111
79924
87145
87645
30770
82266
60791
86406
33285
53486
59868
53605
59581
63601
60977
58651
26674
39215
4133
31639
44789
27727
70920
3446
77185
77950
5158
65605
47431
54492
59450
95242
55210
75204
69400
10204
27387
69959
45815
94306
41716
20560
95427
38700
50521
74946
48848
39987
78015
10156
77728
59919
65006
22103
3601
84014
40421
91692
98088
81972
50195
46190
97612
73980
13110
93212
11053
92957
14852
80854
69831
81648
75231
13888
89130
94604
50658
67129
16186
60547
51562
4174
65731
64601
29180
73774
56671
98814
24133
21394
98783
61355
55091
55222
67459
46705
6618
17307
97239
76847
99056
2654
46260
15663
82069
72153
70613
84795
84592
94464
65829
64597
22045
55449
82812
6435
54089
29128
27443
96467
24499
35709
58548
9691
80949
70798
66973
83211
64389
27597
48378
72619
75845
87916
11461
18985
69295
33398
15755
51054
8373
75415
78080
4178
91077
79071
24633
11853
137
23263
27399
27229
29634
82649
73929
48000
48433
77520
25956
85310
1143
40693
39196
25598
63141
79711
83819
55564
67089
27055
68382
40387
10679
10132
94588
62071
80286
96092
37672
83877
15219
9778
85398
90318
81544
57509
50340
69833
67961
14338
17625
31958
35599
73831
46124
27720
439
41917
60359
31746
29424
20257
58707
49314
26149
99387
43168
96581
62684
60764
35326
88720
48803
28161
87965
79784
79245
73695
1608
30888
27268
92510
85275
82640
76882
3732
73265
88228
87575
52868
41736
43634
47267
95366
85469
84523
32454
12380
220
63228
99219
91190
7338
57411
99487
72481
63762
78920
62411
23655
51643
22640
33625
88526
86609
6389
70914
46174
62130
25766
25333
41830
7352
45180
20246
89509
6961
87588
67920
37623
38862
46447
48570
40114
86018
32686
77677
87724
91783
46660
64409
58696
32649
54209
3972
68337
87813
78865
76931
51280
97018
46234
70002
54655
25965
19626
68539
68466
3384
46382
56846
60903
85883
23556
60444
23094
53944
21013
39771
13494
97639
27644
5130
71064
62981
23147
9998
86963
11447
28725
44919
45250
29527
73848
81565
23839
79426
47429
29957
46514
53064
56587
20353
66398
95191
27975
661
7360
5643
67999
18943
11309
91323
19459
52345
32257
18629
91962
79269
89599
6404
41499
98042
40768
32724
28355
73650
82907
68920
4352
45747
79238
51327
36809
22044
57702
36042
18233
32517
34671
26600
35011
31561
18160
9006
3916
6310
62308
57188
58365
32807
28257
56482
31730
16998
4587
84120
3511
21318
10836
34575
32270
91968
74642
86015
21712
73249
16752
32841
60253
79591
82336
29111
98241
29815
2949
88026
51241
85993
46782
39251
92822
88094
23809
71245
86659
47559
67898
53114
74715
17815
45000
89333
96622
96132
26411
41267
81821
19483
94149
96654
17294
10250
87141
94013
12052
79515
55910
80916
84549
35441
11271
3781
18142
56049
22536
69157
26656
24110
39292
10184
73956
25095
76998
54048
9739
67427
74780
58831
86566
62163
91874
36933
96840
563
50532
11618
52921
15598
73753
70710
2946
86416
80346
12641
33279
35157
26227
41294
41243
51741
94746
58088
24107
5201
24020
76976
10543
49858
11698
74513
12144
51835
5383
96235
31940
6306
11733
39831
10455
65339
41482
74381
54140
24786
16269
74601
24354
96754
71127
59322
84399
57000
32768
98315
49989
51767
20475
13921
75612
42705
2346
81304
46959
65699
58439
12122
97803
16171
55739
59818
83310
54872
85428
21703
43823
35500
81689
28184
86930
84167
23972
99743
25127
70439
24303
97016
63196
47778
60479
97882
2165
4364
15181
44684
34145
42773
403
78758
80444
17632
14749
89647
10902
83525
17875
10470
86478
56616
32900
72259
67972
30850
18494
56595
95849
78769
43050
8552
93086
10298
85626
51840
88169
86816
13752
93371
39176
70009
77765
56693
50847
29649
34723
30138
26828
91142
97162
56434
29799
43143
3477
32002
77293
98033
14946
93537
12141
82029
65984
85470
43352
36209
52782
55157
61310
28673
96200
73008
48412
28643
74508
54336
75128
66919
5960
58296
16520
78504
81094
19863
46303
16394
8714
16765
70279
33403
47133
42702
59672
1815
72177
8629
91468
60631
52274
93263
12574
42512
46023
2835
30371
91401
57684
61286
9512
49310
43208
97762
13995
18071
86065
48458
68218
57282
77768
81057
10387
5404
49429
68376
97511
55589
18276
4791
74259
25806
48230
91689
2173
75769
36086
65257
5465
84569
17682
26704
15472
62686
66955
94336
10790
70660
25596
6397
15440
8207
38988
45038
23667
10997
33409
55344
71042
59377
53085
16341
39193
21692
79363
23949
24792
82657
62803
40352
14036
85554
80101
66829
96730
99242
76337
79544
28360
27291
17376
75068
7155
93392
29375
98544
53827
80550
86980
85405
99279
95979
85295
64806
39724
48223
61807
16262
10725
32405
99296
2782
96943
15275
33449
11780
93646
25866
59910
23481
51173
82546
24413
39513
55050
24991
30275
89148
8579
43472
77343
5591
40524
66254
62867
87434
18960
74321
28181
83824
63159
59291
95489
24480
92312
93701
93523
57695
47804
80122
90313
67252
74258
12259
86773
21785
95814
28085
32280
1727
71274
93968
2448
10633
68937
59784
513
98435
84210
42415
41365
83962
23694
37656
33568
24356
33670
48283
32615
71796
76989
85994
20933
99616
41717
69863
17289
25601
47079
21397
91994
47707
74398
35102
56507
37511
18150
60937
33359
77730
66620
61092
37323
41903
15812
84584
22543
49962
94807
76551
5463
27681
37374
77425
78718
91684
84047
338
58017
29363
60853
46055
23132
32892
84917
49981
728
829
53590
39674
8497
28443
76397
16569
16158
79523
6942
5827
12691
93466
1543
36189
46438
25194
57737
76908
7721
57713
84469
71266
53979
37115
28904
15229
91923
98551
14272
37865
51257
11737
14587
94261
53814
78700
34074
78960
61002
81688
43952
98115
70852
24606
95002
9191
16389
3242
52459
72776
72912
45265
8276
29891
57968
92418
31013
20539
54564
14385
19194
69896
7005
42968
57374
75944
65069
13412
60630
6769
17026
12556
72452
25094
65412
57830
7085
9426
12459
56992
29327
12965
20813
63592
11987
16896
37485
9286
38878
17147
72512
45026
77623
91809
86650
67452
69942
65851
37178
13916
99667
76172
92774
83707
48217
14860
56864
25116
82237
75511
86932
41371
10621
92448
25664
5095
76764
29609
96346
85250
7597
57583
12373
9864
63474
70005
9098
9908
92488
71087
87181
43316
41551
84872
76975
795
62228
82187
69884
89374
97923
99689
45959
91897
28461
48867
86956
5306
21443
76885
37416
84616
9096
82111
47412
95018
53577
60697
42172
51002
86230
19958
47038
78862
46129
28835
78280
86819
15897
39893
73545
38685
9078
61652
52720
78628
73376
68005
84768
17734
67050
5901
8173
94931
54813
72103
85249
15813
36613
14345
75697
64898
75271
93885
10586
22269
74137
62457
59335
22323
73318
17683
89729
62930
32743
3798
62104
50102
77818
3445
20396
48705
34289
19302
95962
32160
3547
31600
22580
91042
71845
12267
53423
27660
65801
598
43135
99906
28162
65029
50460
52629
42722
71082
23140
66399
60339
47944
72521
11294
19569
36988
17450
16796
38684
25002
97843
33537
77319
67246
79541
91312
33411
45022
91338
21216
45241
74734
3240
97106
15074
23945
87452
64434
19608
79831
31661
15753
70539
71419
78011
928
58668
6305
97915
68188
17161
10918
77481
16694
8088
3410
86794
77490
27311
49830
46931
21441
48568
9922
25907
7233
72670
20206
35688
21131
60413
95333
82421
86873
25983
95600
73434
20734
93017
2151
2154
50538
99936
51181
9618
43800
95789
74721
27841
29234
45041
59200
20055
89454
20040
98458
41066
45506
83218
25817
56801
37974
17433
16083
70749
27813
40427
45749
87611
11181
67780
20208
60499
95555
44025
72759
97266
36601
14809
23219
52809
57927
12207
41572
7161
6127
15392
24046
5519
39827
28994
34590
49200
25360
20501
65755
91247
46252
83663
46346
38160
71330
34868
66539
73303
615
47860
53795
31206
84207
71181
7657
48097
80395
81141
3015
89655
2516
10253
84144
23696
61795
81263
78802
14964
57886
62169
98632
24616
25314
95295
47275
58231
82192
47191
18023
12703
67584
70857
35495
99269
64718
93069
27993
97201
41286
24361
28301
37092
71992
83711
18278
26842
52842
88041
76550
83478
93675
9940
20688
67340
97738
54908
87302
63672
81967
27704
46867
50214
67664
70431
18282
71721
20522
80405
84990
53898
56727
55014
98574
40037
36401
56502
10924
12438
11297
45405
39517
77833
50759
38920
80737
46272
79760
6283
84111
4742
39895
43227
18657
23110
25764
13706
26957
84411
2163
42679
40743
13591
39568
56128
74781
93400
84322
71714
10216
98506
56584
84959
19983
54312
42999
91017
88653
3909
7696
96595
52391
23989
78666
81286
64271
24288
78853
13751
24371
33004
13985
51839
52285
41426
52119
56274
24280
68945
21786
39818
47108
92217
18330
93218
65081
17749
69248
78030
37120
53711
3872
69637
89180
67547
56167
8314
40455
36421
41617
51375
86843
24996
94204
88917
60046
27667
66072
92445
72842
20937
20794
32989
23067
38748
21014
63805
2295
95809
85188
16493
58060
78287
68656
70789
35671
91223
62634
68949
32819
31805
74299
82873
40321
53995
94840
46135
40147
17334
30729
93943
86172
9090
64512
76618
95025
90104
94683
67235
5109
82021
7381
71839
31276
1567
53568
45054
25813
81968
43029
21190
90671
88824
78372
48418
83264
40604
68403
84102
7726
27488
3005
60553
82351
4204
80014
51901
41623
95492
30554
76222
9015
12093
84106
75139
68029
77330
69681
94405
70795
99197
58660
85493
22488
46494
56563
92299
60835
37559
25839
49485
22270
52484
72424
20545
39543
38521
57132
34831
22245
59881
79478
20726
70982
57643
64588
64463
92253
61052
20097
90514
7401
13334
93010
95475
46974
37064
73915
36284
5998
21317
77041
26145
78345
5875
44095
93922
54584
97297
23459
83994
27128
29322
31703
6965
98312
97326
54914
56424
47455
61641
37218
6009
47177
93572
37788
96884
60215
57515
20619
36485
96689
41771
7483
23194
32771
49085
72118
7154
71478
40007
69810
74559
28676
58600
99639
37160
72069
56919
41212
61829
21182
49587
47730
80559
70137
23645
36768
14195
38376
31454
16409
60099
86574
33637
85583
50565
52930
73615
52040
47337
14004
22143
82682
23313
67801
11034
84486
24809
70655
2974
2226
65469
54406
12232
16395
82878
83625
79394
66665
51712
79410
31222
10896
14382
46262
51963
72484
39668
87423
47430
64507
1361
20643
80646
17794
33704
18286
21123
33261
45034
15582
6325
43664
20931
20108
90874
35219
45658
10429
35930
49242
50229
25251
26137
10269
31875
67201
93623
9621
47037
76405
66880
97504
62326
86334
59429
57163
41937
67385
46293
95374
57412
97519
54647
88794
19648
50574
85140
86212
79212
86630
33459
54967
78496
98808
37784
69776
31804
87443
90588
26522
58179
39550
50711
12945
78903
60449
99081
97538
25721
28701
34197
12179
56190
23367
42134
84712
71926
18325
31876
16464
21774
28857
95746
44807
73041
40874
48425
57883
96388
80912
41189
92606
83285
32184
14367
59281
21349
76309
91435
29901
83450
7219
34827
74891
41735
74604
14974
89047
76092
14130
1984
64418
48688
17394
34754
25909
92965
90669
8094
12844
47215
93432
57179
50060
49674
44246
5496
6527
34110
80892
40099
67203
74012
85828
23550
40805
72326
87126
19118
62047
93876
99231
71265
93379
35565
79881
67667
18092
94796
60062
77982
69152
91710
669
12494
39741
1130
4212
30619
29466
4088
63812
67982
99102
20196
93982
52673
58172
56986
32338
78487
34245
43081
37039
10762
62091
46687
86795
56079
34
87553
45556
7023
2997
62338
58917
27345
62989
80533
40161
97371
12516
58369
12043
97415
69799
90006
62278
21026
65834
82833
92663
66722
10600
92817
11952
59103
68573
32620
1048
60363
84163
44668
77993
80116
89790
39570
3919
50449
28762
72658
85557
10440
57940
28197
85743
46477
59046
76635
2831
23570
6292
39118
5148
48242
13089
36134
7176
73714
55742
90391
96121
73643
2788
86881
44569
59058
98197
22538
71907
23239
22313
54334
94573
45797
4512
25657
26438
48
44765
87059
8905
28448
37756
77045
72713
77986
83318
30025
73804
81889
10691
58521
41357
1826
58818
10291
40205
35470
14962
95309
98801
49425
83847
79744
45973
45520
40737
79281
20563
27870
89458
50041
85784
44799
83395
38384
93050
75189
31676
87087
19848
61036
73541
83142
13586
7188
32578
11541
27123
45084
40510
83475
72257
75595
46896
67712
27544
36141
57594
74146
6034
57926
48921
67221
90608
28227
3421
43155
36108
90115
21102
73247
82661
31314
60264
70692
43843
25045
88630
37712
9279
67690
63200
61780
45637
93881
13787
31015
2082
17440
27806
85610
84666
45611
19505
51440
24481
43497
83731
98600
51647
31761
9701
92250
76676
9296
91073
15145
12895
3564
97687
77785
55834
85199
30583
96755
87090
34529
74083
61445
91562
40014
27778
19548
61628
9282
56892
28523
28252
6776
204
82389
71846
43691
50578
15360
79221
92761
23549
36163
1478
49155
35183
64042
37773
48656
72919
49653
48619
31072
47933
79326
80081
12666
63287
15784
16781
44520
61186
88985
89567
33469
41755
36514
39148
68771
36757
37874
27877
91229
60382
4731
88963
77133
46113
64662
76143
67939
20588
17162
71894
20441
94456
95032
16571
56904
48443
4001
68210
46894
8360
86541
8706
12315
65277
80788
68623
42829
81009
79802
63528
79958
6240
58084
72446
99599
28145
66939
52683
45069
10095
82592
95223
94587
60848
96941
85315
79149
3734
80863
80211
56745
5284
25238
92881
67253
75854
94702
29163
7447
78767
6186
5116
5312
58413
2942
97160
61570
37336
36533
27586
77476
80542
39178
21165
80890
97447
1690
83408
29595
61456
13527
57800
23563
21597
6141
7587
72934
18030
80762
28951
6289
89284
19324
29587
3068
7952
27588
33440
46360
91944
93238
54260
62290
71464
47638
41816
48013
13215
44808
25027
58572
94500
14095
24923
26550
39522
42159
8132
59792
48918
36051
63048
60182
30651
93956
90123
46953
25039
63190
66234
33132
96547
60209
87299
86545
75726
46904
32966
47586
89231
41973
95876
51066
74141
44710
39902
6117
14304
59729
67643
38903
47162
61311
26142
52151
61108
54768
17949
48084
58682
42685
24582
97480
63118
37456
8836
36741
14861
84710
18281
99947
81748
74038
71130
49532
73064
62141
15342
46462
4056
27112
40272
69066
29491
97530
95572
57582
42156
54318
88530
39199
52229
55068
64007
49427
42794
75495
42631
2391
89642
17977
50705
45050
97575
47331
90912
80120
51031
26653
86808
78876
86879
86860
42586
22952
11837
35140
84251
26685
19347
52090
16279
75823
95860
93658
79332
51024
96503
99272
83535
44383
1646
86683
29094
17833
12940
87440
35728
70125
69839
60523
98035
98397
43832
53292
66843
69073
32232
66602
10104
90043
70943
31638
75954
60803
86680
85246
13507
91911
90069
59474
4721
58923
27346
2652
87986
26125
9145
62365
71957
85813
45836
19925
18906
50339
18442
91451
76375
50804
23517
11744
10279
72486
80494
58377
16455
83811
64865
9763
41989
51497
16326
42668
22796
19314
54090
95661
14561
51787
18466
38134
8882
59603
45492
56503
92093
20282
17957
15862
39767
2898
89424
83747
68897
96715
84505
84140
51234
92744
47975
58523
71632
8827
31189
88471
4834
57722
83554
11299
43882
56730
26935
55715
38053
15737
51370
84107
3760
17017
76765
55706
15130
26352
75608
22
12271
42520
20137
53087
58076
71136
2647
38787
60289
44640
2713
33886
93500
41167
1426
24507
6237
97778
34226
76891
17946
55505
56924
64851
1605
30527
10882
16153
18888
2594
18678
30642
90007
65998
25786
27694
81770
52775
27527
20573
51717
54479
94397
21271
62773
84763
70432
71737
7540
11620
6167
10316
66252
25857
45296
72144
75488
47361
39746
44430
78118
96997
62213
12747
27609
2138
58853
18846
57133
84077
78929
58526
60552
76983
88380
60207
86822
23659
39162
97110
66689
17101
87933
81103
33984
6656
4714
83556
8672
50230
70238
83061
34966
6155
66575
86675
17006
83472
56672
7831
59906
43308
60537
23897
75621
58931
11870
96266
55388
40345
15610
15123
76408
59213
92423
47937
84673
65092
90275
51634
6164
39619
20211
88373
98277
43072
48153
40481
17987
79224
95072
25220
13396
68533
26834
69581
60393
3299
20172
58063
80205
94490
76807
80805
41651
53482
39649
47381
38271
72124
38054
34101
90553
94740
87951
54528
932
68908
90280
58655
40872
99969
26627
45139
77959
36018
82382
95179
70509
7218
91213
22639
87125
87730
56016
53490
24056
31997
5622
62425
80148
58617
11175
91790
32345
58555
21893
88437
71791
97092
81739
4340
4108
50527
19407
67966
42634
12484
1598
34378
12498
97339
95062
95760
76642
48041
95360
94565
46625
48227
78351
11379
2811
75149
85871
24478
97364
91412
86380
10513
58634
20989
62081
25430
69742
29048
74511
9129
89923
38692
43960
75709
85286
90301
15975
15665
81923
21756
33646
22224
52049
53479
4405
42559
41158
80123
73400
5173
92557
55474
76688
30226
88183
31473
48947
79846
64303
39357
95981
2961
88879
89413
74884
39371
47066
50631
92811
12881
67590
90118
67421
79064
70501
69271
24785
19791
23044
80793
67049
24018
55712
52108
4162
22465
33103
28207
71060
10605
42393
28280
84619
84568
27409
6380
43869
63248
66032
64061
20392
9052
27567
45619
49903
19902
64924
49210
71141
9087
96367
41184
94693
74922
69048
3241
56036
55674
68374
45763
83881
24874
16308
32719
18054
69095
65023
86966
75782
9340
68417
73610
32923
45336
96405
73373
22835
55393
8096
43583
65579
91210
81723
2338
33998
73855
18806
76024
31025
24803
10270
58909
13391
87606
10302
37062
9439
74864
764
96688
47925
87360
49932
22669
29904
24047
42524
9918
58606
66902
58956
35392
46186
11469
55818
25409
92089
78788
17351
28009
7096
26628
35657
76879
35306
28724
69944
97321
49457
77854
75719
12553
62165
38926
17874
88106
1243
66780
94320
35404
6511
45055
17014
65486
16601
97636
60098
87025
24884
3536
38113
40314
41179
97182
69645
84550
99264
32658
2073
67362
86570
71745
43373
2799
36306
51854
62174
32576
86588
59600
22506
86906
10541
41530
97273
96483
11795
51411
78222
6271
35405
40456
1106
91594
30249
22720
86774
49818
52457
85788
66729
87100
61987
1660
11765
86911
55542
86537
53301
12640
55561
74061
10726
91267
10299
28785
10379
46759
25738
44707
32738
54126
143
25366
32019
68520
93046
72194
51127
85373
99973
35160
65885
97792
57200
83532
92434
21483
25042
14166
57227
50758
77969
14315
46763
84243
90811
89766
70732
59405
79692
96989
12318
73626
94728
71040
48608
53344
20866
59814
48221
45268
22046
20455
8091
70716
94886
14032
47644
25454
36724
98655
74684
16852
47557
60736
79180
7951
53777
33258
71068
17899
31868
60646
58278
11753
93936
15490
39546
77441
89582
86539
49593
15811
70675
13702
20240
7907
67823
27052
97397
97847
43809
65109
75129
11441
67881
53141
85893
94375
75418
44183
92639
30976
38339
51755
20268
34210
65090
93260
19247
4540
55189
7385
45628
62382
82635
13333
38755
44308
24987
79345
52413
84423
39206
71292
64164
21503
82011
82732
35005
39745
40419
26746
41648
76565
1557
94747
3553
38013
39269
62810
53556
37037
21704
23169
95407
3035
22431
41886
21630
77801
2575
32712
7323
25243
68015
7334
62370
35280
33987
90142
62954
78160
25702
85800
62557
91798
58327
75315
379
65449
88075
48131
6938
77599
72710
68961
30771
47190
63273
15135
75686
10251
7868
82063
58399
8259
75662
41995
72806
16292
32809
96168
39995
31187
3641
90924
19255
85278
87599
24219
68797
22374
87688
20132
58889
10281
86261
94820
11010
43121
15620
73785
95343
36866
65892
13536
77780
27271
28465
60557
54686
70405
77391
34181
92109
64932
80281
83549
97494
70239
48121
40747
9632
93561
21241
62148
16514
7701
93312
1311
19208
30362
22472
25473
76849
88339
97773
88590
89994
21839
26955
15592
98930
65563
36739
79962
40771
15568
31407
54196
25851
71403
5922
63112
91650
45670
24
32039
86247
87651
99930
86309
71317
84413
64251
1764
83343
36132
87881
66782
34689
46111
8595
63161
20639
45591
30974
88481
52677
22791
97925
21086
69087
52875
39981
89468
81542
86713
54894
58788
11701
12088
58544
5145
26554
44015
25894
37462
56149
47100
94902
61705
83680
72584
19721
25803
63360
4497
72009
62361
88129
40
55417
24210
63183
99899
70269
59150
36658
61785
298
95442
39941
91777
98168
20437
99766
4168
11247
6668
49140
81359
88877
27815
68975
84983
99445
69134
95447
52298
71004
64273
49714
5044
42055
85432
72439
39075
55418
24525
13337
18949
60651
49020
37029
15031
62466
12355
5250
90907
43059
97871
12677
44534
75451
88207
32734
25629
1922
56759
10321
48392
50494
60771
14170
23270
36574
88686
77798
97944
15191
99954
38280
26388
51322
51074
72918
93419
43548
99196
90040
15482
44885
8161
37473
44115
48853
63102
28254
34463
50652
90542
34697
17378
34781
44440
14216
22006
33844
57429
35251
67748
17504
37264
21427
42192
94823
61916
21489
11872
69948
64412
58038
21224
78235
85514
17179
36522
40757
3269
75032
89321
45232
98815
63139
97961
53271
89139
41429
16330
19392
35549
48708
89198
89277
59692
35516
42161
26533
91538
39772
68227
90649
93252
90219
77927
10827
50803
10704
26287
25509
48417
75927
43476
97071
59965
30152
527
74340
87361
83933
95563
30065
80544
53035
95527
73015
7052
46559
86840
2624
10934
84787
57569
21453
84221
85831
28609
9904
53335
47030
60869
91751
2646
94208
78636
93628
29051
37282
64540
4046
26494
24939
73362
19303
81242
26340
63600
71976
27133
79586
97588
91760
32583
62982
89877
28312
64822
73906
42341
80796
98219
93459
58251
46680
33882
71989
86572
64840
73060
96524
12956
42193
49256
32780
40293
95204
51660
2337
853
96192
60814
18134
19979
44363
32496
39943
7074
81107
62859
59885
67147
2344
17660
63288
93672
67272
24823
72496
6160
97939
89858
87788
17032
4477
43943
60261
86117
7858
12518
73212
44987
53005
5331
77910
82262
20855
33600
94022
3844
6689
81854
10999
6554
6396
76543
30549
55161
76345
30787
79103
42208
90914
65182
15878
77305
38987
54715
71122
41603
17460
96525
18556
2030
43526
49206
9116
85335
33466
24826
84307
84632
49697
60976
88953
81759
38456
19520
38203
75319
75937
43321
60974
68564
94617
35056
54728
35153
93424
62333
42881
47249
26010
15496
45859
69923
1722
29183
916
23948
3751
51461
63926
14883
33446
51465
16503
12929
18617
50519
40200
27044
78796
55844
57490
95090
98078
52979
29007
62769
6749
75196
61231
25957
71391
80739
7659
73755
38888
26415
27266
7181
88162
12067
79262
92345
84129
54974
54158
90784
54031
28828
56521
94426
20910
29838
34954
38205
64947
2893
56821
54643
48966
62772
91799
85449
67495
89129
40251
48267
36433
49657
33255
35476
71593
94382
79348
40141
50185
65276
40055
53801
49614
3660
53290
58524
10867
54730
19790
46050
3272
98087
61888
27962
88777
16863
53666
15517
43402
34849
17928
46992
19969
6000
29118
51884
14066
9752
65832
72576
41950
94246
17018
47213
56709
39897
43123
37497
5576
49023
69927
82829
41708
61041
70284
17861
83713
93192
34242
48335
71582
28388
82563
22001
23969
64938
51263
83609
36460
35217
71740
26331
63571
41871
4331
37445
36390
54186
13290
27646
30979
50507
20880
22781
82094
58866
9939
37817
89035
11908
42513
31883
6002
50470
56923
5808
47493
67112
51605
75476
81575
65350
66733
66704
95630
20357
91295
6509
20548
4892
1540
25224
76572
55390
29550
15337
77306
49780
85884
38725
20551
35679
26089
77100
15276
76804
33077
72204
91553
51949
5537
27208
84038
39117
26749
57546
73079
49592
19977
23214
78120
26646
23340
63318
68418
19719
62146
6861
81050
61025
79967
58560
88418
10905
52756
76325
7603
15633
78363
69727
15762
87091
14941
6751
31524
62443
76295
57689
71533
30150
28347
13495
82309
1789
73011
18568
71961
48715
53870
4123
48842
91802
32166
20523
89569
21591
35152
95715
38310
4086
78688
35749
2267
15286
82898
36559
44929
3943
89539
81494
72822
53930
87679
29556
66534
86602
70295
80330
5933
26951
28231
79716
4885
10770
23589
51188
57537
18422
98405
53914
22661
11315
95709
48018
8239
94115
84909
65862
52205
68639
67493
53218
38498
41471
36448
45784
64976
28700
30369
78094
98075
21837
3405
69011
28692
82647
13086
37332
94293
336
19415
34141
62158
41642
5026
87318
21631
94666
8518
72191
9409
38812
99793
95638
23600
99839
39388
16476
41729
76120
78658
5381
38130
64754
90083
8487
72097
18558
71766
89480
77570
79355
96082
17360
40401
46843
50144
24612
30932
28157
37984
42859
90949
96014
53201
23499
94337
58047
49633
85445
4790
43994
94848
70534
1955
25019
69401
28436
38020
2396
10870
86710
56715
93584
91180
79292
87470
76479
93482
56614
65554
67765
95797
48023
67581
77259
47205
18950
63247
31145
39811
94409
16181
12577
39544
53836
24605
49812
52594
99050
36488
1763
15546
23124
62776
47846
85594
19957
49628
37438
57625
97654
56152
52275
86141
27003
87782
11488
39885
9010
40553
42606
96627
91275
43259
45431
45544
7419
83529
11677
47257
97446
89809
40950
43666
38852
70252
47377
32914
18319
50467
15006
84170
61905
96218
96091
16992
28579
67090
69525
73113
2861
37953
98719
86722
89238
28594
29936
53621
9856
56746
99571
17943
24929
62787
60425
6491
71758
4527
6811
24918
12133
6433
44109
25299
94339
95721
94325
30164
89948
39114
98302
71590
36693
25495
99802
27733
20486
54279
18648
4458
72571
34380
25474
17823
39165
8039
41033
11934
50089
15080
52354
24919
79119
61636
17046
5995
80140
2895
9353
15186
89286
785
79407
18028
35640
92874
81974
42462
65636
43225
31197
96196
34261
30569
98800
43580
29570
48407
71370
56574
22262
16033
58313
1148
25068
40529
21943
85878
33888
38971
90265
64026
92930
49026
82967
94188
9400
36282
21476
54912
57847
32467
59795
53738
92352
26022
37452
46761
45469
66904
66847
81508
1437
78640
46142
64478
94491
96381
47364
91138
32506
62784
52905
2258
65487
72986
49292
26645
1100
35559
21105
2288
38690
45170
28289
16050
68404
89606
47326
47998
50523
78113
16144
52277
55893
95766
77772
95205
62583
69626
2853
78096
95619
32231
64600
52893
91447
49439
10108
12519
59079
24203
18221
57853
99964
13745
34237
58248
65265
43096
79907
55652
60692
57552
59155
50701
24230
32369
14204
24642
554
30788
77839
48577
73813
6968
65781
8690
1589
17493
36235
9063
1110
89660
75598
59220
68292
19798
8140
33044
88180
56408
7727
94805
22439
37962
33005
46485
40374
5919
74429
62831
35571
11359
68242
65027
4028
12102
57319
96331
78672
38976
46024
33750
53613
18205
82028
64197
40122
86371
80063
29015
7671
74766
87709
34952
65960
73305
28780
55274
39231
71188
94281
57946
5870
87153
90896
57933
19264
39312
78899
16962
65280
45219
7416
16831
29191
444
44982
82860
94480
90977
28304
19479
12330
32418
98134
24850
17752
47826
9274
29212
23478
50796
49109
17246
6469
84318
55836
11518
92514
67134
10669
90833
55478
10261
93946
60870
87446
23699
71161
54389
11267
768
98816
82968
52468
1728
87706
2169
80595
37359
83059
14120
3945
33227
21377
40409
10090
88573
25132
74532
38736
24311
90497
54593
6920
15872
49690
90169
70894
82970
4128
38932
5185
60320
6399
80994
27973
71559
56207
9957
67599
86725
19109
21408
41226
22008
16148
75556
52708
68414
58892
38589
46836
29061
92521
37041
79181
23180
9705
2983
31414
51489
38099
68183
58832
91079
74986
530
54445
38179
6282
27992
24253
2400
68171
50698
93800
27408
24161
54862
23425
11253
90165
72076
20787
82980
63957
52123
69947
24979
95014
16615
83515
162
52514
99355
95731
66849
63319
68113
84443
25388
47693
94033
68325
25845
28410
88252
75480
7346
75492
53962
51618
29080
31040
61450
98026
41660
52802
43217
92438
91900
93210
30686
74393
7421
56295
77413
40980
33674
13720
11019
22034
89763
96517
51571
48779
49808
274
12326
16656
67015
77744
45154
34137
94865
65681
31374
4024
63588
2669
73320
1300
89693
84695
91578
28075
76867
15162
52047
54652
63959
33488
65299
51766
85523
2992
90935
97529
31631
47660
63883
32974
28639
71978
221
65197
41443
69686
12099
95222
15751
80390
57840
81914
47819
1035
9975
84124
23012
97763
56412
6773
34515
27277
8885
49746
75248
42230
91254
72370
96644
8220
93694
79807
65319
25482
94438
99412
21198
87978
32585
17404
62197
73288
12905
8032
76069
280
89105
67019
59074
54892
33590
15033
55591
2871
21824
82368
33565
75876
66521
21309
97231
34939
26496
43084
13682
56863
52314
43775
62704
38872
50646
80230
78704
70898
11384
70450
74940
83698
89827
8926
82010
2622
64177
87381
41200
4698
4411
29958
85051
15022
82580
59831
15184
63742
29062
33915
55006
82303
32043
290
28598
95117
77611
82040
37233
26274
1962
89816
99814
69451
44227
75851
74748
55358
97728
56617
43493
60954
49915
74293
49375
59874
43311
55694
35215
78228
69584
46793
37109
97786
73850
8522
75506
61766
92529
66931
71405
62079
73253
42443
45185
64827
60643
35337
65080
28277
26165
95885
95469
39093
87191
66129
83077
36089
9881
73409
29759
99423
4810
34366
70424
41558
48496
94482
35665
60506
34270
49864
67533
58408
85975
25326
60511
93161
35312
76485
2499
91028
59198
33666
38814
88191
8988
89604
30352
25682
33626
99539
19731
26182
14687
41048
62126
42787
64636
57261
72371
80649
46104
1830
26940
71311
13504
47311
57991
17336
7314
97072
56830
68056
99297
93552
36578
65451
45167
97912
14897
38206
11666
30946
32596
23218
24158
81657
73312
63841
73045
25016
6230
4997
33184
48857
61197
50879
98520
294
31291
61918
99632
95045
14340
8499
8537
90032
43430
14380
28474
65869
23707
78394
2722
96526
89910
86429
68486
12866
44293
44998
14275
27463
73231
82935
89182
52870
6687
32833
9805
96591
92844
76045
9962
999
92173
98161
48103
1266
67915
23343
14594
25967
97448
68499
68638
91551
55432
36537
19500
66204
73399
82715
77002
99170
77242
5091
59397
74332
82913
35169
95776
3978
16640
16042
97186
86655
61333
18728
25320
34106
39940
47204
92074
71129
1410
33236
69595
44965
6483
50794
25053
62706
2067
9125
61900
48504
75908
34568
91572
51372
25195
66116
45395
66140
44729
71695
88570
95734
32514
80331
36477
45915
99585
63449
78272
37053
14293
8470
25334
60541
77745
19178
30304
202
23782
56944
30902
27747
65008
50366
93793
3009
91320
41150
7677
22656
53758
32565
16507
98880
41498
17990
95923
15368
87836
57330
5996
19510
12360
82855
21027
77584
25145
62903
23460
90687
42612
26233
37136
78738
61011
69464
80159
67074
38300
89854
98565
65171
37944
25004
9916
6781
3544
90446
76872
77308
75142
2802
37800
88620
43593
32778
92670
6407
9830
34502
53046
9276
64487
51980
66811
69726
30501
93843
89123
49326
12687
26389
33073
7680
56909
23283
75820
7863
66944
17820
53828
17125
27161
18815
17643
75565
43136
14284
60672
40166
92194
16462
50058
14384
57810
35948
52087
56475
6546
36319
21143
25625
34589
17106
67210
34464
27820
93534
9831
33812
68740
6471
34277
60002
63316
59270
20800
71698
36714
3741
45791
33900
90521
37090
22637
29579
26121
95182
99507
23492
27633
26485
2104
78755
42411
48127
80432
50031
78285
26357
93329
84607
2136
42521
12614
99960
78284
74260
10388
29040
49103
23042
3835
74135
60399
70866
63890
67335
49398
88541
73630
37171
86188
8072
3723
54951
29217
47667
66329
24758
11907
4862
93840
70634
18599
18788
48586
35020
50693
79392
67494
40349
14651
75858
77166
5861
74659
13317
10900
52984
59500
99924
98610
49403
39751
21425
63872
61024
28387
20163
83468
30133
91687
34256
84434
13737
52156
88300
20290
47966
14882
30154
72590
36806
71525
38696
3172
32660
37428
489
85054
71079
4966
75065
21337
8425
4713
55638
63749
90262
26743
1186
99831
72215
81463
654
20805
68982
62984
50819
78121
87395
15798
72661
74849
69269
10981
10686
7182
66900
21036
82822
77289
40308
87713
80677
79227
25853
94439
18837
68170
82291
67045
99198
50762
32336
50343
65717
82267
85239
97809
73422
73238
11813
55182
8717
45924
49773
37003
33339
39582
59634
24872
39742
61278
31973
61447
37993
72561
78047
71176
22480
71965
79778
62565
2494
21869
17469
38446
31264
19928
66752
32492
64720
19288
53593
33721
64560
47571
64230
68021
83023
99288
82692
18175
70746
93510
90489
97569
17353
31154
15585
98363
82613
8435
51958
63091
88255
19882
54662
5812
53755
9403
80118
96502
64257
42079
67003
31308
61148
20223
73184
57896
66083
15617
91765
44544
35825
95558
99794
49433
15710
29436
10565
56596
9195
1469
25168
11842
62487
42006
17602
38483
52412
95912
42735
29159
2710
2479
13984
8567
85689
20192
62998
26406
58575
82455
74169
69320
13353
58865
73448
64496
53947
62140
85829
39613
30068
51776
26008
77679
51425
15604
82121
23709
36712
15730
8779
20978
90254
37995
4157
36342
99673
12100
86092
84371
2202
41978
88187
92389
33880
40713
41714
73556
37530
53691
12879
55233
29161
65748
16403
19461
28862
82685
86782
40499
34296
83920
65253
76650
39509
93037
3340
21802
97854
34273
95047
3884
56201
96478
92530
8865
93519
76760
21883
64689
54460
22696
49882
7745
68925
94442
85824
69971
59821
1392
57748
5876
31623
33093
67803
24269
93359
78950
27876
18890
27203
44042
64911
43876
471
940
25011
27560
83294
46009
60922
80877
13531
46118
72213
44327
90994
53450
41116
2667
55623
7387
1244
94114
17393
19597
95074
97036
38537
11183
22569
96513
34229
33457
57223
75849
76757
55997
69203
40160
25669
80888
5616
71597
39704
56705
91515
36416
21200
16749
66893
79593
87481
91948
12605
90472
93209
85910
75489
45392
80894
85625
44215
27705
43406
98289
11963
64327
52212
22728
63610
20574
85843
55776
21188
35517
25284
72970
19942
28838
87542
37518
87205
82296
38064
48377
97119
59134
73995
52295
27045
80208
24655
39089
21601
16553
58644
47439
13714
57325
77578
27486
5746
84236
30690
42577
77132
51865
97441
18717
38471
44701
10937
77177
68875
70305
65770
83016
77924
76843
64295
23737
77144
71805
66285
27702
32938
92335
70737
75803
63675
24179
90926
34484
23117
81197
4840
16449
46735
70485
89044
12066
28655
64983
72641
14259
9472
6025
52913
1332
3936
98511
97662
76735
19994
32430
54955
13897
5667
11845
18978
82131
43058
15980
18632
9997
18065
21308
95647
41979
54374
67326
92400
94002
87479
92925
6960
1043
26718
53571
2826
72250
28991
58182
7123
96818
49573
92183
63015
10823
94479
66364
22203
18735
75737
31465
46018
58959
81776
92027
4833
26720
94303
82441
24226
98874
11304
72624
49321
27913
37622
3675
68684
16225
28548
91161
52195
23420
54181
44299
79703
44767
73345
70273
95390
32433
55197
39264
40568
36033
77465
70318
70853
79708
5418
15094
54369
91818
94697
16063
85370
15672
46069
61527
55737
66340
840
45609
83739
62827
14005
84977
16317
57972
17810
6529
23003
87173
50945
56916
7343
86884
10263
84438
67871
1373
60338
84121
48704
69651
86337
98942
25376
71283
22167
72333
19017
40881
74821
44531
77693
54386
41050
56972
10361
30039
61861
46920
31902
49730
65473
97714
52534
4499
50086
56228
44276
59420
38957
60091
5822
98965
55519
32575
15293
99502
42566
84830
59838
36322
2976
2914
30818
14156
48290
39990
42219
19199
90723
29357
10342
56688
35179
23554
82679
59955
95468
85101
89837
76343
4423
21412
44264
45288
13838
42780
13266
2570
13846
73688
65888
80707
44924
79813
35801
12807
21347
39271
24025
83982
66008
59244
98887
13975
25549
6106
72593
23880
42085
14218
62082
78458
46700
35875
81523
72100
9097
67805
75963
66316
5350
55662
1217
66269
57889
29568
71651
41650
12744
17902
16645
16798
35471
51796
73815
14087
8179
84538
69786
11875
61353
20775
77378
17714
35453
22717
93559
73635
91840
79939
58066
3049
19513
45843
99785
93251
25697
51547
15955
15674
79205
99747
57080
14726
9004
19345
36915
83683
7370
34124
15143
61438
46450
59525
25987
79150
90350
74747
62401
33174
62945
50774
43104
68453
21695
17257
71944
23043
90022
74737
46570
83834
35295
91993
36065
6528
11509
53070
77604
65353
27741
80773
1160
71588
93378
23566
89153
91982
76179
80506
96047
74448
37035
38808
24248
74359
34372
92104
35613
18396
9183
50598
7686
6255
12386
60041
97930
11423
63870
70333
62663
15106
39985
23979
75727
24310
99708
85488
99276
41667
48613
34897
25779
66532
91024
98139
79602
62866
33266
26069
92199
52750
38807
83124
51706
52218
94916
86280
83085
67917
67585
85976
17136
88545
5439
78155
17916
11011
30413
56689
68116
87039
86144
35619
14110
12680
12246
31613
42737
90597
80445
14536
68778
46577
35381
2907
89653
30439
78689
70161
76630
22221
84691
80612
67305
35398
92138
67351
37688
65260
81738
53869
75809
50702
59822
71368
76797
43845
47076
54924
22644
53932
69792
38458
87136
62386
3419
51298
75134
10549
89565
4767
40635
42116
53751
45369
22320
7312
29681
847
45125
74932
55207
82794
74968
72480
84063
91348
58185
11370
50812
3344
30022
63781
22271
43810
89957
60604
65840
25680
40690
80356
63710
482
85667
21653
32449
76788
21526
61033
17385
5708
30781
77514
4640
7622
19008
8394
69877
21392
21478
36822
60933
10240
74443
45068
35015
8655
24882
88114
29320
81169
81314
1050
79397
42976
7191
52300
18001
65721
56558
90385
96999
56416
55964
12171
51330
82472
92069
53414
68472
52366
14047
48393
89457
85937
11287
16770
87170
5760
17611
80922
22537
55619
2505
28761
59028
45552
4703
894
21384
25913
91744
80638
42827
56597
92305
73067
79848
88291
94549
65338
75631
62811
21620
81982
41925
11836
95044
64003
42795
45960
62269
67425
94606
76460
6655
43873
21263
83341
14123
83467
5774
50446
21239
75789
6183
94974
13045
84757
39335
22579
3040
65837
78816
83490
1001
86196
27982
2677
18947
14973
19869
16799
85952
51504
36177
1859
76082
20540
8203
10468
12478
17149
58136
46133
92629
44755
31425
36489
76415
3931
2158
96410
87837
31054
68776
65949
84196
30948
62951
99914
16043
26070
60574
59921
21742
16335
95666
32592
73553
84416
5108
88466
74147
6133
84759
97190
31847
20668
30921
52628
18916
4307
77122
17168
62009
82055
16791
4836
15102
88909
16771
76633
10719
32498
85601
34150
977
67000
97125
48889
24085
94590
60292
21854
80007
251
86836
79712
52079
5410
95511
18690
25466
54547
51378
47895
42644
4176
23693
96021
48987
765
15446
85244
26585
42426
84043
39077
5036
18500
4413
7731
30237
74009
84005
26083
53269
88046
30792
83260
16280
60104
94985
7531
41314
7317
61611
1203
16260
69003
78053
45785
51294
50985
97038
11165
22631
32131
90434
63367
10223
44229
34601
34510
2214
94641
26297
27430
62319
20450
78869
80777
92039
95422
3260
7550
8937
36754
37165
92866
44217
32988
35270
76035
94592
23545
48694
60559
3362
72363
89243
24613
12024
17303
45438
14466
26529
44973
94174
42834
8333
50556
79821
8421
51698
69432
26606
33465
3967
4053
1068
84859
30001
88990
34853
46122
68880
3994
89358
42179
3431
44149
54508
50495
29794
43599
59968
8607
63386
51679
61328
49692
82016
53139
73342
94995
963
37822
80025
66360
50851
85747
6804
7446
16549
89732
75683
82579
73165
66535
405
1471
6054
60970
54590
25329
19764
10392
57168
91399
55878
12410
71863
85496
86904
12831
82075
83005
89639
311
3914
59476
28363
91953
25380
60011
82567
46425
17705
61112
69926
10056
59379
53123
21745
4820
74466
26017
74647
30395
30145
64514
34562
63368
81319
18088
41909
83913
40830
79623
3092
4179
68628
7626
60495
9828
32737
53261
50908
52327
39365
4301
69258
85174
29284
52817
75464
98884
69213
58245
76929
4453
68946
66698
67434
84503
11221
57317
80504
77261
41986
24202
27179
59518
29737
86985
59497
13103
80430
8772
83540
13227
20945
96680
53842
83593
16248
65022
34075
67423
62099
94107
15527
98707
92002
6978
66712
19377
20858
71720
88550
81555
9929
8520
85198
28405
36941
124
83434
49030
27849
31652
41102
36451
76703
1070
70682
28074
90600
25393
5280
56624
17781
7707
48154
99771
50962
92833
94064
51381
4218
6900
89001
19804
37241
33774
15830
46220
64289
83668
36986
41086
78315
40197
38379
875
98693
14124
24243
73555
21707
72597
80221
67397
58354
50975
52475
41720
81145
52783
26768
67709
74653
68857
77342
48137
79793
15149
69913
23200
35429
32929
39611
14810
78374
89701
41557
73232
75528
66854
1805
41157
36792
76458
40767
24082
86435
36884
65569
12268
61685
74445
29845
23734
27285
43115
67535
42996
77922
371
80154
88730
73085
63680
92118
69951
40430
74815
33401
72379
67949
22902
47450
6197
88177
32639
77508
29095
57805
25128
52726
32213
13048
22469
80528
60307
18430
49083
81966
71802
89461
40230
26567
97056
60908
34408
78734
69114
70268
22969
18607
49669
61064
94093
65741
59035
9093
55089
35303
58780
84018
27888
58907
10416
11948
50704
10885
87185
80462
25780
57742
13980
39982
72358
19233
14729
88182
69564
52637
20204
52389
67792
21293
34717
52338
55819
71465
68914
92339
4589
83270
12786
46201
13653
70386
32396
94187
19426
90710
25592
81108
60693
35275
75051
98790
5934
47443
68567
28746
26351
68855
8693
27333
6724
48453
40751
49302
19729
21099
73487
15520
4455
67907
4434
22489
2998
37197
41356
51550
30296
2627
33586
94895
32399
87511
48916
99117
40812
18782
4265
25750
11412
68371
28272
56082
36066
9285
32458
29361
13628
58357
72683
64415
95942
91525
2318
75343
67442
65203
17163
15228
52834
49841
42212
62469
58225
98931
83052
94316
13467
21119
94958
11004
26180
49931
74239
78146
48072
77612
99281
21445
51414
29120
90672
1987
5314
68294
46402
71666
71460
2273
51676
1560
23374
67491
78084
25259
53957
81074
37777
38904
70369
36225
33688
95945
3058
65155
5437
73891
13529
11037
68006
79901
7798
32222
86385
83497
52397
40971
96564
24553
41751
15124
98223
49117
83081
37093
10051
66659
25865
7305
70738
41535
45914
19375
81803
53227
38429
22474
91092
54349
78432
14764
52651
58146
47884
62593
14279
53952
59059
10171
4164
93729
86550
4039
97250
64927
24138
79271
33894
64279
32942
75893
45491
1811
53061
42389
77382
17685
7159
45305
60961
22784
72709
10170
49666
10327
39810
47578
17425
60610
7105
46626
54704
66693
89698
72168
43134
19593
88318
25543
81015
64547
19598
48482
96956
63738
20835
81138
27082
54545
70517
73431
30481
30758
85959
66657
23080
83356
55973
24959
85624
94628
84633
17835
45728
75017
22565
2605
69342
80004
62276
77053
39833
75293
28371
44914
95178
96216
92350
70962
87410
87043
62
72943
17515
80564
99478
74231
89387
61808
88551
17256
72294
43138
67785
36793
99048
75724
33215
10398
7260
9941
59207
7678
74126
34093
83795
20183
76965
64956
57778
11200
16614
53400
56209
69075
19972
3959
58539
91713
92404
9685
62138
34826
5233
79087
89267
86050
81499
94961
59383
27889
88289
19378
72946
36591
34705
9833
11161
5349
36219
59804
19659
51112
7430
41108
1207
39454
68437
88446
52148
18294
26581
56756
36118
81082
91276
43474
64848
85448
61738
39066
53436
34041
83139
55979
16332
5583
76022
38795
98740
37294
51521
76478
54948
53754
29983
73844
59912
47637
97223
8709
8571
67734
67560
41478
89833
54485
92024
64060
63964
23812
38401
50756
88063
20577
16993
6194
88346
54007
46865
79836
28046
55770
60957
44447
74078
21030
66076
23359
7775
56059
52019
59580
1034
84158
64265
60566
65173
47409
34070
76127
409
67299
66482
93214
84514
87041
27514
7819
65847
64123
81394
53642
73393
64174
86489
55454
50121
21423
49395
5069
26060
12682
40000
94169
73853
4490
35088
87313
4471
22382
17948
50272
26487
20126
30737
75988
92666
90056
60588
18053
19358
86830
70715
43442
86359
93387
38783
23058
41136
78695
67013
64365
10380
45535
66763
78953
10722
70764
51310
46827
79290
49045
141
51467
54130
39235
67223
89626
84986
18609
82622
41341
51814
39912
40870
41794
5143
71499
1064
83411
17140
26519
97406
46849
48265
51811
55528
73571
87695
54059
6061
77722
73132
92632
84970
76142
87101
47574
95150
29508
64616
53160
16080
16179
42432
98948
61994
49126
5403
1870
66240
78545
35842
7481
85725
13307
65604
6343
6984
42228
15365
75926
30708
639
72768
37312
43215
57691
98550
31694
7027
2766
5052
13667
73143
97644
61364
22941
696
28886
81150
38422
93369
65916
20129
84110
56998
24750
54843
79186
20069
45909
13850
93589
51348
65859
13200
4869
61676
26961
42655
57432
5273
52438
67988
91366
12753
82799
15317
87237
37546
61655
61103
93756
92007
32426
63051
40244
5572
4308
75102
79651
71706
431
73280
74311
19860
81597
80640
20120
69917
20288
87997
80075
76622
15995
3752
56692
50266
71541
99379
30669
63852
10462
88141
87418
20521
16467
79371
49857
33845
5424
43907
88610
36671
46385
42266
37183
25696
15234
50376
30052
65603
44068
93592
20012
72727
28974
93581
37669
3123
95346
42331
36943
10225
79702
52924
35335
70454
91029
62637
4449
94711
56286
63748
2352
78333
94020
67575
8654
98819
15521
75450
50035
84088
64297
59021
95519
86307
8424
25694
30396
18718
31871
4864
89758
86159
23676
19432
69449
56099
14776
3030
6940
84373
69306
49649
96672
41025
62341
83070
29178
19045
29717
92133
64095
53557
77057
72682
85842
1504
55540
3469
80465
33486
88975
49063
61555
95085
80534
50789
11204
91495
92390
72233
69762
28869
88099
19054
33793
81458
61739
60675
14522
43411
49228
55632
47806
78916
56618
76749
10923
41656
45129
97710
85908
17997
7475
83157
38723
15630
33567
64432
28988
67557
52091
47670
54712
55927
98300
39775
95215
47873
53373
25219
791
20343
19312
20861
22968
47993
8001
11203
41039
73653
81366
16547
35225
72031
47142
83203
35161
22129
72510
75446
73281
8662
31520
58840
37560
8147
5991
62237
16779
98360
27301
61947
48806
74192
42330
47221
55648
14423
68322
86408
64349
43563
49977
62311
52473
90877
10591
76290
89870
6006
37156
24029
5531
11050
53138
25048
24500
40940
40678
70755
69233
40337
22622
54449
73086
26296
89820
5619
24926
109
26806
69123
51678
8710
18432
74304
8901
68042
86374
45003
96933
55338
89913
25298
44653
37767
66808
26989
47321
26285
69952
22084
54767
44803
67676
24589
74681
18569
84433
99211
10463
79017
44711
89115
46544
75238
63205
47483
7806
89550
48695
60778
33961
90178
16392
78587
93477
94516
75334
44045
61281
77049
63733
43906
5169
28880
83907
17146
68918
22497
1575
73683
67433
6007
71529
48025
60934
72944
81519
87914
45334
25254
96759
23990
74773
34048
76979
76969
69049
66561
46572
31337
44064
76029
80260
61845
71999
94322
41232
9443
31318
38281
78716
4612
99151
87815
3519
96391
52592
32242
58374
86893
62420
72471
20535
88000
45545
80573
30840
6578
91547
25402
41769
8374
90544
11782
21790
28393
18436
91234
95523
33462
24050
27135
918
1961
46922
25447
4092
59266
65581
28911
53705
90055
33592
5514
70677
89292
13715
16545
46774
30353
8330
39852
75749
17175
71078
76831
20817
50872
2685
61242
53987
98155
58132
87755
34737
55593
29016
25301
48162
99287
9142
93018
64315
21419
99603
95283
88790
37596
67329
3950
72170
30300
99566
51730
57924
83872
79572
27565
29174
35316
75656
50118
9126
83848
25905
10512
59364
4747
9362
42118
10530
14346
65019
14863
8224
85882
83752
59817
54798
57887
26797
16271
10949
28917
26156
15577
49285
7840
72892
42340
18368
45097
25719
67410
44292
22535
52198
44247
62299
57798
55318
45878
88387
69784
1561
93556
81339
91240
90991
25125
63212
4288
14413
8807
44027
71055
71864
69895
23135
54954
90360
11751
11270
46121
36169
22906
33402
73069
571
83553
29438
66261
97365
73161
69431
22321
36283
18152
14295
58676
95285
99728
65102
32173
42783
35806
41263
34975
5391
40146
81269
91308
53127
2684
11001
83751
18196
57484
58420
83782
75602
10286
84774
94323
72225
42574
44791
97066
63785
59282
62569
16867
95082
83650
47541
66415
18225
68535
88068
27707
48179
97544
10706
33921
55683
73779
10749
4430
39500
95359
91996
88367
17013
6850
45476
80373
93903
31996
235
61174
37338
37395
75934
92270
77694
52131
90475
29218
50824
17859
844
32293
168
71128
42233
39198
93116
57191
46585
51613
43017
62879
52989
16680
38073
46172
12589
83908
73190
63984
11550
30450
49623
86789
69660
40615
74852
81329
29921
6136
32951
75265
91759
20469
39015
90979
25984
83684
62763
40441
63780
99845
30370
53620
11709
68971
21358
52700
4389
50153
27494
69310
39766
74982
95312
83098
4368
94254
26499
38875
12135
97444
8765
5943
45798
80458
40817
53430
97650
50396
68672
29308
82042
1457
7890
66810
37579
55240
45983
81639
70209
99826
89332
97015
95331
62080
7762
26849
89247
74837
7285
99007
78608
52262
47061
93508
73144
13091
2285
14559
21115
38142
47371
15515
89700
50361
79684
5952
45721
26958
746
4955
7348
5659
80623
61241
67659
53231
64948
19092
66224
21833
4094
34098
50539
896
61590
3832
78651
81262
56905
42011
23356
56957
91443
92995
88235
44007
95405
9162
66976
50671
86987
65954
78596
75304
64896
81540
37897
42684
21191
28353
49685
99014
8003
9246
65561
19006
44742
33714
16888
82445
69
87869
88052
33650
40049
19403
87870
90695
55329
8833
59140
65374
88872
88435
17883
53075
47099
10743
52853
51848
74088
84889
35746
54173
25722
905
44355
46781
71586
6530
18440
4165
95842
84790
85701
38640
36349
77171
14970
38185
15142
19469
85673
91517
62042
77737
48431
72
9057
64919
33684
33667
39931
23253
36187
14779
97405
63895
53884
37938
54308
99342
82845
82908
30109
63928
6624
87333
37628
84349
92651
82035
30289
49496
52811
3554
96628
59419
38133
89762
28506
22851
27803
94511
48632
55821
67731
66678
29131
77031
24233
75880
70153
48655
31149
26025
7225
95166
45706
47005
77423
45074
24349
8225
22948
91952
22584
26505
75930
12896
68043
79729
55196
53515
89989
56002
19579
8720
42015
22605
63356
94264
14948
43018
46779
62606
85156
87758
73473
7687
20421
75949
9648
28687
1577
39654
21368
76715
38033
60481
61498
62131
76048
66818
85431
60799
26134
16415
62717
87321
58629
568
34702
23959
26073
9124
54043
66994
1958
90670
31183
906
93397
60358
54077
56050
48870
50802
88199
72810
69836
94074
39129
43312
57496
99295
89144
62915
75369
42022
33204
47468
64404
92054
73237
70197
53033
5839
25029
54096
64354
81076
17973
39001
13592
54472
32083
21602
69331
11184
60088
34283
84407
18344
5787
62235
44203
15140
37008
60865
88971
10038
24695
98715
54930
45401
65117
60544
12983
71369
29995
16529
8414
91117
38314
1317
91596
12338
94602
72164
68063
63453
88645
46936
39461
53501
69665
39349
66383
62949
87847
3530
82535
85640
55692
37299
25646
27342
51827
50347
86758
24131
12934
5660
96708
29505
80295
43639
73317
74183
79062
88896
1916
25945
42604
84123
16995
6914
92464
64764
14457
15165
35541
42949
19175
22544
23360
14428
77576
33919
57140
32254
70825
99266
15222
63887
74310
1876
66288
57475
18898
89580
56199
65126
83445
5049
7832
39399
35696
32717
98492
82053
22654
88273
33153
84500
35985
11931
27927
66768
51420
48243
71390
12705
41335
52627
9606
86896
42506
15994
4456
91998
19676
15426
27062
57851
48253
38759
27792
85955
93111
74420
1903
65457
86091
67768
34806
18133
53574
8708
42686
15134
3719
32146
22651
33452
49024
40902
13029
15484
41315
2732
63641
56065
90359
99600
32308
32641
4711
67368
29406
47766
33107
55753
70003
33001
51120
61710
20202
27407
8070
79865
57058
50216
66128
20810
57746
79264
36655
65323
14188
61137
30691
39614
84313
49885
59417
21851
64054
34820
10006
37798
32158
36577
16444
12313
61005
88654
56339
91604
19913
2507
15623
61175
55579
72731
45829
7719
35383
92986
42944
20733
98327
60128
54149
39686
78946
29437
93822
30435
97872
19338
98629
25082
62947
39058
68722
54957
17059
13422
7254
39381
27784
66380
97023
45645
63511
7695
15889
50694
46575
31121
68440
25867
2132
64401
1212
65841
37886
86972
70683
61651
46413
50805
70587
48118
55430
55415
42042
38982
2618
33287
72381
58941
70339
42287
53545
81995
38221
16597
21973
88646
71101
68507
51214
82060
97485
5294
45124
95116
8588
96449
5480
64954
15
58589
90155
32241
65122
17924
83314
2774
31119
63892
29635
47689
70904
12999
16561
16840
94100
68957
55605
67766
68566
54278
9369
78757
63716
34635
44992
84998
80957
69721
47974
65491
63246
47426
51727
73432
46344
93203
9674
60167
66151
44125
82955
25091
23202
75821
92776
64023
78277
70984
186
55428
59741
34062
9987
22555
22009
11039
9912
74229
32373
18347
5110
92320
1596
61469
48533
81226
63512
20324
7895
19446
73464
46778
15211
64011
53608
75324
43879
80647
39036
10641
73887
52745
22977
91847
10570
7169
9234
17487
46455
70996
67390
74221
99317
13616
99932
16169
71769
51239
11014
57014
76767
12509
1892
79340
15139
75990
16603
79327
500
12157
93285
12568
98555
75805
69838
38336
19261
14800
54379
56823
13815
42720
60415
81204
21947
61540
79670
35466
79648
42872
98962
56233
43862
15122
67770
24493
23614
64979
41009
82185
34803
87559
31287
91939
66589
38437
44032
34979
94656
93008
26466
62084
4625
4332
36767
96271
21911
40407
16000
16114
33857
702
42680
50528
62499
75815
92583
26267
74524
69302
83637
42993
80656
63835
11468
76471
53422
12143
15766
74586
42905
70303
96723
36422
348
41099
57434
33520
8512
88186
78864
75562
56851
14399
49735
87920
41873
32538
91585
43744
24273
93538
32115
69986
11763
68510
52597
96111
97412
78156
98776
87341
40954
14056
67209
86399
73117
67105
29892
84244
95268
53648
64231
77335
50262
29503
68905
6999
51942
71228
33830
55576
62415
19224
23930
31519
74789
2922
59833
90445
46131
91198
38150
49465
2867
59431
46136
48030
26271
16448
73515
76694
41594
27925
35543
15900
94760
63735
65534
94752
44754
52715
27111
59482
3543
34799
37843
32963
79172
10502
37835
12151
72997
95631
44339
50998
54235
84828
3066
40165
43207
35145
51520
18013
56517
87279
51947
18589
31006
94911
20054
33206
18987
95751
14622
81626
52331
3840
35917
35212
46665
2298
76074
38569
46067
89034
26688
26057
64711
51560
11022
22365
1175
77125
80477
18816
32003
56966
46841
59928
70993
75501
38502
11070
86179
44405
82251
61595
83076
70565
4500
16737
73420
46475
99394
49847
56070
33947
6933
2395
24903
8613
98689
50023
28133
47632
9196
55555
30054
94901
92596
79605
68479
4857
78498
90342
22754
21936
22886
98661
60565
71954
32941
89737
75842
72136
75221
90422
542
70365
15097
10391
43982
1133
9559
1413
68211
77271
56012
32230
23960
76532
29081
28769
63948
47669
15431
44422
52746
91929
84721
47702
95474
69700
77661
19892
75539
28458
19496
433
69962
31051
10525
19547
42297
116
29123
22832
10333
25758
44094
20564
70930
75127
52464
6937
33177
61826
60935
88880
86344
87310
70102
23828
84339
87519
10855
28858
33139
1773
61480
13805
3007
61032
66117
68081
89532
50370
53285
13574
45338
2366
67525
8009
74447
13867
20697
45724
86790
45551
83547
95068
25834
85161
26497
76208
86948
18654
7362
16692
99120
78421
9569
73332
53983
9386
20806
2024
95975
82196
79043
65793
71112
26784
42790
17198
81283
29214
7375
97554
87085
53296
83227
26396
76503
9352
68847
24238
13496
19857
74811
88764
8803
8687
34763
83340
14707
7422
80588
62870
22097
86497
84587
33702
69669
79486
78959
20509
63325
1774
50304
65911
37939
85306
91565
18049
83880
11176
4
67593
28034
22389
13804
26082
95237
85735
25476
91883
23819
32839
3432
45955
5607
78071
95353
97550
95931
22511
52099
31817
75260
47420
44964
82464
28408
12085
77558
9258
62917
19157
41632
79367
65388
91485
3484
20116
38523
89528
27708
63131
53976
70081
12497
58843
10155
4621
92636
66061
74345
85758
66444
26927
37694
45106
67926
87146
28777
78283
51162
43778
52855
31390
76161
22800
30580
78556
19341
98335
66346
28396
11678
31251
13610
76584
67068
25022
88662
811
12867
67271
63678
50517
52885
37380
8617
97831
51757
24962
44270
1236
22898
1613
70797
28830
26395
88632
28848
49540
94640
30028
33571
20326
99822
97718
92462
30544
76617
53771
6388
86831
11998
97089
4363
60528
77926
78172
40758
58224
38678
91050
89668
13764
11192
15343
467
76548
13790
70699
30613
31333
94090
98560
434
56319
10181
24377
79374
67135
31163
10727
22214
71444
44207
55059
51090
65048
15647
85474
23764
7125
62301
15263
12430
50140
48896
21098
8230
66758
34388
44024
11689
67162
71216
35496
80516
80993
9430
74334
86076
2764
71950
78500
55700
34991
38227
35719
12431
84583
57247
46457
28278
77670
10372
81712
38666
67542
81676
74938
60006
85197
56067
79237
31172
69875
87632
89554
61725
59710
79344
98857
56829
55350
86272
68154
49789
86697
95771
76094
25071
4709
68396
1190
82689
39374
81855
74013
86243
89924
85217
59177
89988
59744
32382
38217
95893
25218
26300
47915
70177
68682
60300
24301
65775
24266
38308
43099
68871
76351
81683
83518
24101
25281
48149
12083
73076
15666
51155
13581
13676
31882
12613
77184
14192
46732
54773
47960
47946
74415
15299
31313
8508
36048
13225
6659
64571
63136
31900
22139
35081
74279
23286
63394
92020
68255
51986
1118
70731
37925
68631
72160
87289
99760
63484
5707
25109
55806
15760
66087
62273
73016
43503
32303
52351
53276
86101
2783
98036
11524
1483
56106
74071
9654
52646
68543
89171
56322
17689
50191
33181
44925
31514
64893
84973
22586
8114
49374
95428
68296
37163
70208
23328
28247
19895
28462
93239
67440
38516
1879
52335
21413
79465
13837
19004
64309
73552
71650
2433
58430
54426
11092
65422
51665
15840
8108
78774
54725
79493
44557
62507
79765
75252
96330
33314
99841
17429
2278
48324
34471
62887
96600
83351
62579
61836
37484
67028
2972
35629
61417
89688
34603
59622
87447
16801
49297
95506
58428
13432
74046
81852
94897
44725
76365
98826
31113
91479
9804
10528
67911
42108
9620
70134
97126
846
30577
25705
71184
85905
44305
95610
47550
89632
60819
61293
36072
37105
18507
91478
52340
74474
23154
15399
46033
51137
39965
38359
35865
77339
98788
52258
59466
16349
9213
21289
43499
45822
76168
93072
10803
21727
67149
91261
4257
1336
98349
74562
54710
69132
43708
86474
82260
36139
34418
6765
70673
67324
79031
77697
10034
95851
72092
2355
32392
83947
57041
82437
19223
96007
63671
8500
72236
19607
34698
43976
10320
7635
42823
87404
40134
75831
64402
41217
88039
26773
8721
55279
19614
85830
74253
28787
82491
29557
81719
87308
45070
91290
70473
46419
21356
55376
43255
94550
66946
9489
90922
3482
34877
13105
61812
91169
19744
62584
96423
51036
84011
70179
85435
52641
90945
82699
80454
45665
2247
62571
41418
13233
53180
41786
90335
52186
20023
89979
13075
68258
41101
10062
85901
84675
34838
65940
24240
74154
12538
34325
96710
51825
9318
48399
2699
57507
75578
17996
20430
17130
62798
86473
42523
33211
86888
21004
64725
74808
43519
11308
29391
64346
71550
42418
42402
89070
95840
22603
12258
18362
1405
35509
6428
34777
75764
59758
58593
88622
18207
70563
29702
96584
7614
19672
84080
2065
39589
83648
95819
52524
71906
75317
63681
16624
53722
27935
19707
23731
46737
30692
67052
88540
74611
91924
45213
75335
63828
28134
89350
96921
18162
50862
49280
13671
25010
30826
69346
76444
92330
18646
33597
16762
65526
20621
27752
10955
94252
26545
33091
38175
79032
80077
47072
56641
75795
51495
3883
75174
32218
82422
41137
59139
81055
43382
62696
87397
38382
52086
81161
95889
13229
3165
82733
64632
3820
31105
53561
49832
51458
25400
38027
50568
29365
41111
44463
91250
19562
6955
87568
31471
39328
47908
32777
53314
13274
79899
12562
22956
19458
34121
63971
6251
29277
72917
33840
50204
42643
38387
98006
46633
27356
19508
68259
10168
24254
5545
30920
86770
99237
49387
78857
86715
88606
12569
29813
96607
59133
30254
91649
97157
3632
96401
53375
5566
23748
39446
81851
87484
7046
59384
67699
21896
50444
86467
52891
50829
7117
50336
32285
5761
62064
72246
52624
26195
63646
88724
57690
86469
81698
54392
98488
79889
77754
9732
27290
78289
90969
80919
93856
56497
63944
43557
97948
4294
98480
33097
94205
4343
11430
45910
94178
90920
75783
58427
74936
21792
55782
67099
71121
48394
50109
23886
81016
36685
50558
82816
83350
60178
62862
45237
69174
80881
64159
13540
70079
48629
93852
68547
48756
13462
16952
87671
98176
1178
24221
239
72411
36642
14891
90455
73710
75526
41489
7633
5193
70685
51731
3666
68959
21054
27140
92051
42012
18462
53239
52061
29283
309
66424
51540
92677
40856
25820
91148
34474
72724
84811
20256
22725
20447
76416
10747
12199
93175
10340
30852
58537
22853
23865
57789
63162
11949
92563
27196
63188
75320
57620
75338
22152
63897
72463
11393
81957
17233
80226
77353
26623
48797
40090
69975
68738
18212
60133
68482
21959
79099
58535
11787
42131
78928
93973
15419
29758
22345
55431
82626
81500
72909
29395
86187
69751
79453
31478
41658
24245
27811
57135
30096
17558
30732
5654
1195
65763
96382
74382
67481
46321
86026
43961
26580
92568
39048
18078
1778
70171
51488
89382
2084
2521
62858
11581
79578
51694
86228
85075
11292
17496
43568
46549
76963
77557
57510
69191
64708
1202
11650
90261
24945
71858
21932
62785
94003
5060
23000
25253
24314
50518
29553
58274
92508
89974
84831
8194
52565
24694
15758
25807
8741
65896
2937
39847
51098
11337
97300
23025
16318
98284
93939
25510
61674
51350
22285
65650
2274
94626
855
36989
79645
65794
98773
91380
25949
90565
45121
28987
2389
11684
29130
52800
85116
84769
22624
55628
3976
24079
4040
66243
59246
8912
90788
49656
51693
43988
6243
96971
2283
57895
79251
36193
3098
80033
39813
71302
88415
29933
48489
57897
77894
69274
85791
85767
68436
28616
43965
10256
14706
19865
36331
37091
31275
83050
57707
47803
17688
7546
82705
22706
67420
87628
70039
80530
95061
8738
82015
48197
32662
26443
49668
54668
61044
80408
9516
95662
36198
20985
53548
93886
11466
42791
63607
87245
84157
35006
46434
74567
20615
89895
22998
59719
65615
53476
23751
98227
86348
18935
36980
50980
12345
2723
8064
18962
4019
8979
49854
45964
91922
71887
72549
96151
78821
13713
33243
73897
14908
14006
34798
69303
17821
48697
12949
88051
26260
48099
89897
86038
27189
82478
12440
43972
806
86513
36501
77913
46289
17693
95571
99043
21469
22841
73769
67086
10932
41657
74031
63902
31668
57159
44241
76182
41376
75163
1334
22621
5851
48349
73363
5175
580
79823
26377
30887
3265
71683
86004
49074
38334
1842
65666
24599
94236
89723
7050
35432
29139
22029
57069
62259
91419
96938
4287
94304
48481
62622
97795
62272
61523
84801
49434
14795
9761
54928
43977
2453
38545
23128
97628
56124
38101
87056
61473
75366
30837
9548
77141
49472
45037
39309
16670
77803
6598
47486
81004
55047
43449
42678
57449
22723
24689
98818
73468
26295
67654
38224
63452
97323
23337
54348
6926
77183
13438
20883
86375
71936
69904
87637
61878
27462
43618
73812
27951
491
6610
41441
56331
90323
22650
94786
56415
44140
89586
91616
59174
286
62248
87329
47159
86056
65471
62279
65923
45162
53154
89027
57951
9049
40974
32908
84325
3130
18288
35857
66012
23451
61722
8278
99479
49318
96414
26347
61028
57955
41503
47291
84903
53920
99258
95098
69051
48248
55071
7203
21193
46368
64891
11317
65522
58932
75092
54963
63042
53518
79282
89013
96136
74247
99647
17325
5715
17322
47798
7325
49954
40819
24344
27057
93938
8913
40801
17920
16211
45683
4322
66370
88807
98340
51992
83493
47109
47940
17696
64703
44123
59946
15010
16856
59274
71135
90368
36529
12517
46052
97207
40229
74962
53534
26208
40723
53617
76665
71117
99900
63238
96701
2876
30524
54223
96851
14303
4267
88064
32318
27466
63516
56970
69023
89230
60949
58603
29878
31839
70504
35304
26387
81715
11973
78726
33759
38063
95843
41686
29022
59454
90748
70626
59296
59107
9872
86514
2155
94542
99758
39455
7114
87387
75742
94889
24145
20409
54677
24521
87339
37883
18850
79131
2786
51276
80364
4628
4870
16861
96189
79954
58747
84405
69894
84765
44398
58730
32316
75790
36556
75130
7599
70385
16926
21640
66982
13692
75884
94580
63657
42776
17231
12420
38917
18877
33352
22964
30518
70712
27320
9769
46123
56422
39617
43379
90080
28317
14074
89523
54711
99177
69891
60424
63925
90682
50485
77201
57692
66683
48209
42534
48761
37397
79550
36060
64523
52861
98279
91125
55064
8033
72478
21809
40866
90260
78298
33851
26299
2322
44856
99383
2464
95777
24678
51623
21588
33203
10239
47063
95272
33277
97040
29777
34786
5285
48447
55175
78013
65934
40158
72805
15346
48219
28221
78214
66606
87236
59061
30635
81791
24561
4693
87510
63364
63473
48414
49316
48326
44551
99550
93172
30192
83952
73532
52657
73013
27118
22869
62624
1682
97598
74577
51702
71819
34584
55
24272
44874
79441
24595
51972
30769
37910
936
72219
29417
31515
32894
21442
24937
11474
63426
69722
85384
57681
22292
89813
47135
2071
65552
81794
76725
11101
84809
57172
33981
10008
2209
52762
19995
80469
87378
57162
77430
94356
73357
36487
15076
80016
52626
1781
64202
6941
35933
96694
93071
48011
96025
41346
35727
30634
23771
94140
28390
39333
70356
47312
47457
30870
4460
21307
38964
56822
53132
52822
96371
7643
11107
83961
5346
25105
93971
33229
43576
42742
87630
4516
10637
52521
23181
86355
59360
15322
75774
79497
52659
94723
15545
66462
82371
59823
83335
39632
78123
2145
69937
94414
4021
17621
63654
3731
75898
39003
76758
65996
40915
21912
92191
11126
20144
83813
62819
44476
48771
93227
12272
6570
71442
49307
2969
23878
89583
6290
75287
81981
48726
43765
6625
32012
58883
51014
30195
33695
11094
76256
76026
56173
49810
18482
65138
60823
22165
78386
2644
65428
97902
78020
44906
11964
9092
77689
10906
17527
8539
28514
91425
98202
46533
16922
95919
2454
35074
92767
38145
46236
62934
24764
84499
93078
23739
35971
8773
92942
88372
18304
73825
49407
55667
32386
18587
49978
16665
89380
16550
26548
27101
30335
66332
1790
68965
24531
55531
57113
66185
99734
68284
60290
87402
91614
17373
20867
3784
96103
13414
5100
25290
95323
1838
70321
70472
98365
74998
25121
50379
39245
37373
4539
7093
73466
2612
99098
52282
96779
40545
96586
24048
53042
13115
20477
26041
70926
36424
72532
32536
98976
79388
54121
16623
93831
1323
16356
4503
29728
67371
68753
41820
39962
42518
57394
27867
76531
39124
31827
20347
65529
74881
53775
4444
56112
54968
52916
45386
76006
1380
83407
25407
90113
4029
46332
94878
35600
57754
65509
38999
84146
62545
36289
62679
29470
65199
45312
4011
46604
72397
64517
22476
68718
43555
64304
12558
18164
30079
63081
12140
9367
72669
68244
40366
14366
42371
68886
28678
41143
34220
59664
92541
98568
55558
99074
72089
65802
85519
84259
20065
44583
4172
26474
33843
65688
66052
16975
25344
62231
58541
12463
27988
29638
43796
76247
34224
60540
10450
21778
84708
48937
76322
65185
6541
79655
90793
63458
81264
84254
39317
46910
78604
99123
52223
5843
3387
3715
14101
93140
92406
26068
99820
37321
53664
78655
66715
16303
71507
3191
11257
34892
5962
30982
34160
47145
14806
44623
87207
93776
49196
74044
69067
35396
10228
46358
35777
30502
6394
14185
62723
51020
30930
33194
11884
63229
33977
90953
28328
58068
71449
7612
63459
58043
41953
96493
94037
73808
61588
74372
75755
41858
83495
74889
74016
72988
3139
68789
56301
54226
32631
3982
48016
36125
23844
44206
56773
27991
37437
75792
46164
97052
99509
43793
1687
57686
8923
18051
30265
95030
32732
90190
12608
5181
3508
77106
18813
98324
93498
12657
24317
94353
63546
20670
55966
83308
98416
67735
96010
54405
8538
91405
84985
99938
3944
64579
87975
69650
78301
29208
31134
56239
60530
47152
47567
55517
17789
57890
66588
26972
79114
53057
76285
87
73
24090
76995
68873
63931
66330
49501
47955
69628
45682
48233
5266
27770
38191
98073
90474
51861
13614
80470
88892
28573
98701
6549
70897
19537
49557
1179
38088
44307
3203
71492
86360
98086
74756
36345
67541
6482
43949
46690
88061
27008
74353
72660
19985
68397
24106
43737
82804
98669
21994
51071
29946
63867
72535
541
44566
54257
21370
68093
49371
94554
33219
52361
67583
76253
16255
95673
61104
28
30871
70270
71291
37856
45860
58006
93764
23426
12664
84296
65572
35464
82568
42610
59632
86800
96084
45285
43462
998
74720
24250
45701
3141
3143
87868
82666
27731
66972
93455
52333
88385
91413
84199
50344
90404
67744
92414
99310
31591
13420
56307
65747
67479
25420
50883
88627
14322
26441
92234
87275
25023
92315
16103
99388
54503
63811
18965
2535
6759
59601
47848
79863
35095
62676
65754
42755
93741
16029
36970
29945
86775
45997
73459
42285
9121
66489
49486
21372
38599
70068
13150
50013
8535
72916
476
10341
84488
35544
43064
76263
95793
90366
89419
7011
66413
90088
34734
63549
55273
13639
2849
24756
25700
26189
89817
63938
2778
31605
90722
1737
31598
71066
95725
2542
56934
25864
19864
47517
36165
73477
41618
16145
29802
23021
89054
17285
5
50818
25953
73577
99017
91946
78510
57609
9969
96457
68485
73051
57963
80327
75491
93735
25325
65285
60009
68989
28535
2059
51118
61214
46345
59630
40562
57436
33824
32457
19209
34055
23669
23974
67919
61184
59197
58890
13488
40953
17176
32579
13407
38853
40470
92648
45632
12507
14374
24584
11923
31584
47183
5717
79686
44759
7682
31725
67026
34688
58904
87384
62588
91995
25104
54795
72903
91336
54722
13398
9415
37532
64331
92346
43661
94629
98673
87627
99597
62192
97716
87252
97049
48899
48902
4392
90607
50678
49767
90066
26825
49354
57143
5698
32067
87342
94194
53458
50684
71198
11517
67375
68944
35050
80282
80213
8826
1459
1861
43112
60542
47938
11774
85981
25202
15960
15138
99504
30223
76185
59735
96693
66516
58062
24353
7830
74494
78407
31164
89560
6767
18750
70423
69808
22630
25946
49934
1878
20767
86834
53346
73672
798
28833
3736
47389
14286
23298
32998
54535
16783
88792
99318
84683
78464
33380
54565
28976
57866
16753
89075
17341
25639
57554
84929
59015
16054
84663
17296
19912
8878
42844
65460
53424
20046
80635
86250
19709
20953
2406
88970
83251
19773
28615
11596
71000
6883
34518
76464
87129
22627
95175
67782
18315
86661
33982
69915
67650
27625
71694
86302
40583
12283
82975
819
24124
27263
88670
27258
25681
50222
28415
78446
73516
22897
32428
89684
62124
93929
2301
37629
51101
44112
95655
64430
6841
26061
76188
40933
19938
40572
29567
51799
68049
80663
97611
76632
84878
17806
48321
7764
97536
2843
37184
51374
78168
24861
58509
59149
66263
8927
2493
52325
95315
72003
12616
45307
20649
2110
73846
13801
61076
93699
36171
48441
14490
15787
81684
93934
79964
18084
12737
47000
35602
71300
88795
27914
53186
22151
97108
63467
37670
8667
62961
51919
35283
80396
28707
13416
77170
8962
76052
43803
82061
70814
75292
51667
3314
57521
10901
51167
29661
50010
17005
69853
14849
7828
62045
96335
16024
71708
47854
68326
82750
59922
37059
71030
19462
5777
59229
78097
47751
1163
18234
38296
33616
4246
21268
21567
68022
11344
24479
69512
75005
32883
95377
11616
89061
29271
46159
21825
67651
2955
5542
1602
54577
70924
75928
35977
71780
64124
74303
13835
37950
19437
92294
82416
34028
82345
9903
38943
26048
1151
72470
1273
5237
51968
92885
85929
63369
30354
25844
98153
97822
9988
24026
79769
70335
16764
7984
79649
39914
30813
57214
23086
85734
49108
28628
32117
96588
57603
27272
49519
58648
87331
24187
9332
67958
17224
6847
49436
77022
27657
73424
77051
15491
16379
52478
60673
54251
35241
20135
97677
91124
58356
92481
96703
42137
58989
74207
87028
72886
89036
86967
6740
5729
7288
54078
49440
64767
49779
60275
94338
5088
85452
81530
88359
43276
41453
22305
36645
22033
94417
8058
27607
11443
48821
76202
65924
71191
90294
5513
28333
47544
34495
99183
44482
77376
38643
74597
65889
91014
97741
41968
56355
47783
68728
81472
69017
71190
36332
1570
20613
13163
56849
89670
98750
74842
34438
94251
94644
16068
46997
79140
43973
4225
53803
88598
61541
39122
71446
46446
87991
15978
69682
46444
23502
46784
90596
54873
26577
8302
21270
43510
67300
76839
34909
66895
63320
37842
33170
86928
95980
12150
43252
59754
80
21983
1429
1580
58519
10868
57167
76813
44321
75205
43761
75959
25828
42957
26793
31734
60589
32552
89881
91373
86666
67380
74818
44574
36860
61464
85308
41056
48055
67855
50924
27668
38
74136
32906
9470
24157
1248
4033
62306
42707
50596
65281
80328
65765
53546
83866
55965
14701
17439
65152
60891
92984
36511
17269
12611
66961
26091
98562
35114
59473
91990
97565
5390
35272
92913
63510
12306
9936
44658
73398
21960
53403
8286
90463
94873
40452
82961
2349
98712
96035
55838
17319
24650
57985
33605
76234
97470
39486
13454
13872
14370
40193
24206
15804
99439
21589
56267
27730
75730
99634
38220
47833
48735
62547
42211
85119
80787
44651
26226
55653
1265
4672
52736
76183
92879
68571
58578
23201
95278
47
3393
40266
40359
73455
15875
87926
75560
11528
72382
13180
83404
71941
33953
8750
67861
37104
7206
97375
49121
6995
74788
41548
97419
50986
97782
10210
43874
19769
26963
59063
79818
81898
74451
80127
36084
59055
18643
86042
38028
72198
17051
32670
11293
3101
49277
87537
89365
98051
33833
41300
29484
15474
14780
77880
50691
15193
49890
992
86255
39815
34131
96179
77990
12536
58777
91803
98358
25419
60930
31861
50928
84734
44222
69354
36862
64339
16491
15648
92736
40233
63539
21355
20851
97277
81360
39535
75532
42961
72193
63143
22867
4378
460
20673
44867
14927
20321
11568
45563
27355
45921
32445
9134
90524
63810
29538
26239
4717
48379
33240
96078
39615
9431
88447
37250
38839
51633
9179
39989
32478
59880
44377
47009
50864
13725
94225
94315
9788
52878
75747
19810
78940
24900
91552
8315
44502
72442
43808
61782
32621
27556
44173
9971
79067
76191
91356
21806
29242
72927
12225
22935
38091
37927
25747
23295
87297
96138
76800
3063
56511
70946
67077
47307
46609
80984
56791
943
7332
93504
64647
9490
26365
7946
21251
88522
11453
97772
24171
74026
54972
79090
69349
54122
91052
63789
82937
44186
89715
34963
2544
38529
41639
73633
51716
82481
61114
90341
50830
40942
60470
16554
83915
55577
8754
67244
77070
41629
10393
78465
4408
24359
41090
37786
45528
56824
98494
11913
65697
92249
89393
53172
82746
14404
64695
91646
89253
73989
36921
29947
17232
82404
38566
97151
55732
4781
37496
60741
88774
77857
5194
35032
36419
60520
66526
72603
36186
13364
7241
13670
10777
73865
94972
58472
57473
11688
61448
90843
76468
3656
3966
80692
75867
91979
65607
81782
47303
63525
75663
42066
78792
43964
37406
31386
11983
58112
83966
20234
44041
3949
80194
5140
36438
19444
63898
60056
59780
1291
38597
47277
85094
35446
99217
45500
7795
55221
54764
3561
51782
27496
87603
59502
33640
5377
29712
17896
87444
40399
18555
83459
20655
99186
78840
63630
31801
83567
3434
78420
74396
8954
74378
29741
54161
52772
12993
3574
82533
23513
58414
4942
49520
38601
91156
27249
21133
54410
89094
51084
61418
67360
66929
77863
69016
61157
87164
34177
61482
83531
32432
31482
51567
45019
57398
36764
69020
49710
28706
21644
9883
75552
45354
40686
58449
72925
56108
56653
63743
5631
94196
75482
35249
39135
90880
75101
12824
16817
4068
7134
87457
96277
66352
74188
91329
11353
89774
48402
16055
55935
30347
49828
36667
97017
18687
87661
44014
26302
84449
13249
64212
74919
22113
33130
98049
71502
77255
89791
53832
47237
19596
23769
56510
63506
45870
35010
6010
7417
30611
38849
93517
52415
89370
69122
31484
48289
17942
92932
16275
34022
68456
28471
61452
8170
77139
10131
67058
9349
67757
26462
93817
27298
60361
57149
51486
62092
23526
31220
30092
91291
54047
77975
6247
96795
68173
21111
16997
3032
94270
83971
79501
54636
93896
73946
29776
24222
6864
1650
85684
56123
39267
81427
72343
79471
37173
89295
12195
27690
53818
2324
8804
60357
26751
56000
98589
8396
77494
88631
51870
81802
2526
76335
20170
56766
89210
66926
7689
98540
56141
17239
84971
73126
90279
98508
16297
517
9524
53200
12886
14868
96224
41659
69428
78778
54762
97579
31920
8963
14237
3390
29460
48403
2679
93170
39386
53652
12912
65821
87809
66896
659
22225
9682
16483
62219
12394
96994
48556
53456
85207
78710
47789
74727
76768
44034
91584
51620
14805
38367
66498
50825
76448
88489
91971
14870
52666
64787
29282
87769
99410
84085
65120
63252
68531
93028
82921
45434
25968
88869
27165
56819
5860
89474
29820
69172
36717
37861
1904
9428
18686
451
4452
72027
56958
79540
13235
11129
2877
33312
12044
76928
63632
81252
68287
73942
13955
90970
91904
20941
87851
35874
15624
63125
13202
55303
79014
31507
7782
79195
4984
71727
45515
45275
16302
27712
89316
23800
66357
70116
79795
63402
12265
95027
66182
56269
11136
76008
56172
37512
91555
67767
77500
30368
97964
686
6219
52183
67752
7409
10562
64440
27185
29102
63000
70902
53537
76853
10954
23387
51295
31785
13832
49088
80776
96718
37871
13122
26162
2994
47606
9273
98173
69099
78245
77562
51671
83588
56605
18416
24723
53288
88134
21970
42382
82357
31229
37919
27554
91343
29455
89390
92477
45896
98637
25959
87789
15670
73495
50151
5676
74840
54536
61307
78086
39491
16450
30986
64442
79308
72828
83033
52828
23125
95604
63775
15964
25950
85786
87844
53175
89589
67070
31030
54271
99754
33703
55269
36310
60370
78616
73311
84329
43840
15566
32779
78206
93575
38288
46726
62746
52259
37912
9003
70790
21617
13948
59986
71670
1172
61316
12212
3280
46619
88843
12457
12019
47562
77521
4844
60599
85180
99429
3573
49734
6670
88030
40687
43446
24031
99106
4484
214
88374
3060
30045
92869
84027
40376
48096
5084
93579
87074
14616
24426
98123
70291
62616
46330
27513
38620
62222
78691
50576
20754
52088
22790
18620
98716
10746
15341
41479
24004
82744
35024
88275
76493
16589
10741
1502
76970
87374
85025
73225
38187
20247
43324
41890
80811
19239
86552
67395
3886
73953
86640
55260
87534
48147
58360
60858
22234
13311
20047
11041
47096
98126
22575
34433
37316
51335
76205
98569
13924
85015
96474
5675
18590
22828
35478
58469
49466
13114
21674
44635
40722
3105
48404
11599
97243
25684
45208
48502
94520
56474
26356
61178
75812
27445
23652
68901
81023
36858
16496
97177
82
57070
73267
24193
1655
56687
67414
22827
40828
3251
83720
79894
63685
55253
70240
76490
17001
53811
16957
1115
79422
11685
59142
4603
90758
44323
75861
90836
67499
15118
33951
25421
32009
27987
34576
1252
69313
21923
81527
25776
89261
58238
57775
53876
49271
92944
21587
96045
86809
80825
31790
83036
83433
29043
54359
21319
38043
29222
84439
50806
63020
58341
94600
85240
69832
96251
82929
99890
21344
68947
15816
89280
42187
84489
79654
88281
17724
68769
95820
17933
27047
59749
93734
3397
87458
41053
25724
35154
44510
60392
97065
99699
52536
5200
67313
48693
58808
65193
57421
92548
80753
12975
11015
56548
10614
62115
49176
3702
88098
55353
18959
7621
74264
26085
90681
74861
59361
69655
57565
70977
51358
74281
51312
81406
50257
36966
76437
35347
71289
58704
87227
55499
97722
52616
94262
27916
66970
24552
53672
81629
24078
31578
42202
58694
66317
88858
28175
19699
79074
58394
93216
4450
66820
61277
67480
11586
78422
97340
67682
48351
18832
292
24022
63647
33253
90594
84248
46852
61238
82730
26283
1852
30896
79321
19675
95538
88309
67549
6335
54184
28923
89385
97581
57305
68356
42809
78900
90961
69270
3263
39046
37821
79287
19034
96113
72123
67124
20374
81254
76152
69305
87948
73289
33471
16795
44691
85567
65413
8052
81068
89417
2270
80053
45266
52160
68339
99544
32341
45372
32907
91743
42750
98579
2851
2090
55991
76357
39112
27882
47864
87002
14881
88399
711
42336
16041
98167
55051
42620
30104
82628
87576
23409
47629
33160
9312
79421
49315
66345
16236
82675
80953
76789
22814
95553
66779
64250
74043
66996
68038
79047
1093
33754
59320
20315
12473
33295
28778
84402
48914
28679
49101
71448
43956
6944
31199
85866
43177
66682
18824
59359
15855
39795
32351
14560
73082
44624
94135
83083
71418
63620
13399
55144
51462
99456
7987
85662
80852
97318
67260
2282
45835
89600
11399
36469
21642
25604
55931
58440
8074
77605
15024
30759
2911
32221
42925
35819
28020
39415
14151
23155
17367
63264
57083
53397
77449
64004
16172
86522
87234
97302
45290
11085
33329
30614
4874
35869
20274
27674
51004
34766
28298
85949
21948
83828
8578
62432
75540
10644
14323
63847
9103
2120
69725
47917
55551
41343
52407
61646
37100
62756
94875
44410
42200
53150
57269
27534
13064
28188
67405
8061
96634
19163
58766
30791
14544
98091
88222
63352
19817
17675
73490
85
85672
2009
27654
24252
91214
4348
82998
74854
93254
64490
69504
93348
35427
17214
16010
59832
70152
78183
53166
92260
10088
59533
39339
61509
3819
81701
85879
52220
16022
29597
38388
30149
83506
60794
25001
71831
3952
43456
46238
62535
42763
2552
78997
33478
96308
82849
77359
15100
51681
96202
73462
12147
62722
86465
30593
5724
42035
44962
67040
32676
44814
82114
18484
13253
19645
1042
38539
4575
14300
3578
59520
24427
51565
81172
31338
3433
81281
54726
59915
12802
82743
55293
92239
24159
66391
20852
29818
73570
16278
93977
70869
9405
89781
78199
67206
82612
35033
58558
94430
47254
43504
76530
8320
38140
35738
35417
18433
11966
84543
23863
42348
10193
79273
98811
2725
92484
6784
70211
48521
7371
22420
51509
74434
15391
88436
7310
78216
83217
14081
14485
78708
42843
75225
23473
3181
57142
94828
13157
98743
32489
43957
56956
44947
26661
29801
20795
55864
81711
93429
49428
72490
43173
74388
11771
86020
4350
46597
34544
72847
91933
56543
45976
55509
24969
83344
28060
83970
59365
41105
98217
3928
51207
72380
24019
85548
61934
76050
18112
10761
76984
26907
79156
90373
83288
51351
51399
73572
84396
35266
89997
72058
57786
54207
3608
37043
52598
13672
29351
96673
87460
23539
39829
77485
57047
30327
39029
37411
9702
35799
64239
45159
88576
12992
29413
21094
17369
53533
58092
7937
93048
52034
743
64267
33528
87380
58323
84302
37566
3044
53891
63746
36960
32812
24567
21018
31603
8676
59939
39262
75440
23324
54793
99541
33263
26734
35379
1665
39242
36788
90340
42533
97145
85274
45283
62626
38306
2678
1513
28466
23192
28303
82720
16551
23955
87662
31159
1588
15221
43162
89847
44162
60161
39586
33422
93568
68950
51259
40968
67997
54602
87659
90349
30184
77338
35125
99980
27937
23775
11233
12285
47594
54142
40070
72465
36899
11080
52850
39551
37331
33858
10289
66845
84496
83814
16708
41022
2818
51536
60674
40787
59598
88817
71312
10152
5940
54846
85380
17731
44333
50141
6792
63412
33476
29585
32126
54543
34841
38432
91628
54188
81155
39364
92770
96175
58158
85596
11806
34385
9594
96140
50090
68080
58103
97222
52247
41027
37908
11043
52758
9108
84647
49445
51889
81790
10689
1949
15483
30849
5004
18169
49942
76410
2164
72115
36552
15384
73350
98699
57710
94645
67293
29489
97435
4016
67332
17776
11433
64352
84034
15329
19056
83426
89006
99434
98344
28489
62720
83694
4684
51821
92977
81349
81110
51815
34284
86500
27656
86529
38000
52642
43520
53834
77393
46745
32679
65758
44859
78260
27499
52757
95065
30661
69635
67652
51904
46013
67974
83026
80606
69607
3099
70148
9306
89711
25008
59753
4312
53970
48358
86639
10865
44986
48499
43903
77885
79495
20637
13505
55310
21928
58268
89216
76795
53680
72814
48140
98620
2363
69698
80090
4902
37413
16118
36643
33198
75543
94256
72386
59796
31919
81029
21492
13762
71749
84812
48198
85856
50648
53809
9826
88754
53695
74675
64860
4102
90503
77549
11332
72607
79903
37213
87437
86116
69329
79885
74295
44542
1086
54893
25196
44438
20751
90498
78068
51052
21151
74066
55559
47856
52992
69646
51640
59392
9236
70111
33862
17293
87583
75353
54651
60012
19474
78111
62149
14750
73607
83004
20103
35265
30903
82049
45025
12971
20080
68849
69151
2414
95881
14167
14063
22892
2299
48187
36721
44234
5866
59591
95897
73417
32763
14336
35116
70548
31302
84943
67890
10231
67660
21053
38837
19671
1957
52348
51844
46596
11081
75665
82173
37320
8004
97043
60377
56484
78481
27574
78025
35063
57807
3443
34995
87420
31843
85518
25709
18246
75850
78475
89397
24591
12594
1909
93237
17746
92956
38608
54656
77240
62700
58186
97169
71729
25151
20400
85085
77159
86973
14676
96565
75124
59624
89482
15929
93621
86667
2825
65508
45190
90428
47890
37954
77247
30363
82052
57588
9920
60233
18256
49455
43302
61572
10086
33101
66472
76504
22833
55191
88369
22904
5055
35999
21782
19792
44265
37557
24497
73729
51132
96630
39526
43309
95953
47411
34223
22011
51347
91004
72679
62210
84465
9436
34880
2517
92628
73823
83421
9210
25671
66766
1663
67295
47609
15912
97490
15652
71671
89406
16983
2304
69414
92533
38338
38897
65349
83402
14907
36869
90776
22276
75016
81318
2610
19967
49222
29144
33046
69955
41383
6158
19974
88444
65664
48580
18262
19187
33301
81170
67007
84892
48451
50750
51728
25245
11760
26016
32464
70096
44080
9855
65890
68389
12900
65459
79476
82377
41570
60040
8762
87573
24403
22282
2233
52584
81654
38803
49137
14745
31633
39928
1358
70796
27875
49709
40736
48548
22689
58794
67441
63204
10027
59156
46612
62383
15236
10593
43075
76456
43833
18966
61192
94570
77298
81673
81695
10351
99989
44870
29825
99008
16755
95490
75575
38378
68827
8254
3266
23028
54982
21501
65536
9159
81216
45433
44187
8873
34363
21265
80971
94787
81037
9744
90354
53039
90120
25784
49482
82150
13976
65209
21090
51826
65804
35277
18170
85770
85044
34313
75916
12206
67036
25818
25489
43587
96616
52606
59023
52111
8536
29842
14846
28809
51914
15641
14217
74174
95792
99776
56470
81272
38869
89697
86470
94272
8098
61862
97346
25252
8640
75303
15706
43327
89703
74514
81733
30330
64624
63707
47169
88661
94162
63967
6126
34467
82798
32903
38059
96180
32331
5420
19690
12018
55302
24490
66962
44747
3454
88246
89555
46567
95457
10175
13920
29004
74050
23257
82511
40527
45085
74528
80022
89958
66529
35905
76116
46280
91051
43739
31754
62029
97877
91738
20180
77915
67696
39105
27669
84147
25649
89441
62599
69664
15381
74027
58551
57801
97285
94103
42439
32185
800
87718
86533
16241
82275
44675
72647
31070
22715
37915
5538
30378
50129
41034
97800
69954
57769
53379
43139
10275
8652
98293
16740
88414
86543
35040
59678
47731
73600
10606
8950
93907
38172
28249
14132
78907
66797
33547
29356
9647
35781
30341
99482
7304
66227
33096
5144
37878
91331
77102
70994
24858
39416
16438
93360
35564
36093
88401
96053
67473
11803
87503
73537
73927
83132
59602
81336
1883
57011
56013
7228
11887
83249
87315
58395
75613
7610
73558
90866
54327
41707
65239
54506
11072
13892
14471
360
69518
73879
87864
88201
43553
70913
83561
95403
23264
95033
7108
34107
99579
94596
51798
97934
27117
8045
67565
66649
8783
70516
90196
95586
28311
92638
89155
18137
11925
19198
30360
58222
65713
2558
64010
90180
10628
17516
65825
13168
90780
47994
69563
61683
44090
85857
16036
10563
61709
2675
1794
30960
21213
51050
80098
64166
48769
59826
66860
17417
93687
76739
62774
15881
7473
8453
28218
42353
77189
38298
14890
11651
52392
41420
14093
22809
97846
46668
19879
13512
63773
51194
85845
25403
39159
51950
76315
37522
77566
96549
90856
3312
22842
35025
41948
11607
26240
48215
49715
5291
69545
72329
78611
70229
86022
20408
23331
68457
11922
62786
48295
20750
35949
73220
95770
83367
65777
5609
71620
16127
91675
7928
90938
82268
81829
27714
10323
13366
56092
41768
62660
39899
71167
66899
97959
61783
88113
84081
85416
65267
43550
89050
42508
45748
40596
99401
3298
90344
88871
7670
7891
37548
80998
49958
29552
21752
16387
58948
79385
50814
22501
99273
98958
55566
35724
26139
97522
11482
37284
92592
25503
39297
5794
77565
51453
36532
19519
18842
983
15759
41510
40036
43670
65608
80552
78226
39340
65908
71034
88744
66002
315
50616
71469
70590
64132
11804
58419
63803
47119
99316
69885
68907
99716
74267
24880
91796
41508
31724
29940
741
94713
48338
89513
39070
7544
49213
44504
76131
74172
85614
56765
69748
82068
24259
55565
46520
9388
67787
90965
98955
96024
25357
11405
27458
50755
37801
53535
34968
47400
35035
751
6524
18490
77946
33448
56009
32349
11328
93880
30077
41915
86778
50427
25214
39514
13118
15511
62217
28914
87707
30645
40267
13054
81665
62088
82225
21606
72735
59183
94058
16950
10202
45119
64028
47484
99293
57829
64623
9504
43202
4314
13900
33157
33322
75996
43386
38861
14982
88088
21866
2119
49740
33048
79687
40361
94360
66126
64593
36247
12288
37916
63589
19845
24782
4821
52977
76124
63405
29050
81599
18668
73154
98225
47180
47388
16664
19987
36314
89767
86733
70950
69360
16334
28402
59511
50666
49859
37809
32730
5640
15413
42163
23860
86854
68016
5242
78256
7514
56967
17220
37574
78388
48123
49577
73962
25321
31620
53401
95583
67880
4122
4083
33286
81881
68344
67556
78679
63218
15042
83325
82892
68603
19955
12328
59072
65208
8506
41779
73666
30043
51083
72884
30562
79155
78645
43079
88625
74500
91528
49575
8986
99948
47207
31077
4298
64973
78197
6370
98111
90802
60727
8182
44388
84010
55752
42899
86696
24676
39469
14531
86097
7972
36351
64492
15203
33631
53708
61753
93442
63886
36079
7790
16219
7264
34522
93121
92593
5718
9091
89821
89221
95445
72352
62781
84946
79036
87502
31236
45931
71616
59339
51828
1705
55912
94668
29631
86181
52480
38299
91033
51169
94209
60171
56568
43069
55290
97238
59330
63834
35416
4513
52743
26504
69021
71365
34758
98972
71115
59427
98099
50079
99459
39233
40813
50675
84376
15463
4063
63988
58421
74927
11539
47614
59554
71946
14997
78818
47861
59862
61929
95464
33920
20474
58735
48108
37988
15769
10458
20241
92472
64751
6338
88166
40984
28982
26214
40927
15479
12689
80078
83141
90786
68652
89914
69225
8956
57660
93423
59230
43488
76475
28650
33108
53478
18625
68085
71325
7843
26501
59333
5323
18393
41268
67304
15953
54542
6911
75834
52486
51598
20168
1941
41812
32423
16816
12843
29514
91669
18748
59367
32304
65963
64116
54958
59981
7489
75434
8116
84070
88750
37015
27879
87763
32844
72958
94326
86105
9656
67382
26943
70188
79752
86576
76078
48893
26862
74198
9510
76126
81218
11123
95096
6987
40966
21424
89422
25343
231
2891
36675
94212
82214
58256
86083
18525
46927
30520
41339
59835
9587
13056
62305
46034
21687
81962
77824
38978
94576
28997
38362
84490
60075
51339
93773
66313
71249
85318
26159
94051
64210
2837
88998
55203
82992
22227
27979
22026
31865
33690
93849
74717
2465
18420
21130
6035
65309
18424
98656
72905
99726
99254
45227
77357
29457
26188
17678
70619
83394
23211
69004
27842
43344
44402
74413
94387
94434
43871
41593
43544
98906
21114
26201
16078
84621
32389
56633
84794
21812
68618
50163
7166
16175
9059
59827
37816
94239
68387
65500
44296
18546
16836
44917
19116
52996
58659
16453
97103
54817
25971
25883
30118
62030
29666
40346
32400
91203
58898
20270
93090
31893
94286
23505
90207
63034
49177
58598
85487
88204
59470
27015
3527
37823
21518
63061
48800
82259
19890
10873
30486
14228
71343
23988
74896
57965
61511
39816
62914
1620
20510
72319
72524
22545
35860
26840
97982
5889
3853
32220
3759
62692
62024
63040
69419
72056
96011
12733
78988
97632
63251
27678
24546
61869
744
30012
63836
42838
52895
35551
35378
33131
70961
66268
78750
68300
30782
51715
2368
86832
96380
38568
70449
33209
48386
21341
83226
15981
82315
1824
67991
8529
80514
58608
81208
68427
80622
76027
5425
230
86283
19262
52733
29463
1831
81245
59950
43098
9215
80217
85675
87768
55486
50402
32497
32669
17483
11585
73861
21711
47621
6686
24815
86890
64994
45707
7842
30366
22211
12848
64458
56357
53316
79554
9491
14581
21138
79888
7770
64223
45759
89675
91263
26447
11402
14244
79202
82781
94007
94289
55924
17706
10942
69629
71435
51622
10526
54210
68576
66389
13593
56660
74674
61424
89563
73300
46933
44972
85792
41257
14988
31551
65838
58283
6201
22552
90321
9729
64621
54272
91048
26555
10535
83916
48926
85296
85844
47950
35992
10977
98577
85632
46941
90831
68105
59385
95291
90490
4787
99187
22101
15009
59569
51428
34218
7948
27451
85378
59578
39390
36840
56732
52723
35775
44771
55025
45389
72323
94045
95286
13649
32375
90962
93941
97272
55466
95592
63418
70191
21346
20593
14815
96431
52054
48960
2523
25086
49173
55906
96415
72848
649
52326
43289
74483
18271
68660
11799
81020
33119
77458
83612
21624
52023
23597
32289
61624
38424
6808
7361
76354
7410
65014
12813
94388
34846
80136
93084
501
4379
6574
75844
26762
69246
69491
66787
71772
81280
88538
8585
4761
26203
17019
42074
98037
72836
91629
24761
24093
2583
49251
35770
2292
16097
82630
62668
37766
60165
14459
11557
51532
76978
89132
57034
51722
87220
35492
94040
35167
30350
86455
66442
22944
62549
75659
35851
78057
81139
92206
44516
11487
33274
2135
8591
21421
24967
28757
64809
43482
8763
71366
38580
62354
29663
93798
34343
56436
17919
97727
96566
68087
16185
88132
15054
46242
85663
20902
38726
84127
80091
61650
68515
35430
1279
5725
63191
16237
15507
15449
53265
31496
17536
88034
61733
2445
94799
19495
64337
24943
3300
94227
13357
42113
22277
36305
76856
59645
62095
89437
63866
17857
58753
72202
94803
2781
68118
40460
31128
97051
70666
42564
24733
37735
91297
56338
44734
7376
7577
77303
21658
7287
93499
49969
1523
11768
61243
39261
72942
30416
62595
89489
96207
64055
37873
90679
97821
22462
39283
70036
5259
23364
46658
76305
93580
25241
94233
61906
11465
26132
11630
16150
90143
52254
8454
66060
96470
57215
14484
63469
50175
98024
80046
12643
72126
82691
46918
24990
2327
89868
32643
14503
20740
15886
9888
63410
93395
82498
40501
576
95410
2
33973
78749
21693
6348
58163
14831
55451
75672
78364
57611
97096
12550
80756
52243
6846
95867
13321
75186
17196
41606
44782
66500
93536
13119
87168
34677
98702
54591
9393
72923
37592
98641
266
43245
38864
33418
72030
59845
20566
30005
687
23804
73276
95324
30741
50028
30234
72529
43432
2266
51446
43754
21861
32516
97679
28195
74609
80378
96714
57516
86332
5951
53049
29150
80610
11386
95183
97107
50083
41154
93248
8065
99870
14225
14334
27310
98690
87716
97954
78485
72881
97342
97509
12543
92538
81742
42247
4600
35048
41987
57698
92700
31498
21126
97988
96928
34523
13743
23723
33387
11772
2897
1579
12505
5606
51003
17828
55992
58131
97085
41710
55698
80412
44456
95711
87863
12714
77630
44731
33290
39327
86741
16829
99671
93954
40537
67608
86014
67550
22063
66318
69916
12209
60321
22775
80769
65965
33853
14305
49720
56968
25459
74414
64356
30790
4357
92805
80664
79506
79597
62814
6451
90058
939
91381
86687
19234
90566
16735
67963
61919
55396
79928
40639
65009
90948
82279
87619
70253
10160
118
63644
91244
60902
47228
2317
68422
63174
82684
59722
7428
44564
87494
59623
87337
40595
58860
61131
68052
12634
68429
72344
73575
30772
76682
19807
22159
67953
71583
76409
19272
93991
23252
23089
82806
16668
88338
81456
58671
71
77104
78883
31050
84818
75074
8983
71384
66958
94983
40792
41164
90772
54425
72154
15729
3358
52386
74549
5525
21440
61240
38120
51480
6329
33023
23273
22819
99461
84083
46876
87873
68488
47045
57816
19070
31649
31106
1098
84213
30170
19149
76829
47931
32703
19216
45383
69763
79297
13271
28062
47585
26614
22876
57960
96854
39642
12683
95328
83524
83989
21044
1871
50393
66627
14841
12368
3782
96142
56544
65673
66839
52296
39266
71018
49601
87019
61493
252
75810
7976
65073
73883
77504
1536
95186
84071
22125
23808
90001
56437
54265
77559
47485
51116
15034
49309
64794
40446
7467
12241
95920
4987
54063
14282
56104
22118
70670
86695
65308
5347
43839
2724
80872
41199
73967
11915
23544
44255
62180
15927
3163
79413
89928
84303
43307
87798
65778
91340
1225
60938
94892
31481
40097
56634
73418
200
90506
1297
96785
33566
39318
12994
69662
90530
18613
20232
27768
6534
97021
87358
83826
67815
34476
53372
12890
46281
1757
76039
27005
15157
21240
25783
28640
60124
95617
62992
89379
31307
34910
41778
79022
9591
28576
31856
2791
14138
85695
4300
32667
66418
38356
13972
66020
78437
83760
92982
24683
78810
58072
60085
45832
54510
68425
28818
82362
41255
53278
60111
29632
65357
34001
35195
69009
24152
25373
7075
7950
25440
45155
58838
32135
42497
17300
90053
49906
99126
72196
42581
71286
50435
32715
31417
32148
21080
22820
67488
32415
74363
69546
68463
27144
90732
9009
47378
9178
27048
65762
64676
12086
31632
30245
99529
86686
95726
40458
80741
39934
92371
52206
2205
69103
6091
92394
29611
60310
89140
75720
27070
14557
33099
63888
74096
91332
17605
28003
94513
45710
7132
41912
46584
32650
31447
35026
37587
15194
8087
85046
88803
64403
21141
15231
20715
17816
58542
73638
80012
44489
43160
68696
21367
27453
57751
21787
64228
43388
58311
39763
92040
45360
51445
1352
56743
560
36994
20038
20923
47912
32261
43656
97245
62460
51885
95737
36622
17895
10369
1858
41581
41845
84461
26013
61517
6212
79219
87475
20627
91591
76680
58508
5203
54424
86487
43705
60350
30734
81052
18104
46497
6718
27798
1506
7627
16525
62451
56656
93920
57445
70288
22115
28662
41920
23439
95866
35705
26094
39511
15843
18438
18753
80351
84888
62886
84216
3201
61440
77961
88518
25078
92231
14613
39185
68960
38380
26541
41675
6278
67163
74362
30124
390
34236
43184
15233
39453
2512
23873
98969
94365
15985
19982
11617
99517
27721
1766
99868
30183
76859
70912
77307
98255
13938
15790
26930
14057
76613
64795
63979
8030
68889
78856
39727
85401
5918
66557
43561
69240
49849
18964
4502
33299
48003
68552
47734
41131
25444
50670
36479
75113
62806
83911
15400
35407
5224
84015
58813
89596
19270
77420
39484
8768
57053
59438
75843
79565
30397
70627
61127
79872
46292
80999
26039
30088
13377
56588
56148
80742
75095
92503
43978
82621
50689
60623
60549
22829
52931
84547
14600
18564
58381
59851
98846
51838
21312
48202
36512
59428
55468
80925
64077
75398
72783
58769
34272
35896
87190
19784
9536
42896
35561
78739
92664
22562
40220
40869
41146
90867
1677
26231
1486
39823
59755
15012
71434
76438
75887
15928
40038
21719
31755
84578
14658
54847
19564
71662
93775
12987
61922
15371
82683
24936
26248
58219
51475
68148
52906
1616
7373
12091
81543
49218
44250
24791
21006
35936
21965
40613
51473
74000
39900
10711
10313
10409
80174
72932
62630
11946
48239
47921
76624
48228
32706
77682
74948
98351
62161
77892
40069
46765
47092
47505
40306
91617
95010
75968
95100
52020
8434
50792
71501
29569
6648
96398
39951
15750
65147
90730
72057
40380
94367
39884
49620
43647
36154
35515
70388
73916
24602
79902
97719
77972
25478
56198
18614
30405
28957
75830
68410
98119
49788
11400
98644
5885
52110
34497
41044
66668
33968
65393
24150
22353
27978
91869
42488
73898
31284
42623
23366
46471
72270
48690
55369
83268
89937
43287
21455
75351
18858
36614
17184
19064
36099
30851
20549
99246
65575
64721
87221
42245
90567
54653
96859
75605
42290
20063
99299
16618
7309
14373
76371
69083
34111
7491
78503
45720
98792
31819
47686
45517
23288
65040
13108
15174
68411
74688
29563
84690
27840
61809
87485
40912
88262
78974
17167
83974
86813
80499
58857
84103
92856
60295
29434
72554
20622
9680
29355
14836
8151
14245
87167
98772
97640
39006
70581
9821
23186
10215
21511
24517
32840
32933
91651
84209
8898
26278
61451
83841
64211
48401
58736
86682
11672
88948
96926
30673
99085
38683
47658
41460
5484
34086
83984
48085
35019
83882
23567
82300
84393
70121
64102
28284
1684
2075
29184
30662
32783
4777
22327
66057
88250
9481
82790
10487
60664
96105
14191
68069
93985
15919
8076
50428
70578
71354
12777
58839
46743
63053
11313
25673
88473
63954
25367
5862
25615
64796
28261
95255
30415
17962
36977
25051
34307
98404
64363
14400
79446
98203
27559
69057
26709
85282
51816
16687
68692
95127
42851
56358
19105
11227
30861
14998
32372
27051
99414
79966
85476
31854
62855
20865
1428
19325
12336
93999
11131
28367
74265
69495
15708
53326
91851
61830
97418
92314
69373
97887
5398
50416
18520
67285
52050
12334
67795
3915
75946
11195
74423
84023
44528
68190
75376
3182
31415
67710
92559
77168
66908
55453
62991
27897
65251
36190
45337
29834
18192
44056
27468
7879
3307
54733
87618
28255
47936
98171
29708
26221
90894
52643
96878
59541
44345
549
84875
52286
53232
23685
87711
78834
29807
23604
62051
26269
10798
9503
28013
85102
16220
43165
48135
48643
80161
61056
16095
6330
12327
30821
57455
98584
73788
36775
12227
86645
9667
57640
99935
10425
76923
32273
41805
2527
12492
29198
97501
88045
20476
899
14042
92979
40358
18402
29994
26358
98414
22016
35795
20788
5441
41898
16252
59342
38001
13565
15456
36286
4361
90642
23431
94704
27958
1348
87020
5844
81447
8376
81440
19830
91436
73471
6682
85477
95935
12130
78568
94874
14744
3031
34634
66439
70300
37486
65464
84730
94856
64320
14965
27795
73191
79097
37078
92838
79278
56613
90541
35285
94898
4125
21228
91181
2386
69371
53056
83154
25470
14258
73938
50601
71763
63942
59943
78961
17596
40222
28980
52445
45963
81607
75763
78312
91508
80864
4815
5089
605
87345
89658
3004
6877
8000
45273
3025
6782
7055
62100
91067
42106
57042
26373
448
19647
72284
55575
62230
15035
34094
77957
24658
90212
30952
97672
65703
21701
40847
17338
61317
37892
54799
95232
64190
78194
77373
88747
92241
68364
79946
21533
28065
58373
82356
2215
48804
958
16184
30801
49689
4843
44474
51321
52265
67844
34088
78264
33521
31420
55285
75006
64180
31125
76472
49248
63082
96828
40668
79736
5128
51768
20823
75275
25158
31806
70514
47198
9374
26791
71356
69718
54411
91822
63373
90231
34458
30089
44002
81868
99997
60897
21295
64980
94864
23697
76941
66650
25159
30799
40827
62413
96464
30433
53295
89601
33607
40042
85978
42017
7922
81423
17547
72456
90705
53928
52042
96752
63497
84122
44004
35881
90868
34345
97249
66431
24946
37980
73866
61248
95994
40072
12678
79368
4837
48189
70828
94222
8121
21528
59670
37050
94631
1077
26320
22448
66146
87066
79785
19829
91481
98882
94041
44379
70671
4971
58281
86867
7436
62764
89764
81894
126
26004
69694
57602
35913
52716
16199
91186
95361
81992
6245
41996
17851
52006
56997
78190
54516
75644
72445
27325
11111
69446
69094
55471
15701
96256
33955
6465
31697
7486
11929
95977
79243
21916
79406
86124
68241
84284
75412
45322
68620
82510
29705
12118
59970
38761
93590
44961
44465
70221
74105
97975
30633
63380
80498
94924
37504
41796
92196
43205
75634
78348
76174
18999
86847
207
94829
18143
90071
7148
86147
48551
68916
95281
50410
43707
9947
85441
2595
21596
39347
19557
69998
25800
45351
87818
37602
74478
24992
74460
80879
49266
63357
76992
9723
25906
77409
47495
10442
25390
57278
58999
56876
42053
95393
54023
14449
60969
95719
43345
2593
56481
84166
22338
93497
75170
13792
96967
84478
33109
51205
74144
83336
96888
35548
79672
91493
86077
76921
767
71522
63272
2866
68690
2302
50245
81691
60746
94189
84387
95357
16672
48170
98758
26190
39980
20686
98322
68140
52467
36092
28451
39999
14817
64307
52493
17812
32994
48623
4446
66046
55254
35566
32746
44648
81636
78501
31188
16511
71481
10111
40237
49139
89557
51296
61814
31735
90184
54599
85740
53872
13970
85097
13611
74450
13572
56920
54100
46919
25185
9199
51577
23753
13487
47248
45452
66706
51549
2938
26031
12776
33922
43077
262
43730
98491
22132
13182
99572
18909
50737
17645
73996
69498
46678
644
28107
73837
52994
4643
34761
51724
13856
48027
33712
38711
54027
7841
60709
80043
34330
21283
70881
53391
81491
97532
84701
76775
55065
32986
71503
1974
37613
59334
78918
57781
21120
32447
37399
83109
58997
81577
73820
52959
27697
95053
76459
91582
13275
13178
21905
58490
94216
45156
41785
82795
15442
47251
42909
83414
40573
85841
33330
65819
74186
46751
81442
81154
76832
57814
73259
17846
8456
71568
85898
18487
70558
30988
26610
40110
50067
88599
48164
94601
70129
60070
40979
69473
47253
99527
10268
49823
34667
85854
67472
70589
53148
80334
81459
49229
23942
61763
93149
77513
18499
94268
12891
73181
79255
45961
1615
50971
14917
59095
79108
95590
70478
26385
52741
20890
81411
60432
36395
99444
2836
85004
68974
22334
41387
82365
90437
50434
91636
60828
83383
81376
63983
21907
16811
87826
32076
32571
21811
65926
14376
56081
82282
48527
82358
80365
11428
89521
58876
88411
78362
78572
13869
75695
90531
94068
74486
91867
34260
72146
53438
69301
52363
65849
89396
2336
87994
46630
59747
81765
12918
60789
69025
82693
6427
17074
36738
60149
52074
36875
29679
12922
68067
61308
3379
89794
69027
38838
59612
8774
35362
5906
74187
55036
33000
2753
66685
14505
27257
3478
41904
42989
13003
50610
65576
80280
10627
13348
3513
28403
77871
32601
74277
12871
16485
35165
1117
99763
68028
72652
84798
16268
2178
85111
79204
61168
13228
45602
52978
75364
68073
11435
28903
2330
93249
14003
40420
54525
59039
78619
76407
66281
10764
83474
30323
78777
79350
47958
82162
2890
2379
82325
70366
21234
51944
98861
67513
30693
68644
89165
33618
72469
48469
66041
42469
82410
44072
45205
34845
16902
14919
55894
4511
9799
40431
56403
55485
25351
41176
89654
95043
2707
27905
60318
75224
83238
42325
66069
50437
86443
13721
3398
57550
26198
82922
98886
5719
11358
97994
55968
88053
22120
77119
29428
53787
22233
88091
2869
64825
58289
61060
74454
65037
14348
57197
92656
34167
31281
30727
21969
52106
72865
79013
16093
52692
21253
58194
65398
90808
99159
16030
84385
58874
51907
59295
8745
44886
79870
66405
56985
70815
20076
99236
13690
85721
40590
55037
46354
52889
11234
41972
21313
24383
86784
57513
97393
49062
72540
64556
47926
24877
13533
39749
37765
67323
11112
69380
21294
55665
83827
51669
30923
58275
62246
32110
16499
93987
88138
44382
74273
60895
31516
56796
79063
9419
98142
9328
39452
74583
34658
15578
9156
27083
22676
79646
30882
92525
93526
23720
66193
91119
82062
29459
78375
32791
38463
39314
42951
95451
56747
30285
30207
163
35725
10282
5165
72839
81480
37449
52755
3028
28929
53305
43301
27382
42892
39370
31016
94813
73053
79742
83365
67842
10009
2410
73230
98807
84495
26717
51915
36074
30049
56362
27108
24270
54338
4304
97248
63032
70131
45803
26671
28210
45918
65478
36334
27134
16721
51686
70827
49853
16192
5970
18951
57601
71951
27222
58795
25191
56216
56946
38794
90534
27036
20085
26140
2470
19304
9637
14621
76563
66428
99080
47436
37068
25055
37667
90823
15508
85849
75363
81455
45614
62350
56592
10716
44620
19523
37151
57782
63507
73882
34023
12743
70314
43591
38444
21145
98985
74617
34882
87501
35736
91445
33677
20607
77867
5683
54749
80995
62572
23070
87554
96741
55902
8054
80771
38970
6242
83049
70370
4023
24135
67350
93923
54252
61810
53906
42904
29689
77533
58836
42781
1926
11352
23980
57068
32029
50256
16655
64395
83995
76647
34551
66378
20602
21354
9256
7636
23827
36149
80767
6905
74140
82364
8261
2718
46897
48448
83063
671
4260
61675
22746
1227
58631
99988
42803
62540
94436
20378
70477
49288
27190
5362
74591
57592
26691
56162
92203
1353
35373
1541
62395
77349
77666
81560
99542
15279
24032
67076
30931
19060
67531
96636
54927
52571
83544
79490
98671
8027
80859
40935
83469
21709
36340
15537
82671
13642
6959
56534
37243
62874
55032
84470
68076
77073
34964
25422
93484
8084
92831
66497
36837
98834
35563
55131
8982
44020
67075
94071
57008
71981
38691
86381
41495
98532
91683
90457
45508
50798
62960
32302
49252
83185
72605
41238
18135
93144
24921
8909
31925
79333
91703
60575
82866
50513
15992
99646
45417
32368
45534
15600
24925
54800
42183
67990
94536
71722
69101
38469
92631
30080
64139
99657
89844
61115
27049
12196
56522
48314
17122
45927
88529
18381
33510
50439
47335
63493
50887
87705
58142
54868
88793
53447
89383
62906
52993
18018
5007
87689
94278
24897
23039
57788
65044
74855
85225
97570
35421
45735
68014
22289
31917
75513
44875
68755
73229
85460
49223
71742
32909
90135
85186
58930
58499
88248
88035
94930
80525
5872
13031
58460
13822
8404
27096
9906
54970
33835
45104
19383
72140
40778
94475
45234
88060
93602
33246
96995
50770
7449
83230
22930
68352
37414
45505
24271
7807
64449
87546
38600
68084
88619
91548
80935
49245
92187
5103
25081
59957
74072
89566
44818
5905
94781
70507
63719
83959
56897
40589
60893
70909
51954
48462
52973
6179
47679
77828
12423
72506
40156
88296
58501
2539
53207
90984
19814
44712
14115
68712
34822
98333
51182
22249
72077
89208
99562
93293
31512
83957
72581
10083
18672
53380
76819
72373
34531
53067
12023
91368
34559
68978
66184
52153
89191
21926
80563
26432
70440
54262
54164
37567
85802
23985
55501
11454
48983
98663
42084
66356
55435
10403
99713
65246
67096
80838
31256
65692
56718
34653
99797
5342
3762
79092
77108
34446
36727
74551
45318
23346
69483
61066
46671
99449
69241
84570
99173
57953
82933
81926
65
16106
44054
84007
52460
4757
95900
71581
58070
70839
32470
65186
90778
81326
60822
18963
56287
75965
7578
15363
71063
52980
57938
38820
43325
32263
97456
8973
41338
72813
30749
40793
90076
24452
82440
77838
88240
30269
84642
13798
84953
37454
58442
50655
19135
17839
33323
25630
3104
65639
82228
54574
47821
53975
25499
63375
84750
61746
10673
92915
95825
99941
88613
84511
59894
27312
53759
807
96875
63192
16543
23380
38343
76790
64868
52770
80547
7569
6381
97890
89401
71817
26997
7506
59305
774
26086
69180
31480
67088
16522
84518
2531
44449
1659
24262
14807
93555
13156
92224
24348
34864
65424
7107
71855
3457
97958
60400
12084
67316
64589
49578
90558
77322
92078
92554
1721
79438
33350
27001
4008
48214
11713
82051
86431
34681
42188
54665
43867
47990
47935
44006
84670
77327
25825
8823
21285
49334
44558
20856
72061
90398
59736
24115
71927
18865
98190
64802
50741
76204
88506
879
60199
69366
41515
85861
47327
80215
18922
2371
23582
80337
66945
93799
60259
83688
76450
55787
78409
87124
85746
82838
1010
25515
45088
13042
46608
31207
71081
28117
1526
14977
78787
85561
62452
33154
94097
24907
99251
25560
23105
69737
94366
45802
60815
38115
96969
41224
89479
54824
99166
7185
52344
6288
23732
78625
6173
39273
30746
18093
39814
13958
1476
5926
77081
42807
16338
34770
8534
19612
80314
39997
1823
23119
15614
86536
98303
55106
15941
12467
23188
54296
3683
20316
78977
89092
52962
50710
88458
37498
92179
78673
76711
99037
14506
12715
50264
91773
84341
37576
60703
77121
7457
63754
70842
1535
87593
40755
5633
70027
50465
57349
93306
92707
66499
42991
42217
30499
36032
46366
48031
22099
83557
71937
88394
65677
82386
98730
43278
24800
15201
31118
16948
84030
94749
82625
3866
92300
46516
9407
38321
25096
80414
89255
74076
25829
41976
70471
38317
81303
21250
74903
51275
95961
20335
24828
72176
43909
18881
73123
48969
53439
49941
71102
77040
43130
362
18656
61736
37787
18619
22232
18736
95837
60423
77505
65750
23410
48991
39881
47800
91656
12778
32180
29225
20748
15003
88153
57501
47527
34769
14075
25124
41580
80329
63529
70744
42465
40418
25973
71071
41062
29670
62900
46160
74356
49570
2981
79223
84249
53696
25940
77525
48413
83610
75172
19301
53752
43725
24558
77325
3053
5982
73972
67856
41130
65948
63661
31139
77811
74113
99224
51279
35259
8542
73175
97823
15747
95516
28314
57480
70876
99201
33332
75121
98995
95685
65418
68679
34079
84198
40236
3854
54941
71526
71447
32880
30866
98848
16895
33632
48450
72821
67189
52623
48206
69859
94131
63152
55851
59777
49142
78682
73868
53413
98383
85027
42973
74758
38735
49182
54340
8594
52001
36062
27998
71771
77872
62894
44322
95417
41947
9610
89755
25951
95495
82544
16312
18839
54781
23054
90492
59893
48455
97981
29562
79788
62789
14525
95533
55574
86920
86027
8663
3168
73614
76054
28332
54118
5743
61564
91701
38733
79986
13641
89429
49983
90106
15180
35960
27476
32505
78534
63290
7805
55960
56479
55107
25166
14623
19821
58703
9160
29963
87276
15789
68927
6932
92274
26219
3570
34212
98000
80779
87962
23698
10195
68730
96750
10174
66509
57444
94031
41881
53263
47499
18616
37770
94386
62909
83898
47382
29069
90739
95708
90060
42135
69576
41242
73014
3878
94445
10523
94869
18721
31857
79856
13731
28566
76720
13552
98012
98121
50270
62232
95304
19953
8787
20197
19908
17390
40412
37729
62959
91504
54088
3618
53530
68156
3501
79112
40104
24394
57213
98683
88742
97217
77564
27313
92044
83261
19582
79504
32078
76062
84464
31664
44030
32675
54213
73377
9546
2066
30957
22700
16683
12970
27675
70227
73182
47545
18295
7938
80678
29008
73025
42306
2797
20133
2118
87918
25230
97597
21784
17380
70664
8583
26224
75484
72351
24065
65623
84693
39515
23719
54171
50100
85397
68412
84436
92902
53567
69830
74804
36329
95810
59025
20171
36002
88490
75957
25633
89517
67656
69104
7675
27380
92504
95769
50894
28879
94882
85899
51245
34254
18834
91259
6166
15714
91025
28948
60010
201
13298
12369
44092
44994
98346
57947
63326
74929
84839
98516
66812
55402
87921
6336
31396
92679
76529
77534
79168
22394
47616
16738
17154
72096
66564
10718
138
95193
43063
91402
3062
31468
25375
6545
32850
85347
85368
14209
76140
81042
77134
99669
85552
18732
7496
24418
92221
38036
50738
43346
19877
23841
38392
62680
74102
38089
5189
40834
50012
50477
90675
77356
3430
91622
75333
21064
54509
4429
31991
12124
15414
80279
73941
44830
95577
91086
84714
47537
88023
96792
10887
26021
27013
51278
10991
92034
79809
16226
20785
66307
14043
35797
46650
69989
52495
908
76762
75948
93951
7787
92112
17624
67107
59442
48421
64254
17164
75623
49002
65151
64153
971
78166
20552
33765
16788
47295
58965
38273
32288
54221
76180
7357
58257
47723
37226
55620
51413
14653
83896
61612
89436
24997
64934
95822
6008
79104
23907
15167
21388
17847
68465
4556
48590
28955
63837
970
858
53840
70533
32797
33891
16178
16986
12029
94146
14142
94292
53616
57898
36903
19397
3056
98423
35830
56195
28501
94038
10690
71540
15824
57916
84671
48760
90618
17783
94250
83222
65417
84159
54192
43027
57682
46266
76427
78575
19950
30985
23591
12620
93740
79740
22747
18270
2463
6885
59586
25423
14211
63558
63389
12839
80272
38136
60309
92743
51323
1170
3090
59837
48466
75455
34541
20778
37516
83300
14241
95364
81848
29107
85406
42115
12194
71562
12449
57813
64906
3587
26676
13849
72615
25341
62372
82924
69407
64649
55160
97037
59579
7523
47011
98515
7465
18111
47261
76712
93366
57037
78895
83943
38003
53687
77917
84760
76165
41103
9100
62865
86631
12356
20841
93870
74667
38125
16924
22418
53159
50062
31539
32987
76215
55793
42890
79734
60857
17778
83895
94657
56370
50897
2968
46374
51354
30235
96903
82428
15188
7425
53343
31679
83031
88105
3958
58331
56868
74233
63968
23981
78076
77029
32249
51106
44587
61602
51130
57208
74370
99852
18375
19020
96487
15292
19452
35942
82290
2280
8328
17741
60352
73189
62481
35986
7629
54174
79038
87700
24883
30901
64092
73134
17418
2606
28182
51758
55012
49794
1449
46056
57033
50466
56240
57999
60925
34663
98860
80576
9513
49362
46290
8240
74770
8346
77684
18786
68373
36973
92164
71106
7290
33734
99292
40692
88914
87323
14842
56499
36873
51527
5376
87804
9884
44735
57760
32277
55270
10116
76115
64987
31990
75624
37701
87499
52944
7384
92575
99762
13723
25746
45096
71717
94568
33447
37421
73227
81228
40658
76225
1022
88959
71301
49891
94743
28539
87042
37811
47781
13088
61559
93185
56753
90278
48700
65135
71515
32561
61234
70963
80861
47501
79419
35445
7900
52815
23585
85434
5452
83027
62041
93633
89508
13358
34051
91839
57547
12476
35607
96323
36323
801
82851
4418
12942
61838
4367
54541
24305
47422
37009
35957
18063
35424
89483
11807
81041
6600
4638
66655
71778
35370
51808
72864
41219
92329
66937
9617
35703
47956
40194
59424
23419
34976
99421
53543
51429
39130
81566
89160
31727
93047
76857
10927
78743
28716
97274
83897
22936
7525
59746
66897
60373
55897
66727
25979
17276
73705
1719
57320
83934
87021
19931
85340
98870
20101
22966
24560
23868
33150
47094
25322
24256
16436
70706
44979
35505
88239
82379
99346
85098
82261
34238
79382
65510
14865
93113
93063
78698
55015
55447
49553
18973
86977
85970
52821
38955
34257
33113
23542
38642
5031
28362
95599
88719
79989
55538
88256
96171
16595
12046
65433
55705
17923
90575
58004
81382
46078
99109
26236
45449
22582
98145
89491
93353
84807
41635
1290
78906
28485
58023
88940
84481
28742
65952
23842
92635
16940
72356
85179
84804
2045
27192
31499
88241
84208
62950
11243
2305
51627
15019
86213
22788
258
51703
13140
61185
92622
27033
17709
93830
64552
16223
29698
58213
1386
96735
50281
90849
37435
76798
94632
42940
33037
90591
60421
16642
96040
99095
20542
77316
35787
37662
46641
14450
41723
44607
92242
63977
45381
99501
8934
79994
67701
1762
35940
74909
96590
98066
27582
30083
41690
17120
86180
14649
32912
4925
24530
19213
64658
4941
73214
40217
48464
56657
5164
30842
38863
65932
90656
82320
82766
42031
81717
2821
32632
9066
41487
68361
11743
78426
67764
81958
47714
49264
22680
49060
9102
41168
12510
99013
76522
70154
73525
3644
66713
77632
28201
13001
38400
19611
63508
26306
92762
30867
28984
87722
84844
95659
45225
61648
57196
96676
48990
95218
88128
75272
36705
28550
1915
88304
46398
39366
17108
50511
19058
71915
98872
55003
84050
26692
33365
88828
76653
18369
17907
19746
16408
18366
57555
33698
18089
20484
93083
7699
39205
53360
74175
72305
73290
4020
16658
90605
75185
45036
88947
20660
78709
97324
75950
9227
34621
51551
46915
18804
95543
62243
16666
84742
6710
27762
59658
87034
46506
26684
3065
57568
24016
7965
21762
79955
14065
89535
80549
41013
92773
97029
19333
57857
24296
6055
59390
74892
18942
66363
74995
84152
59145
30694
81482
89519
49274
38826
29071
70460
59712
19989
77527
68813
23569
78385
60072
82886
10576
56335
90268
68764
1199
71613
29583
80497
31966
16899
34035
42970
9953
74185
51628
9605
96647
88903
43218
95034
64640
40969
7557
81343
80358
26689
11912
41774
72494
38462
68661
53923
83150
85922
45838
1843
24184
59000
50103
89245
68814
87779
10471
78473
2089
35965
94106
29645
66828
66070
95119
2715
35111
46097
69829
54242
96268
88465
32287
57992
3039
53358
19501
17841
6233
85210
47472
92275
33303
6027
32480
71990
76827
17680
38403
80398
20142
37998
74729
48933
26322
2255
87648
78839
74149
30890
23619
90796
25836
28100
54938
16681
12120
38052
33643
90129
67989
9803
7301
74656
40368
53788
53398
9545
77575
16598
66068
69812
32321
68663
18517
35827
94918
7335
10452
38670
50302
40145
7851
11415
79587
60024
21405
26108
22083
13368
58426
90311
41428
44850
1298
14436
68710
62363
89777
24495
24432
35692
38415
3793
94614
42265
82046
32209
48879
20138
21081
19419
42692
36288
48470
39379
77537
29070
94248
85544
71958
74769
13331
68053
69288
7669
7631
12663
65609
26538
13336
55520
43008
95534
92496
31666
43356
67111
3440
6458
66030
42955
11066
87105
45035
27426
54966
46373
51068
74945
79068
59051
59032
57715
74106
34207
75773
25774
54330
88227
34865
83611
31685
87142
6865
41256
63759
51976
22745
61117
84257
20277
26081
47983
51537
79423
29207
68444
52372
76791
46316
37846
23429
65547
87287
39229
4595
39540
16426
79395
41514
34572
33351
70414
24670
59410
1046
36272
10050
66776
90059
68341
58471
14893
29219
16833
25287
11932
11571
9483
18827
12508
10324
85129
42096
83636
77567
95510
83967
54984
92602
5168
48432
26170
6823
2133
51422
28380
28812
38637
89637
71204
3701
27307
9158
85897
12702
28672
93632
86442
25167
49936
52339
67349
71473
7490
59844
71399
35863
56922
38344
65046
33839
16661
2326
49686
29465
95898
34506
87431
48211
12233
65273
89575
31789
26044
78817
55053
65264
4750
14182
28310
97050
6560
27866
99144
33043
18151
44774
18409
71776
47795
95574
45384
61885
95529
56398
25919
8356
32646
65289
66445
9878
73760
17618
71211
68343
5611
24974
44580
78099
17492
32378
10431
66274
28734
85503
71134
18498
18020
56483
1438
7920
46928
38673
72041
59094
85657
19855
8949
50132
99093
78798
31644
78564
25575
97076
15283
37179
85258
3059
32329
65729
46337
99753
87399
70614
56361
2988
4783
25880
6786
34112
29173
99321
49982
42296
98316
94364
31760
81663
2372
61899
26264
9496
61852
14294
28336
36279
8389
7744
82641
67243
53437
44921
42112
19440
9815
22424
17918
80813
84982
57894
63884
27437
76350
3438
70770
18453
30072
19755
52898
99375
55707
78343
98015
93322
1994
3988
34303
41936
33617
91359
47961
2207
43290
85781
41982
35339
4637
54362
34528
24058
2864
39648
95646
29341
51060
75743
1786
83673
86953
40201
50932
83348
17630
54273
88740
96751
74441
61779
30425
93539
56414
76426
93428
6323
42073
95419
54571
30465
20226
5891
62096
9829
17665
94563
13784
5689
12204
87249
58042
95736
10875
96129
38358
31813
48924
31989
9271
32111
16142
27205
77700
66494
72348
13128
25347
35623
95978
59972
25773
63220
37212
64459
3571
89691
45636
64046
56767
62691
52621
22626
94402
98614
48635
7394
64944
22392
55145
40598
62534
38915
54487
97914
56111
36763
43942
20587
24816
67033
18472
69909
33645
81728
2333
33256
61708
42351
10583
72409
87958
3465
84435
49474
22839
16110
51705
86177
15420
41309
71536
23432
90727
19389
61073
14213
46089
44297
43693
51939
5205
12566
5678
17279
81793
17383
23661
12998
16588
97123
70605
82789
59452
54500
77587
40914
14079
60286
31838
28669
44019
65083
48829
11969
98847
3071
33647
55424
15715
32847
85619
83337
23975
51417
36071
40221
83757
95015
50478
68983
66739
64146
57628
98072
80951
97121
24448
85330
21254
86558
50619
4353
80873
96338
52999
76637
19005
3697
17994
16630
49378
96788
88048
23151
99207
53917
72950
43443
76175
50946
28292
41544
31833
48721
18677
4013
89805
77403
51224
2486
66695
50073
70520
79246
64565
6780
7777
74476
64322
98182
23851
86290
79560
39303
89455
86657
87139
56396
80821
83687
43486
22836
76090
80763
75905
56740
49345
58772
67814
6835
69238
89643
79177
85326
49530
5550
41842
80781
92940
51103
41142
81026
60638
7769
54183
29340
90976
75767
12800
35021
76392
60860
23547
98459
30315
95130
27032
96219
79008
59551
95177
51301
64024
87660
48609
13562
9672
9893
44935
34527
52434
91441
18781
19708
59370
92254
55261
24993
82323
55116
56906
35822
45814
52840
38706
13191
68236
81040
29970
57512
25268
12301
80851
45521
76556
39294
59240
20377
84136
67728
11104
20249
59349
18339
37752
97855
92647
13277
41403
40006
66157
87497
19126
28119
28665
58302
44448
59898
90883
47601
21310
32476
89978
24169
99739
6244
74523
6696
2958
55328
10656
21156
73656
55780
23127
97278
16306
2420
7608
76288
58954
55736
44809
35625
15464
31998
16310
64127
5833
24122
15090
94616
95557
50592
73860
32540
18310
93857
14053
5841
89074
2636
90562
20729
53496
96674
21184
81381
55132
76528
41668
88403
46099
36677
55206
46148
94258
12578
62182
97627
4119
32055
51661
96782
61236
92759
60170
63606
81295
52283
12250
85556
21402
33789
9900
45240
3420
90888
86232
47561
61409
70310
37480
75288
46394
87212
29575
73338
9874
53332
26158
80866
43090
18737
63435
38055
55805
55039
16163
76134
70938
90299
98355
98752
54864
42
58464
42699
48575
91134
53941
97721
61516
62744
1822
1090
2078
78508
37581
99601
71983
59730
62039
42100
41575
82216
93401
42603
88397
44898
15809
69756
45416
83548
54685
1287
40698
36321
25323
6438
72032
26428
84041
15217
14234
12588
1283
34740
88341
81476
83256
82706
68083
91607
86476
37401
45507
62249
21433
1280
96463
96572
45666
22104
12773
77655
32563
88786
29073
60842
41689
78965
87622
15435
83425
20610
20018
13754
98726
42609
20334
63504
51437
86441
56048
2645
12565
28143
17842
40484
67251
43936
66761
70753
21399
68032
79883
73735
79450
21204
79559
17403
97131
38453
52681
82418
64651
44143
88477
26321
39865
1936
85166
25620
10467
35436
39434
62059
77628
50018
75586
74778
93075
496
2340
62224
43721
88659
77875
91221
24246
47706
12862
25997
7611
41879
31763
6227
33944
99679
80389
92821
99732
37027
1473
2770
93666
19783
1793
34501
63328
31140
74323
81943
16032
6591
83362
99934
66469
42491
52876
39188
64719
96027
79387
93550
14784
5580
39483
60169
32228
16410
36287
92171
77169
65195
85413
38866
98601
30253
49855
98912
50524
71023
25093
76567
34935
37607
34683
36653
3623
73274
88548
80706
53284
97796
18099
27517
572
57545
29106
20693
6553
88377
31067
2714
91253
59169
71693
33773
65310
86530
42448
39019
26574
96698
67689
46181
93656
73371
15724
21815
81330
17422
94653
4624
45530
33696
66750
32674
60141
92485
55061
63138
33971
76625
89987
12745
24231
16045
30628
77870
84918
85639
56313
30918
2319
66246
10869
79585
75361
87623
14039
7174
90595
23306
88101
27617
90068
36967
58457
45189
94311
53257
69117
53604
53536
91453
3310
41727
65024
97516
54759
56873
84737
39952
67940
26343
30326
73196
732
18954
48222
86548
48070
17265
61673
70403
5912
33515
8444
85599
96556
79600
76251
92897
44730
11712
57324
93006
16479
82495
24170
68893
77358
71238
40838
70213
91293
38157
86676
6506
19096
72745
31260
3498
24198
36430
41331
4374
91672
34741
45147
93077
57161
76873
74960
99898
8684
22187
604
84266
15148
30256
55018
61225
28105
46439
94624
46717
25797
3018
50105
45375
10072
20924
29771
88981
49067
85053
75982
884
98787
18836
11310
86411
26977
93206
55308
10435
36381
74645
2320
11106
83651
35240
70438
26543
29578
41756
23951
13966
13063
82638
31397
89046
14352
91654
6450
3072
86828
61530
83452
55999
47592
9848
66407
38420
42931
8796
31165
50707
51829
12798
84446
21261
60660
80701
28438
30789
44786
64039
58750
35916
13542
69224
59493
67085
83210
44022
98803
92627
88383
60613
11755
75090
165
32116
75230
53512
66632
49005
46815
64222
30714
1704
25313
86067
89381
69273
44530
6551
3412
58684
39802
52033
70569
26282
40867
92710
67605
89768
72786
88298
19701
60988
57392
52644
61758
66886
99391
93721
55941
64343
85940
63342
36950
79731
88067
94376
62310
51208
48366
63701
888
72102
36570
575
36098
37867
23682
30144
90577
28359
85256
3506
42967
42068
81680
61275
42676
61058
90174
95965
45172
57173
96531
9612
68004
33598
71917
19340
62421
82957
37624
58981
8853
19760
11055
3255
26451
46611
25526
10064
87376
75061
11738
59187
75280
32871
19032
55804
85287
66823
60082
6250
56874
55101
74292
62233
972
1571
78177
79552
54303
21229
6275
64406
11350
29368
389
98313
91757
92920
10109
63156
1772
31346
1882
11115
90102
62695
80026
13635
93001
31905
85647
13759
53266
19254
41348
69803
97524
60459
5878
55930
14388
54243
33730
77383
33225
7193
83161
72764
70032
93685
11699
85439
11669
36630
81445
74011
16002
52400
43940
99521
66093
56678
62256
69555
97602
33948
40343
40748
6272
5037
72596
73528
50706
84882
42857
90798
23588
14854
27314
15530
64008
51057
35028
10201
94354
66203
94546
92726
65918
91626
63384
39853
32154
75761
98596
620
39983
40385
2940
71173
74092
79990
92037
99984
94432
45833
9248
74271
26801
51367
52662
8876
57856
43071
57322
47705
69149
36256
5335
9909
17413
32217
16705
73576
18451
74771
93200
19138
15845
61920
71574
17362
4569
17128
54741
76811
82595
74422
1363
51952
6122
65220
79943
91463
34854
23653
49480
72837
27368
65098
41043
87817
20705
9854
41237
43681
61687
2697
29326
94393
5701
1953
73004
95448
75325
50241
41380
30099
25038
41078
32483
6030
61972
80103
69012
54053
33974
73002
90951
74801
89263
61141
81952
31944
80608
24607
71371
71925
28770
10148
83107
82054
72384
60225
84427
82007
36456
67789
98273
43416
14829
86753
23217
56545
87298
1662
27139
69623
50196
58963
33413
22058
81010
22163
84942
9037
2447
66040
98659
56105
7901
73052
34923
29085
2852
34762
59940
10550
91082
10639
65078
37125
16137
49396
9861
7933
42954
28477
19404
74981
41641
77179
34233
52219
27699
17662
21831
42642
18324
11916
86556
693
84021
64726
44163
87894
81277
77318
68393
73246
21137
8266
45917
29837
60383
64717
7592
16234
24023
88875
1653
11740
91151
9132
83334
35800
83963
33367
90227
57409
51175
91429
25208
95444
70821
34509
63074
34082
83221
9840
22415
92482
95857
77147
24251
19683
60329
7748
75939
83496
91307
87748
88584
35058
79816
80191
20253
83137
23952
15539
97853
51442
72732
23872
22499
78823
46185
56999
18961
75058
15557
6907
87050
23023
53618
16443
53013
8062
97475
54502
39421
52568
20881
29467
10124
41251
67548
37876
91080
23056
90537
3175
37838
26030
26583
98975
28882
65707
95690
7021
10347
93692
11144
43901
96729
8841
26421
35848
70705
5094
930
8674
91826
77024
22857
39605
39638
11954
80594
92064
96072
51160
79735
19856
25939
97874
23020
10899
19311
80152
49664
7329
77204
79152
87151
19795
77843
42667
34196
50529
34857
65010
37072
4062
74029
78231
24089
30538
3406
89629
23029
31601
11603
71612
14310
45891
51531
81395
9498
16886
64774
33265
22861
54016
58563
46191
34745
14697
64998
81628
16659
93386
3911
7353
28394
28595
69026
82401
48194
11421
89773
47828
75107
85698
11739
18138
87408
92102
37827
19183
61422
15357
66214
60691
35369
26917
16014
32357
85061
80896
71028
65744
90232
31194
6963
97091
44161
46192
57272
38004
90583
35601
44891
74728
8806
84962
46851
46905
17539
34442
62258
17530
68706
68071
79728
22180
75979
4454
41096
33216
17673
94676
90012
18004
65667
11324
26066
41112
15199
14814
26015
43701
81215
18831
78891
95163
10335
67706
81550
24646
59184
48747
98478
19380
76112
62238
78783
6148
20255
26313
39507
32848
99643
26414
78521
34017
83376
91716
8985
31297
11148
78161
78445
21428
78243
33390
99489
63096
52252
94575
70997
43759
50327
66827
63839
21207
33962
18725
53317
17090
74592
64749
32818
95899
98890
91209
47738
64908
76772
99842
41434
69670
81311
12047
21351
38800
85874
60618
7145
20061
4875
83860
88689
48626
11697
41516
58975
56629
93176
32985
96374
57911
10532
83327
32864
39850
58744
3773
38513
25736
11318
23671
35255
28140
87715
89142
26569
47902
62446
82678
83745
42633
99543
8301
48258
60964
45502
97313
73279
2792
69668
33366
8812
54399
52879
40117
10058
74791
62094
5334
56392
61312
13946
12920
9576
14263
12995
42594
15373
25754
81949
53678
80908
41855
51962
13117
9082
46498
47448
81342
97742
72071
2970
55781
46673
61818
17514
59104
72898
26618
66738
7212
80604
2973
19973
10773
602
91976
52516
43682
99155
75326
58967
46512
3970
87525
73186
5552
26220
10453
92412
73353
19893
94396
14787
86582
98399
47720
81651
59697
95550
82527
83116
94691
15629
96846
81659
33533
20640
27818
45854
32619
49191
76298
8530
17691
38496
51171
6424
65484
3649
99324
80453
12511
2530
30935
43766
34174
17713
94113
60327
3767
36817
32707
94418
37690
12902
69828
51518
57402
81465
20125
8215
30560
52117
67011
38914
44290
41962
74802
28115
19603
44461
40533
24610
85768
73469
88752
63586
68513
42186
33164
3718
43914
57435
80335
37568
72634
7057
24381
85408
26354
5895
74073
44619
72566
30689
76621
40448
42368
96459
47134
8233
63114
56464
5348
5318
65632
78402
22597
65130
40863
32997
39239
8739
10763
22847
81399
86112
19257
83463
74509
61296
39655
86837
93921
5937
74798
71821
21488
26941
86036
46010
35363
8127
33701
48328
56356
56086
77284
66085
88848
50365
77817
82147
11982
4958
19695
39246
39679
40770
83269
13107
66842
59255
10737
48190
12183
20261
93695
54120
30869
29205
9435
63862
51769
20798
40313
50440
86706
26119
73264
76412
45274
51472
99981
70482
49184
81211
76214
91768
86708
83420
84574
20606
88124
47197
47026
41290
8469
66544
30797
25262
48146
86653
63211
22795
5737
13079
57266
76141
48296
27069
82019
10858
63538
9448
76833
49999
43180
14349
39583
20850
64608
61221
92392
46730
39437
97187
99686
39609
61078
80108
91351
49359
55951
73255
72430
66874
71854
2460
10054
12996
57920
84630
66687
48910
41447
51288
81035
58153
93376
70225
63340
94915
40360
14947
93026
6513
65856
55043
8014
79373
28152
73304
5415
15922
87301
4891
61183
77755
68331
23927
34513
36174
40983
33074
6860
82879
78330
21248
51517
18477
8533
33214
54751
69159
86731
58250
64204
27630
11675
6367
39221
3043
37439
54638
7157
24212
69530
51104
2434
95968
4517
22430
6722
53020
15417
20762
64781
39146
27236
39909
66597
83818
74484
73979
17592
42143
83067
49459
50260
47741
68166
42551
11198
26686
83148
71349
20215
60388
18796
52028
4182
76077
82827
75393
40023
46304
39942
70442
41326
89217
12408
96159
89361
8255
27909
78561
67791
72752
41964
25108
70441
17082
87271
56805
51252
78349
52162
85089
30740
72594
3635
19727
24185
20746
6525
75216
2676
29950
66007
79111
20776
57447
80031
21838
26436
83870
35352
35103
34211
76784
68050
48172
66612
22301
58734
25994
21291
11637
25460
71624
20519
31588
4646
71866
93302
29203
23278
62970
40118
8154
2795
7971
15411
12787
34863
89784
42959
4670
26558
22440
34774
99101
49775
94661
56837
71479
50856
89049
28913
47876
37909
3551
86874
93137
59687
42269
92994
96990
37378
97253
90046
36747
93892
69497
21025
82278
16284
30478
46923
15063
36005
8643
18465
79528
3067
91549
18593
71741
50237
58123
86331
5438
4337
94759
73945
89716
12968
95431
58987
4778
32867
62610
55141
51890
56215
83660
2467
76334
10457
74184
24372
34746
50954
18147
10219
11
25714
38048
68837
21418
31844
51886
19595
70959
53230
70668
2455
68791
7386
68948
79295
55092
63629
3602
19673
65730
44408
84425
81927
16701
31379
58714
15249
32381
46727
38008
64083
81674
89229
76977
44764
35928
74324
72600
98295
87557
80551
37028
23874
81357
91709
7146
77988
96959
82231
84075
24917
80135
87296
45746
61566
51213
19638
6956
46139
25802
91527
30252
37814
81666
75554
73114
1890
67586
49406
92246
8086
98748
15586
17218
51651
60177
51494
9570
42049
19782
96981
58165
26528
40322
14886
51134
1559
78436
14180
98770
99038
33115
36833
30657
85314
39456
51395
47064
33192
238
39096
69919
3818
54370
33994
27160
86777
49815
6056
94283
50642
79029
95299
64448
70183
44086
56014
15257
19723
17215
97838
27569
99813
53978
55490
7302
15705
16502
5264
38239
46901
6447
61556
66492
56810
93937
41399
84315
55057
31298
38346
9168
55541
21868
99261
84331
72436
1837
89015
35364
32816
76075
93593
48932
44854
44439
87971
31441
17805
30093
13932
5178
41222
27526
1357
3353
37685
88203
21132
23743
26407
4035
12109
90942
66176
8101
28545
40648
3490
2407
41451
91862
21964
38370
48846
57116
40864
11248
34371
28200
37193
85944
33202
71001
21432
28038
62570
69200
41349
242
6174
99164
61574
33117
59853
52865
73177
57314
67820
68384
96812
95112
99777
82564
61126
69855
29398
7366
23018
76109
51451
37862
27929
15310
44437
54540
31670
95226
73423
74690
91718
61892
5499
2515
47763
30443
52492
34065
87490
46949
42972
77129
42182
61462
55601
72681
81322
18664
31508
61712
5898
25846
74195
88988
18407
43798
34365
68546
59381
11150
54275
54475
97455
25085
80723
73523
72587
92951
58298
3131
39750
83875
37795
28563
61465
91860
98717
93457
49325
6929
25638
69226
25870
1285
15615
26326
46828
46692
47282
92050
6146
6422
84861
61059
40520
71521
8223
22734
94298
37300
65337
58988
59445
31399
39234
90081
90701
13394
20915
63838
12735
80044
17563
64515
67231
28121
38635
87526
3607
83701
59651
28480
39002
55212
33518
306
44026
83368
83047
6425
12031
75568
821
68708
93242
9746
32211
99005
5232
67378
39697
72891
49157
20612
93859
72147
50315
33490
59716
51418
80959
17484
33308
19371
52030
71589
58391
46755
26662
87383
94921
99563
8825
92703
27919
84358
29590
64665
86102
13947
18144
41342
93512
23142
68433
25816
25521
83712
66006
40670
95718
68874
58710
90033
61454
93712
43900
90505
62685
89432
7908
21957
67863
6725
8476
97540
77830
69382
25788
66078
79505
15558
10295
26103
8785
74775
40413
54940
9825
91972
27647
11736
59984
23
92967
25273
33901
5276
43211
82514
75883
93355
99704
79801
20671
59859
79796
86046
23754
70616
11498
51431
94267
62761
23970
42201
41093
82182
46547
27338
74399
98964
38855
79485
27434
12055
77273
77131
60060
5268
49967
12191
79030
50572
5971
73829
71770
18332
93299
15281
82073
32683
57614
14140
72116
24876
50845
56560
9735
12239
54459
91514
62172
55264
73109
68676
20677
54787
38584
54922
72085
69647
12165
70127
93577
37047
21180
705
26153
35891
28962
23763
92476
22807
98329
48971
74389
96089
64655
44781
90091
68172
13827
46469
91894
85533
49460
49898
22202
69038
89568
65982
69872
16915
56702
69732
85083
82459
71781
59393
59803
24191
18681
65391
6065
32157
70879
93762
7342
1654
14088
617
17564
97952
98347
51927
6519
86527
93045
48128
40883
99455
70960
67685
30531
68040
51732
93506
57368
59306
21783
78968
38399
11052
74467
68606
99688
37652
8423
61423
50904
71050
41563
56889
71045
16838
19391
6501
60629
76994
52867
82997
84779
21459
89346
14344
44228
62214
67527
77195
28287
7231
74985
36100
36503
46196
33887
4829
41971
65995
51030
89168
26493
46492
289
8056
59909
82871
28213
59494
78174
95566
32801
86059
9946
99804
45687
37255
63708
2015
91187
37725
10098
56841
14163
33993
7580
66717
55876
33079
87116
89260
47886
40704
99419
95991
71256
10296
90353
60775
64375
65538
45975
32608
10304
14887
14625
54427
15328
67258
65416
96661
83097
2816
89103
42934
13176
63861
6908
22057
13471
76731
43295
84230
52164
9963
12533
41313
73781
11731
70099
78553
25832
83954
10477
49079
47049
30393
59501
33802
34404
63905
72138
45847
4245
69773
18926
18734
7985
41826
94990
38546
13511
63800
62440
85123
73501
33986
28166
39789
79171
64550
33827
7799
31224
75777
47728
39921
93074
5231
26877
1710
89529
92544
24515
98967
35232
6612
32525
77003
85505
90826
47305
71665
17208
93565
96786
40631
97363
31836
84947
52379
23798
31344
87229
96768
40528
25180
34539
29949
92103
81181
6490
72533
31546
22399
91277
36041
99615
29630
26629
81418
49752
60380
60086
10898
77174
64811
78657
7196
80384
40937
86812
59456
37199
53607
83324
8757
30615
40301
86393
91638
91172
71587
56091
29149
86826
47726
71252
93963
94047
28382
40610
82247
19561
23213
74412
39044
63466
56538
51584
43337
161
9120
67389
60689
40152
65550
27076
69343
58612
27228
77278
74449
32977
4264
80963
5174
20004
99823
27436
81988
7286
34757
1016
49090
14419
40248
68795
26700
80317
17086
71566
45206
28282
33473
65496
28874
60110
55375
8141
2943
58383
50912
74017
73599
52093
3462
58041
60176
70922
69435
98987
70747
82210
6231
64501
40223
88831
3226
4809
46109
53592
55895
80149
69950
70830
14682
29992
13130
35595
58170
47077
19443
89460
52653
5510
95693
78958
24660
1168
15265
75157
79927
32705
8413
35525
34392
61376
70489
94493
48587
13123
82644
98244
50047
64495
64101
29993
8
34188
92863
24657
24441
52929
69795
66449
89451
31814
83286
4812
18284
95087
7927
3851
57909
87199
48046
91407
95397
40028
69556
5504
52603
12504
89299
74421
96744
53823
69888
97164
40247
11520
96640
34447
20309
61477
577
72779
97109
34091
48986
57231
40159
81294
81883
24424
92000
10648
81768
34536
53594
71206
96157
31143
39407
89631
82449
91012
80598
12072
15796
24039
2614
57768
38649
64328
88043
74479
95724
20599
68011
92754
5311
75912
61835
93184
97369
87584
11062
99605
7163
93354
87482
58679
45880
9294
60831
80817
44076
33193
40432
39359
52384
56632
19411
74640
11970
85372
2350
80300
49923
88656
87036
64187
52170
94168
11380
63155
50813
89967
38473
55746
12293
56015
69463
92132
70663
80047
70169
6540
82607
66422
9776
77920
36894
76838
32100
32644
24629
56844
63849
93874
10301
17511
70262
328
66110
32824
31701
63682
44506
81025
97007
90315
38625
61741
70515
9995
92820
85276
56038
88708
65866
85881
4309
4201
43128
68318
63146
19518
30919
47442
65149
40605
28178
86428
5652
25937
22891
31031
74984
21257
68861
87717
81743
30731
43350
78634
36548
20684
73892
19132
90752
20893
59003
72261
2650
64226
11788
23657
63353
38409
96411
31369
77294
27662
70345
40638
60023
78554
78026
46558
45511
37180
56793
132
12958
42391
69323
65396
97791
46071
87265
51474
41186
29914
95198
31895
31270
33649
35909
78466
31055
62965
66765
68212
10852
81549
43776
9287
2070
54634
31228
15187
77769
93067
58486
58417
24276
72633
93591
63669
47278
13728
91717
82524
8126
59642
49113
46770
27010
85005
79532
1671
26106
51452
83084
72717
73482
43981
65651
42107
2474
7183
95219
93654
97067
20470
55067
48628
80485
21725
64611
81073
64457
17095
65016
10833
47624
47182
35079
25163
12899
77336
31035
56487
97503
33389
30516
20759
51102
37260
41541
19263
13167
8326
37249
93807
17195
67310
56949
19388
49158
99827
14361
97985
78524
47140
93437
32584
97568
60015
36719
14499
45642
24706
96339
40826
98830
94556
99271
38994
15776
23536
57002
3210
5440
1968
84060
7175
73549
52179
76639
102
55078
79557
1723
25046
23820
2176
93872
81616
24051
18918
92793
20992
31553
10733
18226
67895
407
40210
7237
65301
58308
61806
16707
47618
40051
71635
6074
91333
70669
39301
22783
83035
3372
58712
75817
81625
77886
8496
33231
41017
7438
44254
27178
63910
80582
31376
5644
36359
31696
567
6213
90766
61719
73988
14114
93890
23677
54680
27071
23532
31941
69063
50298
84211
51900
99405
71682
49471
38103
32259
67172
73102
15320
14837
18974
38550
97859
27446
68401
10485
27515
10094
86165
25710
27771
34431
3010
96312
31065
4356
71803
26632
11089
86062
39387
20816
70492
30735
86799
78706
66406
54143
29951
90242
84454
94639
98057
13481
52410
21913
72080
64928
53096
81481
26998
4830
45320
49642
70201
80973
38218
72109
89409
38434
72560
32356
44195
87820
51930
49514
91666
98945
50290
46882
86134
58405
17343
72108
67376
23103
90573
59570
67688
89220
22304
19081
38954
76386
1498
83642
46709
65854
31797
80316
82815
51941
76708
13555
48476
30484
59597
94215
18493
80561
62166
76942
95925
92349
4680
95946
34264
38352
17728
67848
64622
23610
74828
26753
48478
68416
77182
89159
46831
42028
72399
56973
81608
62850
76960
88468
34479
85674
31488
35261
95906
99514
44841
52806
64372
57718
82079
39100
20543
80987
87655
83998
80849
53684
61856
46984
20289
22764
35581
53069
84268
39142
51290
10511
53151
97765
74122
45912
41681
96529
4541
19171
1340
76476
72357
71377
45789
46768
76073
45781
77938
38570
25062
58566
88360
14223
17555
54667
71010
70390
84089
48558
16342
60371
87268
68121
47930
63635
35782
16154
25676
70362
38184
87103
14299
89615
36528
88725
43564
17183
60782
10146
9050
17331
49629
58618
9926
40245
28873
41209
94538
37123
8625
83802
45400
61729
5853
44225
81168
75411
48438
61773
92946
57414
43856
98388
66963
16466
69616
45362
10404
48416
5238
98192
28398
953
73333
36850
55598
78320
22384
98252
18181
13986
35394
78067
74757
63827
61923
88933
22742
28714
85805
89200
59836
3912
74947
58518
713
16931
46545
3704
27864
23587
27868
96482
52703
1242
31219
45572
80574
5980
62212
1025
82280
39959
51108
47137
20963
85182
32975
64155
85551
65108
93168
47865
2584
72492
72852
96653
13466
96883
53051
54744
26120
31885
85586
70769
10979
77317
68626
27615
54934
7838
36812
68869
92524
429
4651
72189
16272
26002
32255
5942
8860
92973
74019
2042
41888
16396
40673
97537
94001
61626
22471
74663
68327
52323
15099
8694
31572
28041
36610
49727
73502
58485
18552
30535
49860
34064
94907
52535
27939
83043
37965
76316
9329
26400
24496
3425
21553
18844
28524
25581
40987
82385
91072
61582
41344
13791
35742
36760
40195
39541
92177
71913
36103
80236
33127
32319
7567
64326
56852
56035
66237
61847
4358
63171
41553
77114
93518
57036
37259
53283
47033
87080
74054
65180
67878
30833
55146
46353
87977
7115
84055
67429
18513
39564
5569
45935
33999
96879
55075
58906
75050
924
37679
45668
4785
64844
6001
37928
22931
86445
66702
75690
13408
31311
41245
87135
10660
35448
10545
40791
67504
73131
44356
69237
72691
91279
21116
53959
26410
46162
31569
6171
85060
2560
65894
37834
70487
80418
21898
13858
81217
12658
93439
24129
5791
61200
64940
4277
77762
51925
1012
76385
37604
29230
52832
80436
28101
28266
83756
3283
64071
78478
59905
41122
62060
4150
43598
13525
74235
51655
72205
36204
7515
3669
39678
24141
47047
67325
93609
24681
47822
85103
76302
95752
88017
21320
61439
88863
9021
80446
84965
54929
16684
17784
41291
58156
41568
77790
86325
91061
58350
10721
65997
95951
71247
24195
61584
24752
18801
17036
39886
88888
46265
72331
54650
61283
36523
13286
6842
14540
2567
2249
98695
58376
60386
70272
74331
60074
9706
62433
97024
91090
28286
24781
5615
53339
71073
92167
32164
31913
77644
32275
53171
14773
77035
39992
66802
78091
38226
10610
4998
98023
70415
3678
81219
99215
94329
74730
49478
85753
93709
74786
97039
72263
72406
18403
76339
31580
64464
11980
51857
26498
35879
70500
44778
96646
22376
32901
27871
21996
71240
13513
21444
84205
9582
50901
98766
10065
51352
65505
22802
57553
13817
68265
81312
33195
32876
2392
11858
44235
97380
13061
91417
13308
49384
88580
85382
72278
51376
2752
86995
69133
25100
5528
89225
53145
39042
9198
94969
81596
3627
61377
2348
61256
30334
85573
57105
93719
28811
93669
21892
363
81182
27412
38026
97241
50412
22422
5693
99974
28925
67952
1303
44083
46826
35488
80962
73271
67456
43855
74841
92953
34089
54684
19904
27201
67955
57779
59685
69780
32713
72685
65154
82466
14864
10714
70
30993
33660
80040
6345
91631
23797
59204
45367
45394
16296
5263
59172
31853
57003
35314
69314
14642
72038
88238
20167
404
8187
14411
66198
97998
53376
10904
18640
14618
27480
75936
41442
34403
32047
15107
60256
68290
20151
31513
64016
74950
35431
71416
39400
22533
55360
50051
83253
90761
49405
32955
90799
6714
50011
99701
58404
11005
83938
17654
85925
72562
59702
14426
72801
53505
17065
16862
74059
17811
38944
73158
30880
46482
45526
86593
95826
25582
15226
65421
52448
83126
23909
74098
50728
63624
95767
67048
31495
55710
48036
33128
58161
97403
92752
98902
93164
60236
77282
45951
62716
31109
13596
33950
35188
32142
21420
78841
55916
64937
99229
28369
40271
35888
76217
43381
93414
78297
15295
6586
89915
28093
17118
99721
52830
57331
8083
87148
56232
2116
78040
87827
70220
49751
84991
68254
45991
76730
44780
43220
166
64832
933
39263
2064
62897
56845
59209
80955
1533
10437
63989
58643
42582
77600
5859
83891
70868
52727
40492
14128
3355
22145
38695
79028
97913
98418
59564
66778
9493
7998
85248
41123
5610
90063
51247
32332
63148
33045
53308
17350
57651
92463
3079
3315
59798
39849
87999
13638
78408
26792
29858
39091
38451
53425
19248
98741
96980
41163
14808
80952
68336
93578
95696
12197
97394
34338
76428
83397
61930
83290
29783
14738
87216
95645
60924
12314
16599
17187
57384
37627
62805
81915
4735
98858
68575
40482
92344
68804
65969
78756
59467
57089
6943
10317
92348
77859
81945
96096
15438
32890
47680
1508
39240
6875
34804
41835
55634
96004
64773
31979
25850
11609
86122
99150
65172
12359
43296
88198
39384
75117
65903
84728
85868
88579
60255
56982
63225
19366
25884
44646
69085
32659
46504
35162
70646
1275
41852
50200
29962
38305
40552
1550
14246
74988
45656
62885
68500
91426
26368
2982
52766
72583
969
19049
29669
18997
37677
10705
53786
34434
303
12849
81799
67396
29884
54950
12149
6281
85670
84480
23640
92613
41450
61295
91489
48799
81493
25980
23027
62157
71002
77215
61113
25111
47348
89598
10903
38188
90746
19580
18572
52002
7536
35765
76959
48487
46254
52751
59248
1269
44571
60044
63996
2668
72220
8397
49019
87728
9261
22782
1036
17822
62625
35853
69287
89680
22979
2960
49240
76486
55301
22357
91030
26973
39957
63404
96001
19197
91540
90919
53875
14165
22529
76932
80353
30646
39776
30606
86802
48495
52639
66757
43662
8341
55324
39011
77858
98922
8432
6891
99659
31890
39821
2626
34468
42746
70048
26167
22400
99471
88992
49963
33484
16532
6066
43993
87691
81338
57696
20113
4630
72434
19854
29079
18660
44621
77638
13372
54263
83234
45623
61357
1849
11091
1488
95046
35729
22243
10825
64697
94757
69356
18685
70164
17053
46014
64383
85915
40138
60367
48605
69106
70198
19078
10093
70357
73351
59002
38015
10964
80878
79069
45550
86081
19201
83015
31312
3050
89097
86658
88799
85962
29788
81778
94581
3187
73252
64021
83316
82739
96925
40445
99002
28952
42824
24717
76896
93391
78850
71756
12514
88692
32172
78482
94595
61341
89666
11206
11522
96392
58852
19024
35627
98900
5574
14086
98764
52634
77117
36632
6097
90347
46639
35647
87225
21322
65513
22594
21724
18757
56395
29668
36846
67578
83653
36666
99681
25608
62718
99873
56405
2439
91302
15728
85284
27521
53741
77806
63761
56375
6684
13152
10835
30698
76396
3648
86235
45073
58049
51400
90703
16141
5120
33673
63408
30291
67665
63062
42775
73703
30612
63085
96360
88366
83861
30282
36585
30273
55379
61102
74325
90284
47546
62121
93558
4253
6137
6077
7575
22193
66376
69223
48738
74314
46126
99472
75894
68030
96804
90412
3342
67178
76157
8521
48953
93961
18165
35068
8210
10558
82990
65397
74975
15939
99995
74042
85283
94732
26052
94122
32873
31267
30262
42833
51851
24119
83849
3029
63079
12108
62093
54331
85582
99385
39834
25458
13354
31162
7079
56971
69438
43690
37673
98159
2944
26123
32495
27781
40922
17631
99998
72347
11809
45061
70037
71931
22326
46412
20391
66590
57040
92949
82146
67894
87421
46944
10560
19901
94765
33083
5435
7010
76895
3540
96042
31959
24012
33550
15376
50665
52923
37150
8311
92256
44150
27113
85731
7008
95157
44166
97680
93867
23294
73944
79612
21527
55282
84143
97087
74475
73450
59403
57772
92847
33264
55829
57526
53551
65136
48148
90332
43851
33152
19524
87879
11499
27604
82197
92185
77241
58258
99774
81653
40150
58491
97955
83122
28744
70633
53819
58764
22179
26256
27318
44242
95611
52226
11171
18383
3375
64533
89512
35182
66455
19003
34578
50740
96561
82373
64519
73334
94067
53739
9767
23895
98649
55803
46644
42333
96278
61854
99714
85440
39537
53222
86952
54878
52661
9704
6863
67615
54058
25670
78871
91020
86358
3045
8465
90325
438
72858
28851
74539
14007
63417
89799
78480
64144
63275
98984
63842
63322
16031
50627
62313
77515
80557
54743
92355
2546
98804
52500
66868
86786
94238
9718
13733
45828
83964
84264
34617
45651
82774
23920
97402
80278
16508
21863
98306
48139
78505
80883
6888
93182
49287
13770
7850
54264
74677
1482
72404
38842
1185
97552
89369
24864
89340
56749
48098
73743
60065
40025
11210
61034
61129
91679
83054
18811
92675
38153
63712
99300
6373
354
67980
37135
76507
39022
13727
13409
76660
53697
98052
99433
81287
63043
42864
41918
94906
97505
79035
23770
41997
74519
28779
33825
64709
54553
13520
36068
88729
87430
40862
90367
80461
26757
83297
9133
41431
30061
65362
66465
50461
7576
85755
50811
82916
32001
8831
49705
34379
11354
84820
20297
45913
4095
34581
23787
48388
72385
21949
14253
12652
41430
29181
97493
69337
51077
23568
26991
71852
26293
18058
52512
43769
63509
46387
22546
12829
34925
52975
30331
88302
71895
60136
67046
33271
88516
42697
80569
10788
24776
69639
88033
73546
1711
50536
75148
84653
11935
803
22231
30738
90346
80443
53058
13730
44443
60807
28127
3973
39207
27561
75952
88265
22881
64168
47923
17620
71116
15924
95089
11199
11414
10787
45649
28245
72936
92075
5788
24459
2012
23779
67311
29530
88303
20558
9454
37571
22280
3424
42503
7765
7498
37342
64913
60402
9871
74255
31387
52807
28033
71056
2708
64741
68441
28370
12496
37026
98053
50589
4334
84283
36050
60443
43233
94117
52105
44078
23718
35789
71605
71686
60737
29938
9787
37507
25005
6474
69322
52689
63129
56496
39889
5927
43962
3334
91264
34011
87390
90
19298
57767
93496
23106
91749
32991
2079
77368
68992
96947
53040
15377
30795
90704
9302
62362
33808
74404
62038
75359
58288
4609
32099
55788
18400
21835
13612
90163
61565
89699
44910
73106
19749
4520
11139
46152
89125
86075
99491
66676
48196
73511
80276
34795
61682
19806
71969
39532
88734
45855
78251
12526
66697
93784
15173
79210
32858
58850
85494
79892
66679
8431
96629
36278
90587
91480
24334
30748
55058
1779
45571
47200
89785
56708
74352
59307
97920
39367
86882
52790
23266